original_cost_cr,cumulative_expenditure_cr,physical_progress_pct,expenditure_ratio_pct,expenditure_progress_gap_pct,progress_remaining_pct,project_age_months,planned_duration_months,months_to_original_target,project_age_ratio,original_cost_log_cr,is_mega_project,cost_overrun
265.91,120.19,60.0,45.19950359144071,-14.80049640855929,40.0,36.0,34.0,-2.0,1.0588235294117647,5.586911522924786,0.0,0
611.8,523.14,87.2,85.50833605753515,-1.6916639424648565,12.799999999999997,69.0,27.0,-42.0,2.5555555555555554,6.418038618426381,0.0,0
347.15,165.11,86.0,47.56157280714389,-38.43842719285611,14.0,39.0,32.0,-7.0,1.21875,5.852633421388556,0.0,0
1712.0,2602.19,97.0,151.99707943925233,54.99707943925233,3.0,111.0,99.0,-12.0,1.121212121212121,7.44600149832412,1.0,1
1413.0,7.64,1.28,0.5406935598018401,-0.7393064401981599,98.72,19.0,31.0,12.0,0.6129032258064516,7.254177846456518,1.0,0
911.66,352.16,61.0,38.62843603975167,-22.37156396024833,39.0,20.0,24.0,4.0,0.8333333333333334,6.8163634125517065,0.0,0
1216.9,1196.4,98.04,98.31539156874024,0.27539156874023263,1.9599999999999937,89.0,91.0,2.0,0.978021978021978,7.104883343093065,1.0,0
255.69,156.7,99.75,61.28514998631155,-38.46485001368845,0.25,100.0,49.0,-51.0,2.0408163265306123,5.5478691311385475,0.0,0
363.1,87.88,28.0,24.202698980996967,-3.797301019003033,72.0,,,10.0,,5.897428555181388,0.0,0
1305.0,874.24,81.0,66.99157088122605,-14.008429118773947,19.0,45.0,48.0,3.0,0.9375,7.174724309836376,1.0,1
861.37,316.6,48.1,36.7554012793573,-11.3445987206427,51.9,29.0,32.0,3.0,0.90625,6.759684412907734,0.0,0
320.47,141.4,72.5,44.12269479202421,-28.377305207975787,27.5,33.0,31.0,-2.0,1.064516129032258,5.772904226726582,0.0,0
322.45,198.0,82.0,61.40486897193364,-20.595131028066362,18.0,33.0,32.0,-1.0,1.03125,5.779044542489994,0.0,0
484.57,204.6,55.0,42.22300183667994,-12.776998163320059,45.0,33.0,27.0,-6.0,1.2222222222222223,6.185323458594698,0.0,0
480.0,501.81,78.7,104.54375,25.84375,21.299999999999997,92.0,38.0,-54.0,2.4210526315789473,6.175867270105761,0.0,1
499.0,201.99,49.33,40.478957915831664,-8.851042084168334,50.67,52.0,32.0,-20.0,1.625,6.214608098422191,0.0,0
500.48,380.97,78.0,76.12092391304348,-1.8790760869565162,22.0,63.0,57.0,-6.0,1.105263157894737,6.217563726247825,0.0,0
1507.0,34.69,10.0,2.3019243530192433,-7.698075646980756,90.0,7.0,26.0,19.0,0.2692307692307692,7.318539548567902,1.0,0
480.0,339.22,97.35,70.67083333333333,-26.67916666666666,2.6500000000000057,45.0,45.0,0.0,1.0,6.175867270105761,0.0,0
887.0,523.61,64.96,59.0315670800451,-5.9284329199548935,35.040000000000006,33.0,33.0,0.0,1.0,6.78897174299217,0.0,0
323.26,80.84,33.6,25.007733712800846,-8.592266287199156,66.4,28.0,31.0,3.0,0.9032258064516129,5.781545663121923,0.0,0
1207.0,268.02,35.0,22.20546810273405,-12.794531897265951,65.0,94.0,86.0,-8.0,1.0930232558139534,7.0967213784947605,1.0,0
2869.65,544.48,25.0,18.97374244245814,-6.026257557541861,75.0,20.0,36.0,16.0,0.5555555555555556,7.962293763946991,1.0,0
579.0,193.18,38.35,33.36442141623489,-4.985578583765111,61.65,21.0,25.0,4.0,0.84,6.363028103540465,0.0,0
1549.0,437.74,21.58,28.25952227243383,6.679522272433832,78.42,19.0,31.0,12.0,0.6129032258064516,7.346010209913293,1.0,0
328.3,130.5,58.0,39.75022844958879,-18.24977155041121,42.0,36.0,31.0,-5.0,1.1612903225806452,5.7969691893823185,0.0,0
159.77,92.47,89.0,57.87694811291231,-31.12305188708769,11.0,44.0,108.0,64.0,0.4074074074074074,5.079974772174869,0.0,0
289.46,105.61,3.4,36.48517929938506,33.08517929938506,96.6,40.0,96.0,56.0,0.4166666666666667,5.671465873179658,0.0,0
2310.12,113.45,10.36,4.911000294357003,-5.448999705642996,89.64,63.0,99.0,36.0,0.6363636363636364,7.74548753449964,1.0,0
2309.8,993.49,55.95,43.011949086501,-12.938050913499005,44.05,67.0,103.0,36.0,0.6504854368932039,7.745349063907111,1.0,0
5241.4,2905.11,37.32,55.426222001755264,18.106222001755263,62.68,63.0,99.0,36.0,0.6363636363636364,8.564534687725287,1.0,0
11816.4,6905.46,78.48,58.439626282116386,-20.040373717883618,21.519999999999996,120.0,84.0,-36.0,1.4285714285714286,9.377328300604933,1.0,0
335.97,90.88,42.47,27.050034229246656,-15.419965770753343,57.53,133.0,133.0,0.0,1.0,5.819993905618264,0.0,0
316.11,191.5,78.86,60.58017778621366,-18.27982221378634,21.14,128.0,128.0,0.0,1.0,5.759248716840184,0.0,0
459.49,275.97,96.15,60.06006659557336,-36.089933404426645,3.8499999999999943,116.0,104.0,-12.0,1.1153846153846154,6.132291139932975,0.0,0
410.26,187.54,54.6,45.71247501584361,-8.887524984156393,45.4,94.0,94.0,0.0,1.0,6.0192256178933725,0.0,0
329.21,62.03,2.01,18.84207648613347,16.832076486133474,97.99,38.0,74.0,36.0,0.5135135135135135,5.79972881570341,0.0,0
1725.04,16.71,40.34,0.9686731901868942,-39.37132680981311,59.66,41.0,125.0,84.0,0.328,7.453585046345869,1.0,0
4516.88,816.56,21.28,18.077965321195162,-3.2020346788048393,78.72,16.0,64.0,48.0,0.25,8.415798136250247,1.0,0
382.61,116.09,21.29,30.34160110817804,9.05160110817804,78.71000000000001,14.0,50.0,36.0,0.28,5.949626411491186,0.0,0
2415.91,2.25,0.01,0.09313260841670427,0.08313260841670428,99.99,6.0,78.0,72.0,0.07692307692307693,7.79024514376692,1.0,0
1859.19,0.45,0.0,0.02420408887741436,0.02420408887741436,100.0,15.0,51.0,36.0,0.29411764705882354,7.528433912027871,1.0,0
859.41,455.31,63.22,52.97936956749398,-10.240630432506016,36.78,43.0,79.0,36.0,0.5443037974683544,6.757409019827197,0.0,0
799.34,429.61,46.25,53.74559011184227,7.495590111842269,53.75,50.0,122.0,72.0,0.4098360655737705,6.685036637381008,0.0,0
908.47,283.86,22.38,31.245940977687763,8.865940977687764,77.62,50.0,86.0,36.0,0.5813953488372093,6.812862012257475,0.0,0
2660.0,9.36,16.72,0.3518796992481203,-16.36812030075188,83.28,24.0,96.0,72.0,0.25,7.886457270977689,1.0,0
973.5,440.75,24.75,45.27478171545968,20.52478171545968,75.25,67.0,139.0,72.0,0.48201438848920863,6.881924518947615,0.0,0
861.06,464.57,43.1,53.95326690358395,10.85326690358395,56.9,67.0,139.0,72.0,0.48201438848920863,6.759324873809783,0.0,0
2242.9,1326.95,87.0,59.16224530741451,-27.83775469258549,13.0,120.0,150.0,30.0,0.8,7.7159707023697575,1.0,0
7254.37,1700.48,38.86,23.440767427081884,-15.419232572918116,61.14,67.0,91.0,24.0,0.7362637362637363,8.889497163328688,1.0,0
778.8,605.0,68.91,77.68361581920904,8.773615819209041,31.090000000000003,56.0,92.0,36.0,0.6086956521739131,6.659037476548497,0.0,0
1020.42,85.45,21.74,8.374002861566806,-13.365997138433192,78.26,62.0,86.0,24.0,0.7209302325581395,6.928949094989139,1.0,0
713.35,236.58,10.19,33.16464568584846,22.974645685848465,89.81,64.0,76.0,12.0,0.8421052631578947,6.571373038311167,0.0,0
2898.28,186.16,26.86,6.423119919400472,-20.43688008059953,73.14,58.0,118.0,60.0,0.4915254237288136,7.972217709286943,1.0,0
5136.15,1324.96,43.57,25.796754378279452,-17.773245621720548,56.43,73.0,97.0,24.0,0.7525773195876289,8.544253729963092,1.0,0
510.85,488.71,77.19,95.66604678477047,18.476046784770475,22.810000000000002,195.0,75.0,-120.0,2.6,6.23803161336578,0.0,0
513.99,234.28,53.03,45.5806533201035,-7.4493466798965,46.97,91.0,91.0,0.0,1.0,6.2441474829994865,0.0,0
764.57,145.81,29.39,19.070850281857776,-10.319149718142224,70.61,67.0,127.0,60.0,0.5275590551181102,6.640620654418016,0.0,0
1230.27,657.71,82.42,53.46062246498736,-28.959377535012642,17.58,175.0,91.0,-84.0,1.9230769230769231,7.115801436009194,1.0,0
334.27,161.5,51.44,48.31423699404673,-3.1257630059532673,48.56,125.0,30.0,-95.0,4.166666666666667,5.81493617735479,0.0,0
4011.85,414.93,28.85,10.342610017822203,-18.5073899821778,71.15,38.0,86.0,48.0,0.4418604651162791,8.297256991048512,1.0,0
339.87,191.0,70.39,56.19795804278106,-14.19204195721894,29.61,181.0,38.0,-143.0,4.7631578947368425,5.831501172924694,0.0,0
230.41,22.02,21.47,9.556876871663556,-11.913123128336442,78.53,64.0,88.0,24.0,0.7272727272727273,5.44419102903758,0.0,0
222.82,140.72,54.26,63.15411542949466,8.894115429494661,45.74,70.0,94.0,24.0,0.7446808510638298,5.410842157389881,0.0,0
979.08,0.0,0.05,0.0,-0.05,99.95,27.0,159.0,132.0,0.16981132075471697,6.887634200985915,0.0,0
414.37,85.6,33.27,20.65786615826435,-12.612133841735652,66.72999999999999,73.0,109.0,36.0,0.6697247706422018,6.029169689286631,0.0,0
5850.83,20.32,4.16,0.3473011521442257,-3.8126988478557746,95.84,24.0,60.0,36.0,0.4,8.674509711820587,1.0,0
5940.47,255.01,23.0,4.292757980429158,-18.70724201957084,77.0,9.0,42.0,33.0,0.21428571428571427,8.68971185648734,1.0,0
869.44,325.4,75.15,37.4263894000736,-37.7236105999264,24.849999999999994,120.0,60.0,-60.0,2.0,6.768998830928092,0.0,0
998.71,517.68,50.0,51.834866978402125,1.8348669784021254,50.0,80.0,44.0,-36.0,1.8181818181818181,6.907465236924006,0.0,0
1729.68,920.75,48.52,53.232389806206925,4.712389806206922,51.48,64.0,52.0,-12.0,1.2307692307692308,7.456269673846386,1.0,0
371.04,148.08,58.2,39.909443725743856,-18.290556274256147,41.8,135.0,135.0,0.0,1.0,5.9190013753742665,0.0,0
366.94,35.57,41.29,9.693682890935849,-31.596317109064152,58.71,26.0,62.0,36.0,0.41935483870967744,5.907919881397637,0.0,0
314.09,16.38,17.78,5.215065745486962,-12.56493425451304,82.22,51.0,63.0,12.0,0.8095238095238095,5.752858312302793,0.0,0
399.2,99.3,67.13,24.874749498997996,-42.255250501001996,32.870000000000005,42.0,54.0,12.0,0.7777777777777778,5.991964422149633,0.0,0
220.62,0.0,11.2,0.0,-11.2,88.8,40.0,76.0,36.0,0.5263157894736842,5.400964203508179,0.0,0
206.88,27.19,2.02,13.142884764114463,11.122884764114463,97.98,44.0,104.0,60.0,0.4230769230769231,5.336960990140241,0.0,0
166.25,5.4,9.39,3.24812030075188,-6.14187969924812,90.61,44.0,68.0,24.0,0.6470588235294118,5.119489699008338,0.0,0
414.15,20.59,56.88,4.971628636967282,-51.90837136303272,43.12,79.0,79.0,0.0,1.0,6.02863990070804,0.0,0
25560.48,94.23,1.32,0.36865504873147925,-0.9513449512685208,98.68,13.0,85.0,72.0,0.15294117647058825,10.148841809788555,1.0,1
1604.69,74.71,0.3,4.655727897600159,4.355727897600159,99.7,10.0,58.0,48.0,0.1724137931034483,7.381308849722831,1.0,0
580.61,111.65,33.15,19.229775580854618,-13.92022441914538,66.85,73.0,97.0,24.0,0.7525773195876289,6.365800120019226,0.0,0
727.28,544.08,80.77,74.81025189748102,-5.959748102518972,19.230000000000004,127.0,115.0,-12.0,1.1043478260869566,6.590685589635764,0.0,0
822.88,631.34,37.01,76.72321602177718,39.71321602177718,62.99,73.0,85.0,12.0,0.8588235294117647,6.714024888236277,0.0,0
711.01,174.41,19.02,24.529894094316536,5.509894094316536,80.98,85.0,109.0,24.0,0.7798165137614679,6.568091956257167,0.0,0
228.64,149.21,69.33,65.25979706088174,-4.070202939118261,30.67,50.0,74.0,24.0,0.6756756756756757,5.436512865299436,0.0,0
319.04,98.84,20.75,30.980441323971913,10.230441323971913,79.25,67.0,67.0,0.0,1.0,5.768445987981924,0.0,0
402.27,67.74,24.17,16.839436199567455,-7.330563800432547,75.83,82.0,94.0,12.0,0.8723404255319149,5.999606312799605,0.0,0
361.87,88.69,12.2,24.50880150330229,12.308801503302291,87.8,45.0,45.0,0.0,1.0,5.894044643400399,0.0,0
335.75,45.04,9.56,13.414743112434845,3.8547431124348446,90.44,46.0,82.0,36.0,0.5609756097560976,5.819340815290474,0.0,0
309.58,51.32,8.44,16.57729827508237,8.13729827508237,91.56,59.0,59.0,0.0,1.0,5.738441517141043,0.0,0
198.71,22.77,2.82,11.458909969301997,8.638909969301997,97.18,38.0,50.0,12.0,0.76,5.296866314280722,0.0,0
360.81,0.02,5.17,0.005543083617416369,-5.1644569163825835,94.83,39.0,75.0,36.0,0.52,5.891119212159107,0.0,0
497.41,17.06,2.19,3.4297661888582853,1.2397661888582854,97.81,29.0,77.0,48.0,0.37662337662337664,6.211423031477417,0.0,0
184.71,15.35,12.62,8.310324292133615,-4.3096757078663845,87.38,60.0,96.0,36.0,0.625,5.224186317204961,0.0,0
1225.21,85.32,3.0,6.963704181324017,3.963704181324017,97.0,23.0,71.0,48.0,0.323943661971831,7.111683390571797,1.0,0
973.07,1.37,2.31,0.1407915155127586,-2.1692084844872417,97.69,31.0,79.0,48.0,0.3924050632911392,6.881483169643275,0.0,0
405.2,32.82,15.46,8.099703849950641,-7.3602961500493596,84.53999999999999,109.0,133.0,24.0,0.8195488721804511,6.0068456491462845,0.0,0
1024.91,211.13,27.92,20.599857548467668,-7.320142451532334,72.08,21.0,57.0,36.0,0.3684210526315789,6.933335302584907,1.0,0
319.75,194.87,79.83,60.94448788115715,-18.885512118842847,20.17,115.0,67.0,-48.0,1.7164179104477613,5.770662003495746,0.0,0
237.06,166.09,93.25,70.06243145195309,-23.18756854804691,6.75,88.0,28.0,-60.0,3.142857142857143,5.472522742739733,0.0,0
235.9,127.21,98.91,53.9253921153031,-44.9846078846969,1.0900000000000034,90.0,66.0,-24.0,1.3636363636363635,5.46763811116474,0.0,0
316.0,209.24,86.49,66.21518987341773,-20.274810126582267,13.510000000000005,88.0,64.0,-24.0,1.375,5.75890177387728,0.0,0
668.54,2.94,2.52,0.43976426242259253,-2.0802357375774077,97.48,18.0,54.0,36.0,0.3333333333333333,6.506590909425665,0.0,0
379.3,0.0,0.01,0.0,-0.01,99.99,26.0,74.0,48.0,0.35135135135135137,5.940960414934214,0.0,0
630.37,0.24,0.26,0.03807287783365325,-0.22192712216634675,99.74,21.0,69.0,48.0,0.30434782608695654,6.447892061532944,0.0,0
444.42,0.0,0.0,0.0,0.0,100.0,7.0,79.0,72.0,0.08860759493670886,6.099017657272704,0.0,0
2661.73,799.12,43.6,30.022579299928992,-13.57742070007101,56.4,199.0,120.0,-79.0,1.6583333333333334,7.887107191263239,1.0,0
836.42,835.34,89.9,99.87087826689941,9.970878266899405,10.099999999999994,67.0,43.0,-24.0,1.558139534883721,6.730325736748608,0.0,0
491.67,276.75,55.57,56.28775398132893,0.7177539813289329,44.43,57.0,45.0,-12.0,1.2666666666666666,6.199839578717014,0.0,0
5194.95,3489.68,58.78,67.1744675117181,8.394467511718105,41.22,61.0,97.0,36.0,0.6288659793814433,8.555634754957431,1.0,0
3504.21,955.87,55.65,27.277760179897893,-28.372239820102106,44.35,67.0,103.0,36.0,0.6504854368932039,8.162005712081882,1.0,0
8416.19,1769.22,55.98,21.02162617526458,-34.95837382473542,44.02,47.0,95.0,48.0,0.49473684210526314,9.038031322320233,1.0,0
2434.75,1995.95,76.34,81.9776157716398,5.637615771639801,23.659999999999997,94.0,106.0,12.0,0.8867924528301887,7.798009996305451,1.0,0
2838.86,1711.62,51.58,60.292511782898764,8.712511782898765,48.42,88.0,124.0,36.0,0.7096774193548387,7.951510034165527,1.0,0
479.15,281.62,67.35,58.77491391004905,-8.575086089950943,32.650000000000006,142.0,58.0,-84.0,2.4482758620689653,6.174098555083981,0.0,0
494.3,491.33,80.0,99.39915031357475,19.39915031357475,20.0,72.0,72.0,0.0,1.0,6.2051636395941925,0.0,0
3563.5,660.13,4.99,18.524764978251717,13.534764978251717,95.01,35.0,119.0,84.0,0.29411764705882354,8.178779070557683,1.0,0
5366.27,473.42,31.61,8.822142754650809,-22.78785724534919,68.39,24.0,108.0,84.0,0.2222222222222222,8.588074678345773,1.0,0
1561.85,278.91,28.9,17.85766879021673,-11.042331209783267,71.1,40.0,76.0,36.0,0.5263157894736842,7.354266356526303,1.0,0
978.44,249.93,14.49,25.543722660561706,11.053722660561705,85.51,35.0,83.0,48.0,0.42168674698795183,6.88698097976566,0.0,0
522.45,324.74,72.15,62.15714422432769,-9.992855775672318,27.849999999999994,41.0,44.0,3.0,0.9318181818181818,6.260441514765364,0.0,0
297.88,47.48,20.0,15.939304417886396,-4.060695582113604,80.0,51.0,39.0,-12.0,1.3076923076923077,5.700042155040478,0.0,0
384.32,286.03,75.0,74.42495836802664,-0.5750416319733631,25.0,120.0,120.0,0.0,1.0,5.954074157889423,0.0,0
607.04,197.43,71.0,32.5233921982077,-38.4766078017923,29.0,80.0,68.0,-12.0,1.1764705882352942,6.410240669275819,0.0,0
424.81,405.76,81.0,95.51564228714014,14.515642287140139,19.0,103.0,91.0,-12.0,1.1318681318681318,6.053993237387927,0.0,0
345.6,100.62,29.0,29.114583333333332,0.11458333333333215,71.0,56.0,56.0,0.0,1.0,5.848171377281505,0.0,0
484.5,477.14,97.0,98.48090815273478,1.4809081527347843,3.0,65.0,65.0,0.0,1.0,6.18517928773138,0.0,0
442.42,234.21,63.0,52.93838434067176,-10.06161565932824,37.0,103.0,91.0,-12.0,1.1318681318681318,6.0945174021640645,0.0,0
888.99,139.57,31.52,15.699839143297448,-15.820160856702552,68.48,64.0,64.0,0.0,1.0,6.791210226708006,0.0,0
570.11,88.17,17.09,15.465436494711545,-1.6245635052884548,82.91,55.0,55.0,0.0,1.0,6.347581835585807,0.0,0
502.68,83.16,27.52,16.543327763189307,-10.976672236810693,72.48,91.0,127.0,36.0,0.7165354330708661,6.221941145788984,0.0,0
535.18,5.71,14.61,1.0669307522702642,-13.543069247729735,85.39,94.0,106.0,12.0,0.8867924528301887,6.284469925591108,0.0,0
1210.12,615.85,45.43,50.891647109377594,5.461647109377594,54.57,71.0,107.0,36.0,0.6635514018691588,7.099300830303624,1.0,0
5365.88,622.69,18.47,11.604620304591233,-6.865379695408766,81.53,56.0,92.0,36.0,0.6086956521739131,8.588002013067168,1.0,0
384.57,360.66,97.55,93.78266635462985,-3.767333645370144,2.450000000000003,123.0,57.0,-66.0,2.1578947368421053,5.954722758879874,0.0,0
929.1,71.23,8.34,7.666559035625875,-0.6734409643741248,91.66,27.0,75.0,48.0,0.36,6.835292107248422,0.0,0
483.65,69.92,16.79,14.456735242427376,-2.333264757572623,83.21000000000001,71.0,71.0,0.0,1.0,6.183426980938617,0.0,0
389.1,132.48,22.13,34.04780262143407,11.917802621434074,77.87,38.0,62.0,24.0,0.6129032258064516,5.966403116512611,0.0,0
1193.55,11.35,0.22,0.9509446608855934,0.7309446608855934,99.78,16.0,148.0,132.0,0.10810810810810811,7.085524824408029,1.0,0
383.84,328.56,51.0,85.59816590245937,34.59816590245937,49.0,44.0,35.0,-9.0,1.2571428571428571,5.952827663493064,0.0,0
3335.85,2095.54,31.0,62.81877182727042,31.818771827270417,69.0,31.0,34.0,3.0,0.9117647058823529,8.112782527186678,1.0,0
1221.41,64.03,0.0,5.242301929736943,5.242301929736943,100.0,44.0,53.0,9.0,0.8301886792452831,7.108579599007067,1.0,0
480.68,2.62,1.2,0.5450611633519181,-0.6549388366480818,98.8,44.0,53.0,9.0,0.8301886792452831,6.177279993156192,0.0,0
27212.96,3450.52,2.1,12.679693792957474,10.579693792957475,97.9,110.0,158.0,48.0,0.6962025316455697,10.21148535591802,1.0,1
1813.0,1753.07,100.0,96.69442912300055,-3.305570876999454,0.0,44.0,26.0,-18.0,1.6923076923076923,7.503289630675082,1.0,0
218.03,169.95,100.0,77.94798880887951,-22.052011191120485,0.0,31.0,19.0,-12.0,1.631578947368421,5.389208706736104,0.0,0
17237.8,,95.01,,,4.989999999999995,116.0,52.0,-64.0,2.230769230769231,9.754917936226658,1.0,1
1686.22,618.64,43.2,36.6879766578501,-6.512023342149902,56.8,94.0,103.0,9.0,0.912621359223301,7.43083748305353,1.0,1
1799.64,1663.13,66.0,92.4145940299171,26.414594029917097,34.0,97.0,88.0,-9.0,1.1022727272727273,7.495897436244914,1.0,1
1581.0,600.47,36.0,37.98039215686275,1.9803921568627487,64.0,116.0,118.0,2.0,0.9830508474576272,7.366445148327599,1.0,0
502.0,406.86,59.54,81.04780876494024,21.507808764940243,40.46,85.0,454.0,369.0,0.18722466960352424,6.220590170099739,0.0,1
1938.85,96.6,3.47,4.982334889238467,1.5123348892384665,96.53,15.0,55.0,40.0,0.2727272727272727,7.570365929480431,1.0,0
1750.07,73.67,2.21,4.209545903878131,1.999545903878131,97.79,15.0,55.0,40.0,0.2727272727272727,7.467982308642697,1.0,0
10439.09,,94.1,,,5.900000000000006,84.0,58.0,-26.0,1.4482758620689655,9.253408482089126,1.0,1
29948.0,2547.19,9.15,8.505375985040738,-0.6446240149592626,90.85,16.0,68.0,52.0,0.23529411764705882,10.307251214004534,1.0,0
15530.0,4606.12,27.0,29.659497746297486,2.659497746297486,73.0,31.0,58.0,27.0,0.5344827586206896,9.65059330557001,1.0,1
9791.0,1556.39,18.7,15.896129098151365,-2.8038709018486347,81.3,18.0,60.0,42.0,0.3,9.189321004752108,1.0,0
339.35,370.0,51.86,109.03197288934727,57.17197288934727,48.14,60.0,57.0,-3.0,1.0526315789473684,5.829974499893961,0.0,0
687.97,1091.0,76.18,158.5824963297818,82.4024963297818,23.819999999999993,65.0,61.0,-4.0,1.0655737704918034,6.53519772870141,0.0,1
1810.56,1916.37,51.32,105.8440482502651,54.5240482502651,48.68,64.0,62.0,-2.0,1.032258064516129,7.501943631508949,1.0,1
2614.51,1075.31,33.56,41.12854798795949,7.568547987959491,66.44,38.0,63.0,25.0,0.6031746031746031,7.869214386164091,1.0,1
8112.12,8871.22,80.0,109.35760319127428,29.35760319127428,20.0,137.0,66.0,-71.0,2.0757575757575757,9.001237783361729,1.0,1
4287.59,3681.19,82.19,85.85685664907325,3.666856649073253,17.810000000000002,84.0,54.0,-30.0,1.5555555555555556,8.363713286569132,1.0,1
5281.94,1526.09,28.79,28.892603853887017,0.1026038538870182,71.21000000000001,61.0,60.0,-1.0,1.0166666666666666,8.572238039916403,1.0,0
4526.12,1516.68,32.82,33.509495992152225,0.6894959921522243,67.18,46.0,54.0,8.0,0.8518518518518519,8.417841254705579,1.0,0
18668.0,18630.0,88.7,99.79644311120634,11.09644311120634,11.299999999999997,100.0,64.0,-36.0,1.5625,9.834619673237327,1.0,1
14358.0,1777.92,10.88,12.382783117425825,1.5027831174258246,89.12,35.0,71.0,36.0,0.49295774647887325,9.572132202294377,1.0,0
20446.0,1617.84,6.0,7.912745769343636,1.912745769343636,94.0,16.0,64.0,48.0,0.25,9.925591451443054,1.0,0
6285.33,,97.57,,,2.430000000000007,270.0,84.0,-186.0,3.2142857142857144,8.746132713593306,1.0,1
11843.75,6222.91,48.2,52.54172031662269,4.341720316622684,51.8,43.0,57.0,14.0,0.7543859649122807,9.379640010418274,1.0,1
5748.04,4298.28,72.08,74.77818525967112,2.6981852596711207,27.92,84.0,60.0,-24.0,1.4,8.656788163330866,1.0,0
938.29,1620.15,96.32,172.67049632842725,76.35049632842725,3.680000000000007,60.0,38.0,-22.0,1.5789473684210527,6.845124270717886,0.0,1
17195.0,3131.62,18.4,18.2123873218959,-0.18761267810409876,81.6,24.0,71.0,47.0,0.3380281690140845,9.752432077616172,1.0,0
2978.0,7608.82,77.0,255.5010073875084,178.5010073875084,23.0,232.0,76.0,-156.0,3.0526315789473686,7.999342952713282,1.0,1
3860.35,5366.01,79.0,139.00319919178315,60.00319919178315,21.0,211.0,172.0,-39.0,1.2267441860465116,8.258772142246416,1.0,1
17673.0,1791.7,8.7,10.138063713008544,1.4380637130085443,91.3,38.0,77.0,39.0,0.4935064935064935,9.77984991207795,1.0,0
1381.84,1550.11,54.71,112.17724193828518,57.46724193828518,45.29,138.0,60.0,-78.0,2.3,7.231894634444255,1.0,1
1037.0,1129.14,96.0,108.88524590163935,12.885245901639351,4.0,81.0,55.0,-26.0,1.4727272727272727,6.945051063725834,1.0,1
370.0,101.75,24.39,27.500000000000004,3.110000000000003,75.61,21.0,30.0,9.0,0.7,5.916202062607435,0.0,0
1248.69,1198.74,97.52,95.9998077985729,-1.5201922014270934,2.480000000000004,30.0,24.0,-6.0,1.25,7.130650799539262,1.0,0
2886.0,519.48,20.2,18.0,-2.1999999999999993,79.8,12.0,33.0,21.0,0.36363636363636365,7.967973179662935,1.0,0
209.38,2.09,1.1,0.9981851179673321,-0.10181488203266797,98.9,7.0,30.0,23.0,0.23333333333333334,5.348915419311128,0.0,0
3751.82,2194.81,55.23,58.499874727465595,3.2698747274655986,44.77,27.0,24.0,-3.0,1.125,8.230262836354129,1.0,0
334.0,327.32,99.6,98.0,-1.5999999999999943,0.4000000000000057,32.0,24.0,-8.0,1.3333333333333333,5.814130531825066,0.0,0
679.0,291.97,48.0,43.00000000000001,-4.999999999999993,52.0,22.0,24.0,2.0,0.9166666666666666,6.522092798170152,0.0,0
329.0,23.03,8.1,7.000000000000001,-1.0999999999999988,91.9,17.0,21.0,4.0,0.8095238095238095,5.799092654460526,0.0,0
501.0,20.04,5.0,4.0,-1.0,95.0,16.0,24.0,8.0,0.6666666666666666,6.218600119691729,0.0,0
4766.0,1167.67,22.08,24.500000000000004,2.4200000000000053,77.92,17.0,24.0,7.0,0.7083333333333334,8.469472455204826,1.0,0
466.0,69.9,18.0,15.000000000000002,-2.9999999999999982,82.0,13.0,24.0,11.0,0.5416666666666666,6.1463292576688975,0.0,0
172.0,48.16,30.0,27.999999999999996,-2.0000000000000036,70.0,12.0,24.0,12.0,0.5,5.153291594497779,0.0,0
488.29,4.88,1.0,0.9994060906428557,-0.0005939093571443177,99.0,13.0,21.0,8.0,0.6190476190476191,6.192955360726739,0.0,0
4000.0,540.0,17.0,13.5,-3.5,83.0,,,7.0,,8.294299608857235,1.0,0
581.74,6.98,1.2,1.1998487296730498,-0.00015127032695017029,98.8,12.0,21.0,9.0,0.5714285714285714,6.367741117751471,0.0,0
319.42,46.31,15.0,14.49815290213512,-0.5018470978648804,85.0,18.0,18.0,0.0,1.0,5.769632635218568,0.0,0
4500.0,2352.01,58.0,52.26688888888889,-5.733111111111107,42.0,19.0,24.0,5.0,0.7916666666666666,8.412054873292933,1.0,0
218.6,3.28,1.5,1.5004574565416284,0.0004574565416284315,98.5,20.0,24.0,4.0,0.8333333333333334,5.391807709635375,0.0,0
1842.25,1648.05,95.4,89.4585425430859,-5.941457456914108,4.599999999999994,169.0,169.0,0.0,1.0,7.51928559686976,1.0,0
2889.39,2224.83,80.41,76.99998961718563,-3.410010382814363,19.590000000000003,27.0,24.0,-3.0,1.125,7.9691467200986885,1.0,0
1354.0,203.1,17.22,15.0,-2.219999999999999,82.78,14.0,29.0,15.0,0.4827586206896552,7.2115567333138015,1.0,0
288.0,14.4,6.0,5.0,-1.0,94.0,13.0,28.0,15.0,0.4642857142857143,5.666426688112432,0.0,0
3453.0,345.3,11.53,10.0,-1.5299999999999994,88.47,12.0,30.0,18.0,0.4,8.147288258706624,1.0,0
379.0,15.91,2.2,4.197889182058048,1.9978891820580476,97.8,6.0,24.0,18.0,0.25,5.940171252720432,0.0,0
173.14,1.73,1.0,0.9991914057987756,-0.0008085942012243663,99.0,7.0,24.0,17.0,0.2916666666666667,5.159859573400469,0.0,0
3674.0,1304.27,35.17,35.5,0.3299999999999983,64.83,17.0,24.0,7.0,0.7083333333333334,8.209308411646937,1.0,0
2708.0,1462.32,55.0,53.99999999999999,-1.000000000000007,45.0,19.0,24.0,5.0,0.7916666666666666,7.904334842085095,1.0,0
558.0,41.85,5.67,7.5,1.83,94.33,9.0,30.0,21.0,0.3,6.326149473155099,0.0,0
319.0,10.21,2.2,3.200626959247649,1.0006269592476489,97.8,5.0,29.0,24.0,0.1724137931034483,5.768320995793772,0.0,0
3125.32,260.79,16.0,8.344425530825644,-7.655574469174356,84.0,12.0,25.0,13.0,0.48,8.047611872984735,1.0,0
224.41,197.47,90.8,87.99518738024152,-2.8048126197584793,9.200000000000003,28.0,20.0,-8.0,1.4,5.4179209661938685,0.0,0
2000.0,1.0,5.0,0.05,-4.95,95.0,,,22.0,,7.601402334583733,1.0,0
5550.0,860.25,15.07,15.5,0.4299999999999997,84.93,12.0,24.0,12.0,0.5,8.621733370690162,1.0,0
4535.99,677.57,40.0,14.937643160588982,-25.062356839411017,60.0,19.0,31.0,12.0,0.6129032258064516,8.420019075561909,1.0,0
2722.5,5.4,0.5,0.19834710743801653,-0.30165289256198347,99.5,1.0,30.0,29.0,0.03333333333333333,7.909673096823729,1.0,0
3546.94,3529.2,99.68,99.49985057542557,-0.18014942457443794,0.3199999999999932,40.0,24.0,-16.0,1.6666666666666667,8.17412243235074,1.0,0
4754.42,8033.8,83.3,168.97539552668886,85.67539552668886,16.700000000000003,137.0,50.0,-87.0,2.74,8.467040299154506,1.0,1
5111.33,5577.75,98.87,109.12521789827696,10.255217898276953,1.1299999999999955,135.0,48.0,-87.0,2.8125,8.539410547964462,1.0,1
342.69,97.66,29.36,28.49805947065861,-0.8619405293413891,70.64,18.0,18.0,0.0,1.0,5.839740088291405,0.0,0
2368.0,28.41,1.8,1.1997466216216217,-0.6002533783783783,98.2,5.0,24.0,19.0,0.20833333333333334,7.7702232041587855,1.0,0
408.94,4.09,1.1,1.0001467207903358,-0.09985327920966425,98.9,16.0,18.0,2.0,0.8888888888888888,6.016010807525982,0.0,0
4546.26,4523.49,99.65,99.49914875084134,-0.15085124915866288,0.3499999999999943,50.0,17.0,-33.0,2.9411764705882355,8.422280132748876,1.0,0
331.0,195.29,49.0,59.0,10.0,51.0,39.0,27.0,-12.0,1.4444444444444444,5.805134968916488,0.0,0
2000.0,1640.0,83.79,82.0,-1.7900000000000063,16.209999999999994,25.0,18.0,-7.0,1.3888888888888888,7.601402334583733,1.0,0
24819.0,2258.53,8.2,9.1000040291712,0.9000040291712015,91.8,16.0,54.0,38.0,0.2962962962962963,10.119405058758598,1.0,0
5969.0,1193.8,21.69,20.0,-1.6900000000000013,78.31,16.0,24.0,8.0,0.6666666666666666,8.694502206386648,1.0,0
5357.0,1339.25,26.07,25.0,-1.0700000000000003,73.93,16.0,24.0,8.0,0.6666666666666666,8.586346050104554,1.0,0
1007.0,18.1,2.0,1.797418073485601,-0.2025819265143991,98.0,5.0,24.0,19.0,0.20833333333333334,6.915723448631314,1.0,0
2147.62,1825.47,87.32,84.99967405779422,-2.32032594220577,12.680000000000007,25.0,24.0,-1.0,1.0416666666666667,7.672581054575976,1.0,0
2227.0,957.61,36.57,43.0,6.43,63.43,19.0,24.0,5.0,0.7916666666666666,7.708859601047175,1.0,0
3251.0,1592.99,37.17,49.0,11.829999999999998,62.83,19.0,24.0,5.0,0.7916666666666666,8.087025470667701,1.0,0
5028.0,754.2,17.49,15.000000000000002,-2.4899999999999967,82.51,12.0,24.0,12.0,0.5,8.522976436171964,1.0,0
25000.0,227.05,1.0,0.9082,-0.09179999999999999,99.0,14.0,54.0,40.0,0.25925925925925924,10.12667110305036,1.0,0
2056.0,1706.48,71.69,83.0,11.310000000000002,28.310000000000002,27.0,24.0,-3.0,1.125,7.6290038896529575,1.0,0
5846.0,1461.5,27.54,25.0,-2.539999999999999,72.46000000000001,15.0,24.0,9.0,0.625,8.67368398817567,1.0,0
428.3,406.88,97.4,94.99883259397618,-2.4011674060238306,2.5999999999999943,28.0,19.0,-9.0,1.4736842105263157,6.062155975230515,0.0,0
2211.29,2122.84,97.68,96.00007235595513,-1.6799276440448807,2.319999999999993,29.0,18.0,-11.0,1.6111111111111112,7.70178345712311,1.0,0
1796.02,1724.17,98.47,95.99948775626108,-2.4705122437389235,1.5300000000000011,29.0,18.0,-11.0,1.6111111111111112,7.49388501638217,1.0,0
688.74,686.67,99.7,99.69945117170485,-0.0005488282951517931,0.29999999999999716,51.0,38.0,-13.0,1.3421052631578947,6.5363147149857745,0.0,0
2998.34,2278.73,68.21,75.99971984498089,7.789719844980894,31.790000000000006,27.0,24.0,-3.0,1.125,8.006147543446696,1.0,0
3279.0,1442.76,43.68,44.0,0.3200000000000003,56.32,19.0,24.0,5.0,0.7916666666666666,8.09559870137819,1.0,0
1382.0,511.34,39.59,37.0,-2.5900000000000034,60.41,19.0,24.0,5.0,0.7916666666666666,7.232010331664759,1.0,0
369.0,206.64,58.75,55.99999999999999,-2.750000000000007,41.25,19.0,18.0,-1.0,1.0555555555555556,5.91350300563827,0.0,0
2735.0,847.85,30.42,31.0,0.5799999999999983,69.58,16.0,24.0,8.0,0.6666666666666666,7.914252278742441,1.0,0
404.0,26.26,6.8,6.5,-0.2999999999999998,93.2,12.0,21.0,9.0,0.5714285714285714,6.003887067106539,0.0,0
548.0,117.82,17.28,21.5,4.219999999999999,82.72,14.0,23.0,9.0,0.6086956521739131,6.3080984415095305,0.0,0
212.81,5.32,3.0,2.4998825243174663,-0.5001174756825337,97.0,15.0,18.0,3.0,0.8333333333333334,5.365087770181889,0.0,0
644.0,161.57,17.0,25.088509316770185,8.088509316770185,83.0,24.0,42.0,18.0,0.5714285714285714,6.4692503167957724,0.0,0
209.88,0.0,70.0,0.0,-70.0,30.0,56.0,22.0,-34.0,2.5454545454545454,5.351289251314142,0.0,0
32850.0,,46.5,,,53.5,116.0,113.0,-3.0,1.0265486725663717,10.39973746484973,1.0,0
539.0,39.63,50.0,7.3525046382189245,-42.647495361781075,50.0,121.0,77.0,-44.0,1.5714285714285714,6.29156913955832,0.0,0
150.97,18.95,31.0,12.552162681327417,-18.447837318672583,69.0,76.0,48.0,-28.0,1.5833333333333333,5.023683132945513,0.0,0
13365.77,5068.37,49.79,37.92052384561458,-11.869476154385417,50.21,85.0,60.0,-25.0,1.4166666666666667,9.500527055269986,1.0,1
8399.81,89.43,2.12,1.0646669388950467,-1.0553330611049534,97.88,24.0,60.0,36.0,0.4,9.036083408753898,1.0,0
12014.91,17.31,0.0,0.14407099179269756,0.14407099179269756,100.0,2.0,35.0,33.0,0.05714285714285714,9.39398688396255,1.0,0
24948.65,,79.57,,,20.430000000000007,80.0,68.0,-12.0,1.1764705882352942,10.124615073025158,1.0,0
12020.32,8898.74,78.8,74.03080783207102,-4.769192167928978,21.200000000000003,84.0,60.0,-24.0,1.4,9.39443701903147,1.0,0
10773.0,,99.99,,,0.010000000000005116,136.0,40.0,-96.0,3.4,9.28489110324048,1.0,1
5452.72,92.12,0.0,1.689432063263839,1.689432063263839,100.0,32.0,48.0,16.0,0.6666666666666666,8.60405322362049,1.0,0
26405.14,,95.4,,,4.599999999999994,145.0,85.0,-60.0,1.7058823529411764,10.181351837850434,1.0,1
14788.1,,64.0,,,36.0,57.0,60.0,3.0,0.95,9.601645701926314,1.0,0
1957.05,641.83,30.85,32.79578958125751,1.9457895812575075,69.15,40.0,48.0,8.0,0.8333333333333334,7.579704359025902,1.0,0
6941.4,4250.95,57.85,61.2405278474083,3.3905278474083005,42.15,88.0,48.0,-40.0,1.8333333333333333,8.845402815044086,1.0,0
7500.8,4866.16,63.65,64.87521331058021,1.2252133105802088,36.35,88.0,48.0,-40.0,1.8333333333333333,8.922898270729009,1.0,0
910.18,263.93,40.04,28.997560922015424,-11.042439077984575,59.96,29.0,39.0,10.0,0.7435897435897436,6.814740462813949,0.0,1
2954.53,45.69,5.09,1.5464388582955664,-3.5435611417044335,94.91,18.0,54.0,36.0,0.3333333333333333,7.991433270779647,1.0,0
12200.1,79.3,7.26,0.6499946721748182,-6.610005327825181,92.74,18.0,60.0,42.0,0.3,9.409281390591252,1.0,0
3626.24,2.19,1.09,0.06039313448641017,-1.02960686551359,98.91,8.0,48.0,40.0,0.16666666666666666,8.19622730748249,1.0,0
9857.85,2.97,0.45,0.030128273406473016,-0.419871726593527,99.55,3.0,60.0,57.0,0.05,9.196124807934499,1.0,0
262.76,17.62,6.0,6.705739077485158,0.7057390774851582,94.0,95.0,51.0,-44.0,1.8627450980392157,5.5750395987634755,0.0,0
600.0,272.42,70.0,45.403333333333336,-24.596666666666664,30.0,95.0,63.0,-32.0,1.507936507936508,6.398594934535208,0.0,0
23136.0,,97.76,,,2.239999999999995,152.0,116.0,-36.0,1.3103448275862069,10.049188346707682,1.0,1
6708.0,1876.99,36.76,27.981365533691115,-8.778634466308883,63.24,39.0,60.0,21.0,0.65,8.811205187562887,1.0,0
6230.99,72.89,0.0,1.1697980577725209,1.1697980577725209,100.0,14.0,48.0,34.0,0.2916666666666667,8.737450982927987,1.0,0
63246.0,32503.4,51.86,51.39202479208171,-0.4679752079182862,48.14,17.0,58.0,41.0,0.29310344827586204,11.05480297463485,1.0,0
5801.05,0.0,0.0,0.0,0.0,100.0,6.0,67.0,61.0,0.08955223880597014,8.665966582362245,1.0,0
11076.48,9098.65,80.5,82.14387603281908,1.6438760328190796,19.5,82.0,60.0,-22.0,1.3666666666666667,9.312669497610493,1.0,1
8379.62,6069.78,68.6,72.43502688666072,3.835026886660728,31.400000000000006,82.0,60.0,-22.0,1.3666666666666667,9.033677176419515,1.0,0
172.22,88.86,82.0,51.59679479735222,-30.403205202647783,18.0,109.0,73.0,-36.0,1.4931506849315068,5.1545624629028985,0.0,0
158.78,93.35,84.0,58.792039299659905,-25.207960700340095,16.0,112.0,83.0,-29.0,1.3493975903614457,5.073797869053896,0.0,0
210.0,0.0,20.0,0.0,-20.0,80.0,67.0,43.0,-24.0,1.558139534883721,5.351858133476067,0.0,0
200.0,100.0,10.0,50.0,40.0,90.0,68.0,35.0,-33.0,1.9428571428571428,5.303304908059076,0.0,0
278.01,228.49,88.0,82.18769109024856,-5.812308909751437,12.0,108.0,78.0,-30.0,1.3846153846153846,5.6312476234729525,0.0,0
213.19,180.32,100.0,84.58182841596698,-15.418171584033018,0.0,108.0,72.0,-36.0,1.5,5.366863471583051,0.0,0
216.55,129.16,76.0,59.644423920572606,-16.355576079427394,24.0,109.0,73.0,-36.0,1.4931506849315068,5.382428709166689,0.0,0
159.31,87.5,67.0,54.92436130814136,-12.075638691858643,33.0,109.0,80.0,-29.0,1.3625,5.077109440701582,0.0,0
278.28,186.5,81.0,67.01882995544057,-13.981170044559434,19.0,109.0,73.0,-36.0,1.4931506849315068,5.63221486279678,0.0,0
162.73,79.5,80.0,48.85392982240521,-31.146070177594787,20.0,123.0,91.0,-32.0,1.3516483516483517,5.098218729651401,0.0,0
174.96,103.73,65.0,59.28783721993599,-5.712162780064013,35.0,112.0,76.0,-36.0,1.4736842105263157,5.170256696480519,0.0,0
287.17,252.5,99.0,87.92701187449941,-11.072988125500586,1.0,111.0,75.0,-36.0,1.48,5.663550583768322,0.0,0
362.31,332.05,100.0,91.64803621208357,-8.351963787916432,0.0,89.0,53.0,-36.0,1.679245283018868,5.895256464309389,0.0,0
402.01,357.68,90.0,88.97291112161389,-1.0270888783861096,10.0,118.0,82.0,-36.0,1.4390243902439024,5.998961375534605,0.0,1
194.2,136.56,75.0,70.31925849639548,-4.680741503604523,25.0,116.0,87.0,-29.0,1.3333333333333333,5.274024673978992,0.0,0
204.55,186.13,99.0,90.9948667807382,-8.005133219261793,1.0,112.0,76.0,-36.0,1.4736842105263157,5.325689313343887,0.0,0
235.95,220.77,95.0,93.56643356643357,-1.4335664335664262,5.0,108.0,72.0,-36.0,1.5,5.467849148413597,0.0,0
180.24,172.22,98.0,95.55037727474478,-2.4496227252552245,2.0,108.0,72.0,-36.0,1.5,5.199822119798937,0.0,0
258.53,161.02,58.0,62.28290720612696,4.282907206126957,42.0,112.0,81.0,-31.0,1.382716049382716,5.558872302860393,0.0,1
287.0,213.64,99.0,74.4390243902439,-24.5609756097561,1.0,112.0,83.0,-29.0,1.3493975903614457,5.662960480135946,0.0,0
561.74,485.91,93.0,86.50087228967138,-6.499127710328622,7.0,108.0,76.0,-32.0,1.4210526315789473,6.332817709748902,0.0,0
255.37,98.92,64.0,38.73595175627521,-25.264048243724787,36.0,83.0,88.0,5.0,0.9431818181818182,5.5466217135207465,0.0,0
1856.36,962.65,84.48,51.85685966084165,-32.623140339158354,15.519999999999996,174.0,103.0,-71.0,1.6893203883495145,7.526911403630313,1.0,0
4103.0,4840.66,92.1,117.97855227882037,25.87855227882038,7.900000000000006,107.0,68.0,-39.0,1.5735294117647058,8.319717386850606,1.0,1
1381.0,770.08,52.0,55.76249094858798,3.762490948587981,48.0,94.0,82.0,-12.0,1.146341463414634,7.231287004327616,1.0,1
483.0,446.12,92.05,92.36438923395444,0.3143892339544436,7.950000000000003,100.0,90.0,-10.0,1.1111111111111112,6.182084906716632,0.0,0
166.0,135.0,66.73,81.32530120481928,14.595301204819279,33.269999999999996,102.0,90.0,-12.0,1.1333333333333333,5.117993812416755,0.0,0
305.0,63.37,42.0,20.777049180327868,-21.222950819672132,58.0,78.0,93.0,15.0,0.8387096774193549,5.723585101952381,0.0,0
592.61,551.3,80.0,93.02914226894585,13.029142268945847,20.0,198.0,203.0,5.0,0.9753694581280788,6.386222538072459,0.0,0
153.71,137.84,97.6,89.67536269598595,-7.924637304014041,2.4000000000000057,82.0,54.0,-28.0,1.5185185185185186,5.041552396730977,0.0,0
499.21,449.39,98.2,90.02023196650708,-8.17976803349292,1.7999999999999972,44.0,24.0,-20.0,1.8333333333333333,6.21502801024688,0.0,0
1188.97,0.0,0.0,0.0,0.0,100.0,10.0,41.0,31.0,0.24390243902439024,7.081683375703762,1.0,0
333.49,321.76,99.5,96.48265315301808,-3.0173468469819227,0.5,198.0,192.0,-6.0,1.03125,5.81260698375519,0.0,1
373.0,27.63,10.0,7.407506702412868,-2.592493297587132,90.0,18.0,25.0,7.0,0.72,5.924255797414532,0.0,0
490.63,329.53,84.0,67.16466583780037,-16.83533416219963,16.0,63.0,51.0,-12.0,1.2352941176470589,6.197726401053676,0.0,0
392.51,335.33,97.1,85.43221828743216,-11.66778171256783,2.9000000000000057,90.0,61.0,-29.0,1.4754098360655739,5.975106480495164,0.0,1
166.66,122.26,81.0,73.3589343573743,-7.641065642625705,19.0,36.0,36.0,0.0,1.0,5.1219381192097115,0.0,0
251.98,223.21,85.0,88.58242717676006,3.5824271767600635,15.0,60.0,44.0,-16.0,1.3636363636363635,5.533310434219396,0.0,1
424.93,484.52,96.0,114.02348622125997,18.023486221259972,4.0,84.0,51.0,-33.0,1.6470588235294117,6.054275013518657,0.0,1
1006.45,672.46,85.0,66.81504297282528,-18.18495702717472,15.0,104.0,59.0,-45.0,1.7627118644067796,6.915177664797775,1.0,1
1527.0,9.8,0.0,0.641781270464964,0.641781270464964,100.0,10.0,41.0,31.0,0.24390243902439024,7.331714969726466,1.0,0
496.28,78.35,57.0,15.78745869267349,-41.21254130732651,43.0,27.0,38.0,11.0,0.7105263157894737,6.209153247739228,0.0,0
494.52,367.48,94.0,74.31044244924372,-19.689557550756277,6.0,198.0,150.0,-48.0,1.32,6.205607716224892,0.0,0
474.23,167.55,4.0,35.33095755224258,31.33095755224258,96.0,198.0,243.0,45.0,0.8148148148148148,6.163798897368869,0.0,0
275.63,262.53,98.0,95.24725175053513,-2.7527482494648723,2.0,198.0,195.0,-3.0,1.0153846153846153,5.622680873219159,0.0,0
1229.32,874.09,98.0,71.10353691471708,-26.896463085282917,2.0,89.0,29.0,-60.0,3.0689655172413794,7.115029577131668,1.0,0
198.97,42.55,40.0,21.38513343720159,-18.61486656279841,60.0,30.0,33.0,3.0,0.9090909090909091,5.298167355296911,0.0,0
618.34,543.74,98.5,87.93544004916389,-10.564559950836113,1.5,198.0,183.0,-15.0,1.0819672131147542,6.428654394910388,0.0,0
348.31,292.88,91.7,84.0860153311705,-7.613984668829502,8.299999999999997,77.0,44.0,-33.0,1.75,5.855959780088937,0.0,0
210.99,91.95,41.0,43.58026446751031,2.580264467510311,59.0,19.0,38.0,19.0,0.5,5.356539103748161,0.0,0
314.06,292.0,93.0,92.97586448449341,-0.024135515506586103,7.0,67.0,53.0,-14.0,1.2641509433962264,5.752763096877823,0.0,0
685.76,283.56,34.0,41.349743350443305,7.349743350443305,66.0,25.0,48.0,23.0,0.5208333333333334,6.5319848862090115,0.0,0
246.0,207.02,99.0,84.15447154471545,-14.845528455284551,1.0,69.0,27.0,-42.0,2.5555555555555554,5.5093883366279774,0.0,0
650.85,355.83,54.0,54.67158331412767,0.6715833141276732,46.0,69.0,87.0,18.0,0.7931034482758621,6.479814474108788,0.0,0
500.0,411.4,95.8,82.28,-13.519999999999996,4.200000000000003,93.0,57.0,-36.0,1.631578947368421,6.2166061010848646,0.0,0
906.47,571.72,96.5,63.07103379041777,-33.42896620958223,3.5,,,-19.0,,6.810660507741344,0.0,0
156.36,95.86,70.6,61.307239703248904,-9.29276029675109,29.400000000000006,36.0,52.0,16.0,0.6923076923076923,5.058536174080804,0.0,0
384.04,212.07,80.1,55.22081033225705,-24.879189667742942,19.900000000000006,36.0,52.0,16.0,0.6923076923076923,5.953347224994854,0.0,0
356.86,63.42,65.0,17.771675166732052,-47.22832483326795,35.0,34.0,38.0,4.0,0.8947368421052632,5.880141848463716,0.0,0
281.35,265.21,79.0,94.26337302292517,15.263373022925165,21.0,105.0,95.0,-10.0,1.105263157894737,5.643147436118846,0.0,1
225.71,19.82,31.0,8.781179389482078,-22.218820610517923,69.0,20.0,51.0,31.0,0.39215686274509803,5.423671667700738,0.0,0
2658.34,2310.2,97.2,86.90385729440176,-10.296142705598243,2.799999999999997,78.0,34.0,-44.0,2.2941176470588234,7.885833250688059,1.0,1
10228.0,,92.1,,,7.900000000000006,86.0,66.0,-20.0,1.303030303030303,9.232982102457008,1.0,1
9028.0,7132.48,90.8,79.00398759415152,-11.796012405848472,9.200000000000003,51.0,36.0,-15.0,1.4166666666666667,9.10819689830748,1.0,0
10088.0,8213.84,94.9,81.42188739095955,-13.478112609040451,5.099999999999994,87.0,36.0,-51.0,2.4166666666666665,9.219201000408379,1.0,0
678.0,1087.93,81.6,160.46165191740414,78.86165191740415,18.400000000000006,160.0,51.0,-109.0,3.1372549019607843,6.520621127558696,0.0,1
43129.0,,91.6,,,8.400000000000006,101.0,60.0,-41.0,1.6833333333333333,10.671974089641889,1.0,1
461.05,216.91,86.1,47.04695803058237,-39.05304196941763,13.900000000000006,27.0,36.0,9.0,0.75,6.135673110334049,0.0,0
829.0,350.21,75.3,42.24487334137515,-33.05512665862485,24.700000000000003,50.0,52.0,2.0,0.9615384615384616,6.721425700790643,0.0,0
656.0,537.17,96.6,81.88567073170732,-14.714329268292673,3.4000000000000057,45.0,39.0,-6.0,1.1538461538461537,6.48768401848461,0.0,0
980.45,289.03,75.0,29.479320720077514,-45.52067927992249,25.0,42.0,50.0,8.0,0.84,6.889031069983857,0.0,0
34012.0,,96.5,,,3.5,120.0,51.0,-69.0,2.3529411764705883,10.434498083461216,1.0,0
258.34,1.54,8.9,0.5961136486800341,-8.303886351319965,91.1,6.0,30.0,24.0,0.2,5.5581399421207385,0.0,0
160.0,132.39,91.1,82.74374999999999,-8.356250000000003,8.900000000000006,54.0,33.0,-21.0,1.6363636363636365,5.081404364984463,0.0,1
12366.0,,84.0,,,16.0,68.0,48.0,-20.0,1.4166666666666667,9.422786913742057,1.0,1
682.9,597.74,94.3,87.52965295065164,-6.770347049348359,5.700000000000003,98.0,25.0,-73.0,3.92,6.527811708104051,0.0,1
412.3,462.41,94.7,112.15377152558817,17.453771525588166,5.299999999999997,58.0,29.0,-29.0,2.0,6.024173721517687,0.0,1
430.76,346.88,91.6,80.52743987371159,-11.072560126288408,8.400000000000006,63.0,39.0,-24.0,1.6153846153846154,6.067869878310387,0.0,0
635.28,412.7,56.5,64.96348066994081,8.463480669940807,43.5,39.0,36.0,-3.0,1.0833333333333333,6.455638718030159,0.0,0
277.0,226.36,80.8,81.71841155234657,0.9184115523465692,19.200000000000003,47.0,53.0,6.0,0.8867924528301887,5.627621113690637,0.0,1
768.0,180.91,54.1,23.555989583333332,-30.54401041666667,45.9,45.0,45.0,0.0,1.0,6.645090969505644,0.0,0
481.03,230.22,52.5,47.8598008440222,-4.640199155977797,47.5,38.0,39.0,1.0,0.9743589743589743,6.178006352777631,0.0,0
198.7,90.21,54.8,45.40010065425264,-9.399899345747357,45.2,30.0,32.0,2.0,0.9375,5.296816240421769,0.0,0
370.0,280.44,73.4,75.79459459459459,2.3945945945945795,26.599999999999994,55.0,35.0,-20.0,1.5714285714285714,5.916202062607435,0.0,0
293.5,97.24,99.0,33.13117546848382,-65.86882453151618,1.0,35.0,20.0,-15.0,1.75,5.685279003091641,0.0,0
340.15,162.23,48.0,47.69366455975305,-0.30633544024694714,52.0,29.0,41.0,12.0,0.7073170731707317,5.832322263261433,0.0,0
14810.0,12666.9,90.5,85.52937204591493,-4.970627954085074,9.5,74.0,39.0,-35.0,1.8974358974358974,9.603125426926972,1.0,1
389.35,111.81,58.4,28.71709259021446,-29.68290740978554,41.6,50.0,39.0,-11.0,1.2820512820512822,5.9670437725663,0.0,0
3638.0,465.62,33.2,12.798790544255084,-20.40120945574492,66.8,39.0,87.0,48.0,0.4482758620689655,8.19946419761216,1.0,0
3919.0,503.73,30.0,12.853534064812452,-17.14646593518755,70.0,39.0,90.0,51.0,0.43333333333333335,8.273846932784508,1.0,0
557.04,7.8,2.2,1.4002585092632487,-0.7997414907367515,97.8,45.0,96.0,51.0,0.46875,6.324430644399907,0.0,0
885.63,944.4,86.7,106.63595406659665,19.93595406659665,13.299999999999997,55.0,67.0,12.0,0.8208955223880597,6.787427758869102,0.0,1
631.03,603.43,89.8,95.62619843747524,5.826198437475242,10.200000000000003,59.0,47.0,-12.0,1.2553191489361701,6.448936861374701,0.0,1
18936.0,,87.8,,,12.200000000000003,66.0,47.0,-19.0,1.4042553191489362,9.848872959262906,1.0,0
328.29,188.4,82.1,57.38828474824088,-24.711715251759117,17.900000000000006,50.0,43.0,-7.0,1.1627906976744187,5.796938821475121,0.0,1
621.4,191.64,35.7,30.8400386224654,-4.859961377534603,64.3,50.0,34.0,-16.0,1.4705882352941178,6.433582972864182,0.0,1
249.43,210.5,96.9,84.39241470552861,-12.507585294471397,3.0999999999999943,46.0,33.0,-13.0,1.393939393939394,5.523179440356211,0.0,0
173.03,160.52,93.4,92.7700398774779,-0.6299601225221068,6.599999999999994,56.0,48.0,-8.0,1.1666666666666667,5.159227698146083,0.0,0
1487.41,940.5,63.0,63.23071648032486,0.23071648032485825,37.0,43.0,55.0,12.0,0.7818181818181819,7.305463715073923,1.0,0
837.34,415.09,64.4,49.572455633315016,-14.82754436668499,35.599999999999994,40.0,45.0,5.0,0.8888888888888888,6.731423746120393,0.0,0
2281.94,1879.93,64.9,82.38297238314767,17.48297238314767,35.099999999999994,81.0,42.0,-39.0,1.9285714285714286,7.733219364975503,1.0,1
1459.0,1517.82,84.3,104.03152844413981,19.731528444139812,15.700000000000003,48.0,36.0,-12.0,1.3333333333333333,7.286191714702382,1.0,1
359.0,9.17,30.6,2.554317548746518,-28.045682451253484,69.4,10.0,22.0,12.0,0.45454545454545453,5.886104031450156,0.0,0
34627.0,,92.8,,,7.200000000000003,61.0,43.0,-18.0,1.4186046511627908,10.452417882335665,1.0,0
165.13,174.74,85.2,105.81965723975051,20.61965723975051,14.799999999999997,63.0,30.0,-33.0,2.1,5.1127706143983875,0.0,1
538.0,4.32,0.6,0.8029739776951674,0.20297397769516745,99.4,48.0,120.0,72.0,0.4,6.289715570908998,0.0,0
431.0,258.33,63.9,59.93735498839907,-3.9626450116009266,36.1,76.0,50.0,-26.0,1.52,6.068425588244111,0.0,0
202.07,64.35,50.8,31.84540010887316,-18.954599891126836,49.2,37.0,36.0,-1.0,1.0277777777777777,5.313550747188626,0.0,0
385.0,260.92,80.2,67.77142857142857,-12.42857142857143,19.799999999999997,29.0,25.0,-4.0,1.16,5.955837369464831,0.0,0
364.0,65.73,42.9,18.057692307692307,-24.842307692307692,57.1,24.0,34.0,10.0,0.7058823529411765,5.8998973535824915,0.0,0
463.0,299.46,83.0,64.67818574514038,-18.321814254859618,17.0,50.0,47.0,-3.0,1.0638297872340425,6.139884552226255,0.0,1
1130.0,250.7,34.1,22.1858407079646,-11.9141592920354,65.9,18.0,47.0,29.0,0.3829787234042553,7.030857476116121,1.0,0
4460.0,802.13,28.5,17.984977578475338,-10.515022421524662,71.5,27.0,46.0,19.0,0.5869565217391305,8.403128235128264,1.0,0
1792.0,468.1,61.4,26.12165178571429,-35.278348214285714,38.6,22.0,32.0,10.0,0.6875,7.491645473605133,1.0,0
43367.0,4552.5,23.3,10.497613392671848,-12.802386607328152,76.7,34.0,60.0,26.0,0.5666666666666667,10.677477120940175,1.0,0
8797.0,7920.66,90.0,90.03819483914971,0.03819483914971045,10.0,59.0,48.0,-11.0,1.2291666666666667,9.082279701908664,1.0,1
4679.0,252.41,9.9,5.394528745458431,-4.505471254541569,90.1,15.0,39.0,24.0,0.38461538461538464,8.451053388911692,1.0,0
13626.0,41.13,3.8,0.30184940554821665,-3.4981505944517832,96.2,10.0,52.0,42.0,0.19230769230769232,9.51980839774982,1.0,0
844.0,0.0,0.0,0.0,0.0,100.0,9.0,33.0,24.0,0.2727272727272727,6.739336627357174,0.0,0
260.2,0.0,0.0,0.0,0.0,100.0,11.0,24.0,13.0,0.4583333333333333,5.565286397402276,0.0,0
240.0,139.9,80.4,58.291666666666664,-22.10833333333334,19.599999999999994,21.0,22.0,1.0,0.9545454545454546,5.484796933490655,0.0,0
865.0,78.67,3.4,9.094797687861272,5.694797687861271,96.6,48.0,114.0,66.0,0.42105263157894735,6.763884908562435,0.0,0
341.43,301.94,70.1,88.43393960694725,18.333939606947254,29.900000000000006,47.0,52.0,5.0,0.9038461538461539,5.836067257251887,0.0,1
165.0,99.04,94.8,60.02424242424242,-34.775757575757574,5.200000000000003,43.0,36.0,-7.0,1.1944444444444444,5.111987788356544,0.0,0
2585.0,1205.5,79.1,46.63442940038684,-32.46557059961315,20.900000000000006,34.0,36.0,2.0,0.9444444444444444,7.857867559331803,1.0,0
2212.0,481.17,31.2,21.75271247739602,-9.447287522603979,68.8,18.0,36.0,18.0,0.5,7.70210434005105,1.0,0
9265.0,6739.27,87.4,72.73901780895845,-14.660982191041555,12.599999999999994,71.0,47.0,-24.0,1.5106382978723405,9.134107065976593,1.0,0
680.0,7.64,23.0,1.1235294117647059,-21.876470588235293,77.0,15.0,60.0,45.0,0.25,6.523562306149512,0.0,0
1377.0,365.39,35.6,26.535221496005807,-9.064778503994194,64.4,45.0,96.0,51.0,0.46875,7.228388451573604,1.0,0
7844.25,6969.7,98.8,88.85106925454951,-9.948930745450483,1.2000000000000028,69.0,35.0,-34.0,1.9714285714285715,8.967663532090862,1.0,1
7392.0,6349.0,90.2,85.89015151515152,-4.309848484848487,9.799999999999997,176.0,155.0,-21.0,1.135483870967742,8.9082888855571,1.0,0
521.9,288.9,45.6,55.355432075110166,9.755432075110164,54.4,32.0,36.0,4.0,0.8888888888888888,6.259390241194085,0.0,0
2915.0,4623.3,96.5,158.60377358490567,62.10377358490567,3.5,201.0,42.0,-159.0,4.785714285714286,7.977968093128549,1.0,1
5535.0,4224.31,47.0,76.31996386630534,29.319963866305343,53.0,242.0,305.0,63.0,0.7934426229508197,8.619027497297505,1.0,0
1030.65,915.3,93.5,88.80803376509968,-4.69196623490032,6.5,72.0,32.0,-40.0,2.25,6.938914741231239,1.0,1
227.62,25.76,40.1,11.317107459801425,-28.782892540198574,59.9,31.0,51.0,20.0,0.6078431372549019,5.432061236597632,0.0,0
13805.0,8386.06,93.5,60.746541108294096,-32.753458891705904,6.5,68.0,42.0,-26.0,1.619047619047619,9.53285855926342,1.0,0
514.91,22.08,5.9,4.288128022372842,-1.6118719776271586,94.1,49.0,96.0,47.0,0.5104166666666666,6.245932331664218,0.0,0
393.54,214.0,76.7,54.37820806017177,-22.32179193982823,23.299999999999997,59.0,59.0,0.0,1.0,5.9777205293157225,0.0,0
3190.69,3123.2,90.0,97.88478354211783,7.88478354211783,10.0,123.0,28.0,-95.0,4.392857142857143,8.068305836058975,1.0,1
1486.4,394.85,50.7,26.564181916038756,-24.135818083961247,49.3,18.0,17.0,-1.0,1.0588235294117647,7.3047849082692,1.0,0
4144.41,5632.94,98.7,135.91657196078572,37.216571960785714,1.2999999999999972,45.0,40.0,-5.0,1.125,8.329756977032337,1.0,1
2329.45,1613.16,86.4,69.25068149133917,-17.14931850866084,13.599999999999994,45.0,47.0,2.0,0.9574468085106383,7.7538166609591705,1.0,1
2379.84,2653.0,95.2,111.47808256017211,16.27808256017211,4.799999999999997,21.0,20.0,-1.0,1.05,7.7752086455729055,1.0,1
6183.79,1555.0,36.4,25.146390805638614,-11.253609194361385,63.6,34.0,47.0,13.0,0.723404255319149,8.7298483311378,1.0,0
1421.46,1249.81,95.7,87.92438760148016,-7.77561239851984,4.299999999999997,70.0,33.0,-37.0,2.121212121212121,7.260143046097217,1.0,0
151.0,8.89,2.0,5.887417218543047,3.887417218543047,98.0,48.0,138.0,90.0,0.34782608695652173,5.0238805208462765,0.0,0
31580.0,1544.96,10.2,4.892210259658011,-5.307789740341988,89.8,54.0,45.0,-9.0,1.2,10.360310952919434,1.0,1
205.0,87.72,66.2,42.79024390243902,-23.40975609756098,33.8,26.0,20.0,-6.0,1.3,5.327876168789581,0.0,0
3685.0,280.64,25.3,7.6157394843962,-17.6842605156038,74.7,39.0,87.0,48.0,0.4482758620689655,8.212297138229768,1.0,0
215.0,45.41,24.1,21.120930232558138,-2.979069767441864,75.9,12.0,30.0,18.0,0.4,5.375278407684165,0.0,0
209.33,78.98,68.2,37.72990015764582,-30.47009984235418,31.799999999999997,48.0,26.0,-22.0,1.8461538461538463,5.348677725886986,0.0,0
202.0,124.96,50.0,61.86138613861386,11.86138613861386,50.0,6.0,24.0,18.0,0.25,5.313205979041787,0.0,0
260.12,19.19,52.2,7.377364293403045,-44.822635706596955,47.8,47.0,62.0,15.0,0.7580645161290323,5.564980071775742,0.0,0
16654.0,697.88,17.6,4.190464753212442,-13.40953524678756,82.4,39.0,90.0,51.0,0.43333333333333335,9.72046575062778,1.0,0
1740.0,2351.6,94.5,135.1494252873563,40.64942528735631,5.5,108.0,45.0,-63.0,2.4,7.462214939768189,1.0,1
267.0,1.77,10.3,0.6629213483146068,-9.637078651685394,89.7,18.0,54.0,36.0,0.3333333333333333,5.5909869805108565,0.0,0
1010.0,808.43,94.2,80.04257425742574,-14.157425742574262,5.799999999999997,40.0,36.0,-4.0,1.1111111111111112,6.918695219020472,1.0,1
2628.0,567.65,35.4,21.600076103500758,-13.79992389649924,64.6,45.0,96.0,51.0,0.46875,7.874358824729881,1.0,0
609.0,62.42,2.8,10.2495894909688,7.4495894909688,97.2,48.0,111.0,63.0,0.43243243243243246,6.413458957167357,0.0,0
1017.0,224.72,43.5,22.09636184857424,-21.40363815142576,56.5,39.0,87.0,48.0,0.4482758620689655,6.925595197110468,1.0,0
1264.0,0.0,0.0,0.0,0.0,100.0,,,-18.0,,7.142827401161621,1.0,0
250.0,100.21,32.0,40.083999999999996,8.083999999999996,68.0,84.0,79.0,-5.0,1.0632911392405062,5.5254529391317835,0.0,1
325.0,167.49,54.0,51.535384615384615,-2.464615384615385,46.0,37.0,46.0,9.0,0.8043478260869565,5.786897381366708,0.0,0
325.0,311.5,75.0,95.84615384615385,20.846153846153854,25.0,29.0,31.0,2.0,0.9354838709677419,5.786897381366708,0.0,0
325.0,25.0,52.0,7.6923076923076925,-44.30769230769231,48.0,73.0,85.0,12.0,0.8588235294117647,5.786897381366708,0.0,0
358.19,0.0,0.0,0.0,0.0,100.0,6.0,12.0,6.0,0.5,5.883851496396862,0.0,0
4441.0,24.68,61.0,0.5557306912857465,-60.444269308714254,39.0,113.0,128.0,15.0,0.8828125,8.398860004454372,1.0,0
1195.0,775.6,93.7,64.90376569037657,-28.79623430962343,6.299999999999997,86.0,86.0,0.0,1.0,7.086737934510577,1.0,0
325.0,438.34,38.0,134.87384615384613,96.87384615384613,62.0,42.0,42.0,0.0,1.0,5.786897381366708,0.0,1
325.0,928.64,68.0,285.7353846153846,217.7353846153846,32.0,47.0,29.0,-18.0,1.6206896551724137,5.786897381366708,0.0,1
1299.0,651.42,57.2,50.147806004618936,-7.052193995381067,42.8,85.0,94.0,9.0,0.9042553191489362,7.170119543449628,1.0,1
1828.0,1545.05,75.0,84.52133479212253,9.52133479212253,25.0,86.0,83.0,-3.0,1.036144578313253,7.511524648390866,1.0,1
250.0,269.0,30.0,107.60000000000001,77.60000000000001,70.0,30.0,35.0,5.0,0.8571428571428571,5.5254529391317835,0.0,1
250.0,63.0,48.0,25.2,-22.8,52.0,93.0,87.0,-6.0,1.0689655172413792,5.5254529391317835,0.0,1
325.0,168.0,71.0,51.69230769230769,-19.307692307692307,29.0,51.0,28.0,-23.0,1.8214285714285714,5.786897381366708,0.0,0
325.0,72.41,43.0,22.28,-20.72,57.0,31.0,32.0,1.0,0.96875,5.786897381366708,0.0,0
325.0,0.0,0.0,0.0,0.0,100.0,76.0,109.0,33.0,0.6972477064220184,5.786897381366708,0.0,1
250.0,658.21,92.0,263.28400000000005,171.28400000000005,8.0,89.0,98.0,9.0,0.9081632653061225,5.5254529391317835,0.0,1
1264.0,485.02,48.0,38.37183544303797,-9.628164556962027,52.0,87.0,44.0,-43.0,1.9772727272727273,7.142827401161621,1.0,1
1028.0,989.98,87.07,96.30155642023347,9.231556420233474,12.930000000000007,87.0,90.0,3.0,0.9666666666666667,6.9363427358340495,1.0,1
325.0,264.0,35.0,81.23076923076923,46.230769230769226,65.0,41.0,50.0,9.0,0.82,5.786897381366708,0.0,0
325.0,319.08,78.0,98.17846153846153,20.178461538461534,22.0,55.0,64.0,9.0,0.859375,5.786897381366708,0.0,1
384.27,253.37,80.0,65.93540999817837,-14.064590001821628,20.0,61.0,56.0,-5.0,1.0892857142857142,5.953944387194059,0.0,0
143.23,130.08,98.0,90.81896250785452,-7.181037492145478,2.0,99.0,88.0,-11.0,1.125,4.971409247595418,0.0,1
558.12,55.81,20.0,9.999641654124561,-10.000358345875439,80.0,45.0,45.0,0.0,1.0,6.326364119168874,0.0,0
205.87,51.73,30.0,25.127507650459023,-4.872492349540977,70.0,43.0,38.0,-5.0,1.131578947368421,5.332090576654958,0.0,0
278.0,68.23,23.0,24.5431654676259,1.5431654676259008,77.0,133.0,143.0,10.0,0.9300699300699301,5.631211781821365,0.0,0
150.92,6.76,10.0,4.479194275112643,-5.520805724887357,90.0,80.0,91.0,11.0,0.8791208791208791,5.02335406650403,0.0,0
429.25,323.98,74.0,75.47582993593478,1.475829935934783,26.0,94.0,88.0,-6.0,1.0681818181818181,6.064366435091649,0.0,0
194.93,114.39,65.5,58.682604011696505,-6.817395988303495,34.5,149.0,142.0,-7.0,1.0492957746478873,5.277757452582676,0.0,1
260.13,210.12,89.0,80.77499711682621,-8.225002883173786,11.0,207.0,200.0,-7.0,1.035,5.565018367611075,0.0,0
164.6,16.4,7.2,9.963547995139733,2.7635479951397324,92.8,183.0,198.0,15.0,0.9242424242424242,5.109575241951159,0.0,0
152.95,127.22,100.0,83.17750898986598,-16.822491010134016,0.0,133.0,124.0,-9.0,1.0725806451612903,5.0366278743705095,0.0,1
102.4,334.82,84.0,326.97265625,242.97265625,16.0,61.0,44.0,-17.0,1.3863636363636365,4.638604962074329,0.0,1
693.0,58.0,11.0,8.369408369408369,-2.6305916305916313,89.0,79.0,82.0,3.0,0.9634146341463414,6.542471960506805,0.0,0
177.0,383.41,100.0,216.61581920903959,116.61581920903959,0.0,98.0,66.0,-32.0,1.4848484848484849,5.181783550292085,0.0,1
4243.64,1428.0,48.6,33.65035676918871,-14.94964323081129,51.4,41.0,53.0,12.0,0.7735849056603774,8.353412289495536,1.0,0
171.0,149.5,91.0,87.42690058479532,-3.5730994152046804,9.0,54.0,24.0,-30.0,2.25,5.147494476813453,0.0,1
153.23,58.93,58.0,38.45852639822489,-19.54147360177511,42.0,27.0,39.0,12.0,0.6923076923076923,5.0384449947355225,0.0,0
6000.0,5999.89,88.0,99.99816666666668,11.998166666666677,12.0,75.0,39.0,-36.0,1.9230769230769231,8.699681400989514,1.0,0
900.0,65.0,0.0,7.222222222222221,7.222222222222221,100.0,64.0,72.0,8.0,0.8888888888888888,6.803505257608338,0.0,0
3004.63,2060.12,67.0,68.56484825086616,1.564848250866163,33.0,46.0,67.0,21.0,0.6865671641791045,8.008242475578058,1.0,0
253.65,9.28,0.3,3.658584663906958,3.3585846639069583,99.7,50.0,43.0,-7.0,1.1627906976744187,5.5398900533306135,0.0,0
573.0,611.24,74.94,106.673647469459,31.733647469459,25.060000000000002,85.0,61.0,-24.0,1.3934426229508197,6.352629396319567,0.0,1
763.0,430.0,60.0,56.356487549148106,-3.643512450851894,40.0,94.0,67.0,-27.0,1.4029850746268657,6.638567789166521,0.0,0
2139.44,754.36,36.17,35.25969412556557,-0.9103058744344352,63.83,63.0,86.0,23.0,0.7325581395348837,7.6687666943582125,1.0,0
1701.81,278.35,21.84,16.356114959954404,-5.483885040045596,78.16,63.0,69.0,6.0,0.9130434782608695,7.440035106617044,1.0,0
1700.0,253.33,15.93,14.901764705882353,-1.0282352941176462,84.07,55.0,88.0,33.0,0.625,7.438971592395862,1.0,1
198.62,65.34,49.0,32.89698922565704,-16.103010774342962,51.0,20.0,24.0,4.0,0.8333333333333334,5.29641555925844,0.0,0
471.83,221.36,64.5,46.91520250937838,-17.584797490621618,35.5,29.0,32.0,3.0,0.90625,6.1587359158555595,0.0,0
884.1,589.3,88.45,66.65535572898993,-21.79464427101007,11.549999999999997,28.0,23.0,-5.0,1.2173913043478262,6.785700632974831,0.0,0
2907.0,3603.64,94.0,123.9642242862057,29.964224286205706,6.0,124.0,91.0,-33.0,1.3626373626373627,7.97522083865341,1.0,1
2718.84,1519.66,81.77,55.89368995601065,-25.87631004398935,18.230000000000004,206.0,204.0,-2.0,1.0098039215686274,7.908328334030459,1.0,0
1034.01,980.24,58.1,94.79985686792197,36.69985686792197,41.9,132.0,31.0,-101.0,4.258064516129032,6.942166367488543,1.0,1
211.94,45.08,35.3,21.27017080305747,-14.029829196942526,64.7,14.0,24.0,10.0,0.5833333333333334,5.3610104358864605,0.0,0
207.13,38.61,32.99,18.6404673393521,-14.349532660647903,67.00999999999999,14.0,21.0,7.0,0.6666666666666666,5.33816288447016,0.0,0
513.82,381.87,97.3,74.31980070841928,-22.980199291580718,2.700000000000003,31.0,23.0,-8.0,1.3478260869565217,6.243817325006178,0.0,0
260.37,89.76,42.13,34.47401774397972,-7.65598225602028,57.87,24.0,27.0,3.0,0.8888888888888888,5.565937027962764,0.0,0
627.31,321.22,57.77,51.205942835280815,-6.564057164719188,42.23,28.0,36.0,8.0,0.7777777777777778,6.443033675245955,0.0,0
1043.63,606.39,60.3,58.10392572080143,-2.1960742791985695,39.7,136.0,141.0,5.0,0.9645390070921985,6.951418034716751,1.0,0
916.78,190.28,32.82,20.75525207792491,-12.064747922075089,67.18,30.0,39.0,9.0,0.7692307692307693,6.821957710483379,0.0,0
2115.44,494.78,54.33,23.388987633778314,-30.941012366221685,45.67,20.0,35.0,15.0,0.5714285714285714,7.657490710870274,1.0,0
758.09,213.61,34.02,28.17739318550568,-5.842606814494324,65.97999999999999,18.0,21.0,3.0,0.8571428571428571,6.632120347441023,0.0,0
227.96,64.62,62.39,28.347078434813128,-34.04292156518687,37.61,16.0,20.0,4.0,0.8,5.43354731580814,0.0,0
196.4,37.82,24.8,19.25661914460285,-5.5433808553971495,75.2,20.0,22.0,2.0,0.9090909090909091,5.285232126999381,0.0,0
2518.39,333.48,22.79,13.241793367985103,-9.548206632014896,77.21000000000001,14.0,42.0,28.0,0.3333333333333333,7.831772087711309,1.0,0
2312.0,3016.32,55.0,130.46366782006922,75.46366782006922,45.0,168.0,182.0,14.0,0.9230769230769231,7.746300662231439,1.0,1
351.83,320.5,3.02,91.09513117130432,88.07513117130432,96.98,36.0,48.0,12.0,0.75,5.865986354531055,0.0,0
293.3,259.11,0.22,88.34299352199113,88.12299352199113,99.78,32.0,36.0,4.0,0.8888888888888888,5.684599655239428,0.0,0
560.72,276.66,65.0,49.34013411328292,-15.659865886717078,35.0,146.0,119.0,-27.0,1.226890756302521,6.3310035050999796,0.0,0
183.65,11.87,13.0,6.463381432071875,-6.536618567928125,87.0,35.0,48.0,13.0,0.7291666666666666,5.2184621412985726,0.0,0
154.28,53.93,65.0,34.95592429349235,-30.04407570650765,35.0,35.0,38.0,3.0,0.9210526315789473,5.045229938860754,0.0,0
1215.56,0.15,0.04,0.0123399914442726,-0.0276600085557274,99.96,11.0,47.0,36.0,0.23404255319148937,7.103782482832203,1.0,0
563.0,120.0,0.0,21.314387211367674,21.314387211367674,100.0,118.0,55.0,-63.0,2.1454545454545455,6.335054251498059,0.0,0
2501.0,1417.27,30.0,56.668132746901236,26.668132746901236,70.0,204.0,228.0,24.0,0.8947368421052632,7.824845691026856,1.0,0
3733.0,5463.71,94.0,146.36244307527457,52.36244307527457,6.0,108.0,105.0,-3.0,1.0285714285714285,8.225235324101668,1.0,1
6654.0,6170.32,96.0,92.73098887886985,-3.2690111211301485,4.0,115.0,99.0,-16.0,1.1616161616161615,8.803123730829212,1.0,0
3633.58,0.0,0.0,0.0,0.0,100.0,6.0,45.0,39.0,0.13333333333333333,8.198248839963227,1.0,0
4060.0,3803.16,93.29,93.67389162561575,0.3838916256157461,6.709999999999994,114.0,114.0,0.0,1.0,8.309184527686298,1.0,1
890.36,391.73,89.0,43.99681027898828,-45.00318972101172,11.0,66.0,0.0,-66.0,,6.792748386272505,0.0,0
183.99,0.0,0.0,0.0,0.0,100.0,90.0,68.0,-22.0,1.3235294117647058,5.220301769563298,0.0,0
237.52,0.0,0.0,0.0,0.0,100.0,90.0,68.0,-22.0,1.3235294117647058,5.474453164254905,0.0,0
735.2,589.37,84.2,80.1645810663765,-4.035418933623504,15.799999999999997,27.0,12.0,-15.0,2.25,6.601501820944921,0.0,0
611.74,0.0,0.0,0.0,0.0,100.0,21.0,48.0,27.0,0.4375,6.417940702405611,0.0,0
614.0,490.46,55.6,79.87947882736157,24.279478827361565,44.4,83.0,68.0,-15.0,1.2205882352941178,6.421622267806518,0.0,1
2067.0,2043.33,75.0,98.85486211901305,23.85486211901305,25.0,221.0,149.0,-72.0,1.483221476510067,7.63433723562832,1.0,1
1605.0,1704.33,46.5,106.18878504672897,59.68878504672897,53.5,93.0,69.0,-24.0,1.3478260869565217,7.381501894506707,1.0,1
1473.0,2641.14,98.0,179.30346232179227,81.30346232179227,2.0,283.0,247.0,-36.0,1.145748987854251,7.295735072749282,1.0,1
402.0,369.18,86.26,91.83582089552239,5.575820895522384,13.739999999999995,189.0,141.0,-48.0,1.3404255319148937,5.998936561946683,0.0,1
519.0,400.14,96.0,77.09826589595376,-18.90173410404624,4.0,124.0,112.0,-12.0,1.1071428571428572,6.253828811575473,0.0,0
1216.0,2095.73,92.6,172.34621710526318,79.74621710526318,7.400000000000006,96.0,93.0,-3.0,1.032258064516129,7.104144092987527,1.0,1
1586.0,1489.51,99.0,93.91614123581337,-5.08385876418663,1.0,96.0,75.0,-21.0,1.28,7.369600720526409,1.0,0
2373.64,1582.44,98.4,66.66722839183701,-31.73277160816299,1.5999999999999943,120.0,105.0,-15.0,1.1428571428571428,7.772601126032123,1.0,0
645.0,44.51,56.5,6.900775193798449,-49.59922480620155,43.5,41.0,34.0,-7.0,1.2058823529411764,6.470799503782602,0.0,0
588.18,2.01,0.1,0.34173212281954507,0.24173212281954506,99.9,36.0,60.0,24.0,0.6,6.378731739681057,0.0,0
3055.0,2688.26,95.0,87.99541734860884,-7.004582651391161,5.0,120.0,30.0,-90.0,4.0,8.024862150286411,1.0,1
1589.0,1637.5,97.51,103.05223410950283,5.542234109502829,2.489999999999995,157.0,85.0,-72.0,1.8470588235294119,7.371489295214277,1.0,1
1171.0,391.2,100.0,33.40734415029889,-66.59265584970112,0.0,176.0,163.0,-13.0,1.0797546012269938,7.066466970136958,1.0,0
170.49,9.56,15.0,5.607367000997126,-9.392632999002874,85.0,39.0,51.0,12.0,0.7647058823529411,5.1445249558680555,0.0,0
7853.84,0.6,0.0,0.007639575035906002,0.007639575035906002,100.0,11.0,71.0,60.0,0.15492957746478872,8.96888518129067,1.0,0
1516.45,2119.82,98.0,139.7883214085529,41.78832140855289,2.0,200.0,188.0,-12.0,1.0638297872340425,7.324786573461665,1.0,1
1628.0,1440.85,82.0,88.50429975429975,6.504299754299751,18.0,200.0,194.0,-6.0,1.0309278350515463,7.395721608602045,1.0,0
4970.0,5097.72,81.17,102.56981891348089,21.399818913480885,18.83,143.0,95.0,-48.0,1.5052631578947369,8.511376306094673,1.0,1
1376.0,224.23,26.0,16.29578488372093,-9.70421511627907,74.0,45.0,96.0,51.0,0.46875,7.227662498728654,1.0,1
177.03,4.68,15.0,2.643619725470259,-12.35638027452974,85.0,42.0,52.0,10.0,0.8076923076923077,5.181952075416771,0.0,0
177.34,1.91,7.0,1.0770271794293447,-5.9229728205706555,93.0,42.0,53.0,11.0,0.7924528301886793,5.183691840706733,0.0,0
169.06,21.65,64.0,12.806104341653848,-51.19389565834615,36.0,42.0,50.0,8.0,0.84,5.136151315957647,0.0,0
328.34,74.77,32.0,22.772126454285193,-9.227873545714807,68.0,42.0,52.0,10.0,0.8076923076923077,5.797090651789853,0.0,0
167.64,3.77,8.0,2.2488666189453594,-5.751133381054641,92.0,42.0,51.0,9.0,0.8235294117647058,5.127766265352998,0.0,0
4744.0,176.88,2.75,3.7284991568296797,0.9784991568296797,97.25,38.0,71.0,33.0,0.5352112676056338,8.464846711044029,1.0,0
446.21,532.83,80.0,119.41238430335494,39.41238430335494,20.0,217.0,145.0,-72.0,1.4965517241379311,6.103028282950449,0.0,0
667.0,303.54,23.0,45.50824587706147,22.50824587706147,77.0,156.0,120.0,-36.0,1.3,6.504288173536645,0.0,0
468.0,20.28,8.0,4.333333333333334,-3.666666666666666,92.0,32.0,44.0,12.0,0.7272727272727273,6.150602768446279,0.0,0
410.26,10.04,5.0,2.447228586749866,-2.552771413250134,95.0,37.0,59.0,22.0,0.6271186440677966,6.0192256178933725,0.0,0
307.11,14.2,17.0,4.623750447722315,-12.376249552277685,83.0,46.0,96.0,50.0,0.4791666666666667,5.730456862070388,0.0,0
670.17,45.21,12.0,6.746049509825866,-5.253950490174134,88.0,37.0,85.0,48.0,0.43529411764705883,6.509022458087351,0.0,0
350.0,71.05,31.0,20.299999999999997,-10.700000000000003,69.0,46.0,94.0,48.0,0.48936170212765956,5.860786223465865,0.0,0
1430.0,407.94,35.0,28.527272727272727,-6.472727272727273,65.0,31.0,40.0,9.0,0.775,7.266128779556451,1.0,0
158.0,51.87,10.0,32.82911392405063,22.82911392405063,90.0,40.0,28.0,-12.0,1.4285714285714286,5.0689042022202315,0.0,0
250.0,134.97,88.0,53.988,-34.012,12.0,38.0,29.0,-9.0,1.3103448275862069,5.5254529391317835,0.0,0
961.67,496.02,21.0,51.579023989518234,30.579023989518234,79.0,37.0,49.0,12.0,0.7551020408163265,6.869710673942491,0.0,0
2379.0,913.54,29.7,38.40016813787305,8.700168137873053,70.3,38.0,62.0,24.0,0.6129032258064516,7.77485576666552,1.0,0
1456.77,0.0,0.0,0.0,0.0,100.0,3.0,36.0,33.0,0.08333333333333333,7.284663149781774,1.0,0
483.88,654.38,42.0,135.23600892783335,93.23600892783335,58.0,110.0,50.0,-60.0,2.2,6.18390143764303,0.0,1
262.0,365.22,64.0,139.3969465648855,75.3969465648855,36.0,162.0,150.0,-12.0,1.08,5.572154032177765,0.0,0
1080.58,916.33,81.0,84.79982972107572,3.7998297210757244,19.0,53.0,60.0,7.0,0.8833333333333333,6.986178213993476,1.0,0
461.91,178.78,8.0,38.70450953648979,30.704509536489788,92.0,46.0,97.0,51.0,0.4742268041237113,6.137532650741885,0.0,0
437.21,116.06,21.0,26.545595937878826,5.545595937878826,79.0,41.0,68.0,27.0,0.6029411764705882,6.082698247530828,0.0,0
471.0,250.47,72.0,53.17834394904458,-18.82165605095542,28.0,37.0,60.0,23.0,0.6166666666666667,6.156978985585555,0.0,0
349.22,119.69,71.2,34.273523853158466,-36.92647614684154,28.799999999999997,40.0,37.0,-3.0,1.0810810810810811,5.858561528443754,0.0,0
2887.11,0.0,0.0,0.0,0.0,100.0,9.0,54.0,45.0,0.16666666666666666,7.968357587930022,1.0,0
686.0,621.98,66.0,90.66763848396502,24.66763848396502,34.0,98.0,98.0,0.0,1.0,6.532334292222349,0.0,0
473.0,302.69,5.0,63.99365750528542,58.99365750528542,95.0,55.0,58.0,3.0,0.9482758620689655,6.161207321695077,0.0,0
349.22,119.69,71.2,34.273523853158466,-36.92647614684154,28.799999999999997,40.0,60.0,20.0,0.6666666666666666,5.858561528443754,0.0,0
749.0,0.94,0.3,0.1255006675567423,-0.1744993324432577,99.7,84.0,109.0,25.0,0.7706422018348624,6.620073206530356,0.0,0
314.1,169.1,56.0,53.83635784781916,-2.1636421521808415,44.0,83.0,59.0,-24.0,1.4067796610169492,5.752890048763229,0.0,1
2565.0,2247.23,70.0,87.61130604288499,17.61130604288499,30.0,216.0,132.0,-84.0,1.6363636363636365,7.850103545175582,1.0,1
2842.0,1513.54,34.0,53.256157635467986,19.256157635467986,66.0,155.0,167.0,12.0,0.9281437125748503,7.952615111651,1.0,1
825.0,760.05,84.0,92.12727272727273,8.127272727272725,16.0,146.0,137.0,-9.0,1.0656934306569343,6.716594773520978,0.0,0
1378.0,783.19,35.8,56.835268505079824,21.035268505079827,64.2,149.0,161.0,12.0,0.9254658385093167,7.229113877793302,1.0,1
1876.0,543.22,15.0,28.95628997867804,13.95628997867804,85.0,149.0,65.0,-84.0,2.292307692307692,7.537430036586509,1.0,0
493.0,297.52,85.0,60.34888438133874,-24.651115618661258,15.0,97.0,96.0,-1.0,1.0104166666666667,6.202535517187923,0.0,0
1454.0,87.13,13.0,5.992434662998624,-7.007565337001376,87.0,78.0,99.0,21.0,0.7878787878787878,7.282761179605593,1.0,0
15767.0,3182.59,19.85,20.18513350669119,0.33513350669118935,80.15,65.0,74.0,9.0,0.8783783783783784,9.665737848832556,1.0,0
1591.0,0.38,0.0,0.023884349465744813,0.023884349465744813,100.0,66.0,87.0,21.0,0.7586206896551724,7.3727463664043285,1.0,0
813.0,101.22,30.0,12.450184501845019,-17.54981549815498,70.0,35.0,47.0,12.0,0.7446808510638298,6.70196036600254,0.0,0
601.0,300.61,24.5,50.018302828618964,25.518302828618964,75.5,35.0,59.0,24.0,0.5932203389830508,6.400257445308821,0.0,0
8914.0,6777.67,74.0,76.03399147408571,2.0339914740857097,26.0,230.0,242.0,12.0,0.9504132231404959,9.09549053029724,1.0,0
500.0,563.03,86.0,112.60599999999998,26.60599999999998,14.0,124.0,124.0,0.0,1.0,6.2166061010848646,0.0,1
2445.0,3306.78,81.0,135.24662576687118,54.246625766871176,19.0,120.0,117.0,-3.0,1.0256410256410255,7.802209316247118,1.0,1
1248.0,1810.01,95.0,145.03285256410257,50.03285256410257,5.0,120.0,102.0,-18.0,1.1764705882352942,7.130098510125578,1.0,0
7474.0,2529.03,35.0,33.83770404067434,-1.162295959325661,65.0,79.0,133.0,54.0,0.5939849624060151,8.919319398258887,1.0,0
1095.88,1284.91,94.0,117.24915136693798,23.24915136693798,6.0,53.0,72.0,19.0,0.7361111111111112,7.0002250650484,1.0,0
492.76,480.92,25.0,97.59720756554916,72.59720756554916,75.0,86.0,95.0,9.0,0.9052631578947369,6.202049569174796,0.0,1
3445.0,3002.93,50.0,87.16777939042089,37.16777939042089,50.0,99.0,87.0,-12.0,1.1379310344827587,8.144969417087875,1.0,0
960.64,1281.74,2.01,133.4256329113924,131.4156329113924,97.99,34.0,46.0,12.0,0.7391304347826086,6.868640160253568,0.0,0
1813.0,809.23,21.0,44.63485934914506,23.63485934914506,79.0,35.0,47.0,12.0,0.7446808510638298,7.503289630675082,1.0,0
4373.04,0.76,1.0,0.01737921445950643,-0.9826207855404936,99.0,11.0,71.0,60.0,0.15492957746478872,8.383442346142315,1.0,0
769.93,120.3,0.18,15.62479705947294,15.44479705947294,99.82,27.0,51.0,24.0,0.5294117647058824,6.6475975782612755,0.0,0
362.81,0.48,0.0,0.13230065323447535,0.13230065323447535,100.0,17.0,41.0,24.0,0.4146341463414634,5.89663175333681,0.0,0
338.33,14.83,24.0,4.383294416693761,-19.61670558330624,76.0,14.0,42.0,28.0,0.3333333333333333,5.8269730852113995,0.0,0
2538.67,5133.5,98.0,202.21218196929888,104.21218196929888,2.0,326.0,326.0,0.0,1.0,7.8397894303122415,1.0,1
138.48,951.07,60.0,686.7923165800116,626.7923165800116,40.0,120.0,132.0,12.0,0.9090909090909091,4.93792122180745,0.0,1
1886.0,776.21,65.0,41.15641569459173,-23.84358430540827,35.0,106.0,118.0,12.0,0.8983050847457628,7.54274354536855,1.0,0
792.89,1033.38,71.0,130.33081511937345,59.330815119373455,29.0,126.0,135.0,9.0,0.9333333333333333,6.676944912606895,0.0,1
540.02,811.58,88.0,150.28702640642942,62.28702640642942,12.0,126.0,123.0,-3.0,1.024390243902439,6.29345624673987,0.0,1
1384.72,1776.89,98.0,128.32124906118204,30.321249061182044,2.0,120.0,117.0,-3.0,1.0256410256410255,7.233975139138999,1.0,1
4027.53,5248.72,100.0,130.321065268291,30.321065268290994,0.0,117.0,104.0,-13.0,1.125,8.301156824130071,1.0,1
2081.27,3030.48,92.0,145.6072494198254,53.60724941982539,8.0,101.0,98.0,-3.0,1.030612244897959,7.641213923763919,1.0,1
637.95,1031.75,88.0,161.72897562504897,73.72897562504897,12.0,107.0,104.0,-3.0,1.0288461538461537,6.459826204054712,0.0,1
1035.16,1817.02,100.0,175.53035279570307,75.53035279570307,0.0,106.0,91.0,-15.0,1.164835164835165,6.943276851049216,1.0,1
904.92,1214.94,12.0,134.25938204482165,122.25938204482165,88.0,91.0,103.0,12.0,0.883495145631068,6.808951001923535,0.0,1
1400.0,1472.0,80.0,105.14285714285714,25.14285714285714,20.0,77.0,74.0,-3.0,1.0405405405405406,7.244941546337007,1.0,0
8087.0,7505.83,90.0,92.81352788425869,2.81352788425869,10.0,214.0,70.0,-144.0,3.057142857142857,8.998136760700307,1.0,0
33690.0,3485.59,22.0,10.346067082220243,-11.653932917779757,78.0,83.0,104.0,21.0,0.7980769230769231,10.424986018358423,1.0,0
10947.0,6519.14,75.0,59.5518406869462,-15.4481593130538,25.0,112.0,64.0,-48.0,1.75,9.30091207016057,1.0,0
14323.0,,72.1,,,27.900000000000006,156.0,165.0,9.0,0.9454545454545454,9.569691731118324,1.0,1
297.0,145.78,21.0,49.08417508417509,28.084175084175087,79.0,167.0,170.0,3.0,0.9823529411764705,5.697093486505405,0.0,0
2496.0,1888.77,72.0,75.671875,3.671875,28.0,216.0,90.0,-126.0,2.4,7.822845290279774,1.0,0
302.0,633.71,89.02,209.83774834437088,120.81774834437088,10.980000000000004,119.0,116.0,-3.0,1.0258620689655173,5.713732805509369,0.0,1
4686.09,1811.8,2.07,38.66336327300585,36.59336327300585,97.93,31.0,67.0,36.0,0.4626865671641791,8.452567199786568,1.0,0
4803.0,6194.54,96.0,128.9723089735582,32.9723089735582,4.0,117.0,114.0,-3.0,1.0263157894736843,8.477204183199873,1.0,1
2500.0,2129.81,73.0,85.1924,12.192400000000006,27.0,123.0,75.0,-48.0,1.64,7.824445930877619,1.0,0
3631.0,1222.79,16.24,33.67639768658772,17.43639768658772,83.76,212.0,206.0,-6.0,1.029126213592233,8.197538739721184,1.0,0
1595.55,171.46,2.03,10.746137695465514,8.716137695465514,97.97,25.0,61.0,36.0,0.4098360655737705,7.375600330173661,1.0,0
2853.23,300.63,2.4,10.536479708961423,8.136479708961422,97.6,31.0,67.0,36.0,0.4626865671641791,7.956557383437203,1.0,0
2047.4,75.45,0.15,3.685161668457556,3.535161668457556,99.85,16.0,28.0,12.0,0.5714285714285714,7.624814279588395,1.0,0
1953.0,5132.1,95.0,262.7803379416283,167.78033794162832,5.0,156.0,143.0,-13.0,1.0909090909090908,7.577633832602728,1.0,1
647.0,1229.06,95.0,189.96290571870168,94.96290571870168,5.0,119.0,105.0,-14.0,1.1333333333333333,6.473890696352274,0.0,1
435.0,843.65,67.0,193.94252873563218,126.94252873563218,33.0,181.0,169.0,-12.0,1.0710059171597632,6.077642243349034,0.0,1
2123.7,95.64,2.0,4.503460940810849,2.5034609408108492,98.0,25.0,48.0,23.0,0.5208333333333334,7.661385894921593,1.0,0
6663.0,6111.34,42.0,91.72054630046526,49.72054630046526,58.0,127.0,115.0,-12.0,1.1043478260869566,8.804475183846678,1.0,0
6684.81,127.03,0.0,1.9002783923552053,1.9002783923552053,100.0,78.0,54.0,-24.0,1.4444444444444444,8.807742648987265,1.0,0
12333.57,759.62,17.0,6.1589628955768685,-10.841037104423132,83.0,31.0,55.0,24.0,0.5636363636363636,9.420161168201794,1.0,1
1626.0,2184.16,95.4,134.3271832718327,38.92718327183269,4.599999999999994,256.0,243.0,-13.0,1.0534979423868314,7.394493107219038,1.0,1
2555.0,1108.34,61.6,43.37925636007827,-18.22074363992173,38.4,144.0,168.0,24.0,0.8571428571428571,7.846198815497425,1.0,0
380.47,248.51,20.0,65.31658212211212,45.31658212211212,80.0,46.0,58.0,12.0,0.7931034482758621,5.944032210673093,0.0,0
1120.0,352.79,26.3,31.499107142857145,5.1991071428571445,73.7,31.0,52.0,21.0,0.5961538461538461,7.02197642307216,1.0,0
963.0,914.38,95.8,94.95119418483905,-0.8488058151609437,4.200000000000003,156.0,143.0,-13.0,1.0909090909090908,6.871091294610546,0.0,1
942.64,536.69,64.0,56.934778918781305,-7.065221081218695,36.0,43.0,48.0,5.0,0.8958333333333334,6.849744737478631,0.0,0
2222.53,0.0,0.0,0.0,0.0,100.0,5.0,60.0,55.0,0.08333333333333333,7.7068513021016924,1.0,0
3545.0,3623.47,96.0,102.2135401974612,6.2135401974611995,4.0,114.0,99.0,-15.0,1.1515151515151516,8.173575486634153,1.0,0
1281.81,128.07,3.0,9.991340370257683,6.991340370257683,97.0,18.0,42.0,24.0,0.42857142857142855,7.1568082632360746,1.0,0
1547.0,1369.95,93.86,88.55526826115062,-5.304731738849384,6.140000000000001,123.0,99.0,-24.0,1.2424242424242424,7.344719054149673,1.0,0
2140.0,2237.23,96.0,104.54345794392523,8.543457943925233,4.0,114.0,97.0,-17.0,1.175257731958763,7.669028288589683,1.0,1
108000.0,,59.1,,,40.9,132.0,149.0,17.0,0.8859060402684564,11.58989576532275,1.0,0
6806.44,9478.55,66.3,139.25855513307985,72.95855513307986,33.7,78.0,54.0,-24.0,1.4444444444444444,8.825771410700773,1.0,1
5060.0,5299.33,86.13,104.7298418972332,18.599841897233205,13.870000000000005,192.0,204.0,12.0,0.9411764705882353,8.529319371214077,1.0,0
744.49,1161.7,99.65,156.0397050329756,56.3897050329756,0.3499999999999943,128.0,92.0,-36.0,1.391304347826087,6.614041720298596,0.0,1
456.07,4006.93,53.0,878.577849891464,825.577849891464,47.0,165.0,176.0,11.0,0.9375,6.12483655203096,0.0,1
1794.0,1816.87,80.3,101.27480490523968,20.97480490523968,19.700000000000003,208.0,205.0,-3.0,1.0146341463414634,7.492760300922379,1.0,0
311.0,263.42,93.0,84.70096463022509,-8.299035369774913,7.0,78.0,75.0,-3.0,1.04,5.7430031878094825,0.0,0
2798.0,2321.81,30.0,82.98105789849892,52.98105789849892,70.0,44.0,96.0,52.0,0.4583333333333333,7.937017489515454,1.0,0
3085.59,661.67,18.0,21.44387297080947,3.443872970809469,82.0,25.0,41.0,16.0,0.6097560975609756,8.034822200650687,1.0,0
1540.0,578.99,42.0,37.596753246753245,-4.403246753246755,58.0,97.0,106.0,9.0,0.9150943396226415,7.340186835320115,1.0,1
352.0,306.87,75.0,87.17897727272728,12.17897727272728,25.0,37.0,52.0,15.0,0.7115384615384616,5.8664680569332965,0.0,0
13447.0,7556.6,63.0,56.1954339257827,-6.804566074217298,37.0,204.0,213.0,9.0,0.9577464788732394,9.506585675088452,1.0,0
3029.0,2589.94,90.0,85.50478705843513,-4.495212941564873,10.0,120.0,111.0,-9.0,1.0810810810810811,8.016317898503415,1.0,1
1459.13,6.97,0.0,0.47768190634145,0.47768190634145,100.0,19.0,64.0,45.0,0.296875,7.286280751834349,1.0,0
1932.01,1.97,0.0,0.10196634592988649,0.10196634592988649,100.0,18.0,60.0,42.0,0.3,7.566833652500692,1.0,0
3250.0,3286.92,97.5,101.13600000000001,3.63600000000001,2.5,114.0,102.0,-12.0,1.1176470588235294,8.086717920303906,1.0,0
498.7,694.91,87.6,139.34429516743535,51.744295167435354,12.400000000000006,83.0,59.0,-24.0,1.4067796610169492,6.214007918350159,0.0,1
1432.0,2874.14,55.0,200.7081005586592,145.7081005586592,45.0,103.0,91.0,-12.0,1.1318681318681318,7.267525427828172,1.0,1
1656.25,4606.71,83.0,278.14098113207547,195.14098113207547,17.0,215.0,227.0,12.0,0.947136563876652,7.412914881121501,1.0,1
2449.91,2086.49,55.0,85.16598568927022,30.165985689270215,45.0,114.0,126.0,12.0,0.9047619047619048,7.804214663147685,1.0,1
2417.24,7.19,8.0,0.2974466747199286,-7.702553325280071,92.0,125.0,149.0,24.0,0.8389261744966443,7.790795281832355,1.0,0
2913.0,2144.59,89.0,73.62135255750087,-15.37864744249913,11.0,180.0,168.0,-12.0,1.0714285714285714,7.97728198675515,1.0,0
3032.0,4039.87,81.0,133.24109498680738,52.24109498680738,19.0,300.0,297.0,-3.0,1.0101010101010102,8.017307507688582,1.0,1
495.0,238.2,61.0,48.12121212121212,-12.878787878787882,39.0,107.0,107.0,0.0,1.0,6.206575926724928,0.0,1
5961.0,5097.69,94.96,85.51736285858077,-9.442637141419226,5.040000000000006,123.0,108.0,-15.0,1.1388888888888888,8.693161274238017,1.0,0
2002.0,1912.33,96.0,95.52097902097901,-0.47902097902098717,4.0,114.0,66.0,-48.0,1.7272727272727273,7.602401335665818,1.0,0
4330.0,2760.45,67.0,63.75173210161662,-3.248267898383382,33.0,96.0,96.0,0.0,1.0,8.373553741214627,1.0,0
2595.0,4108.55,94.6,158.32562620423894,63.72562620423895,5.400000000000006,114.0,100.0,-14.0,1.14,7.86172707782398,1.0,1
2400.0,2542.79,75.0,105.94958333333334,30.949583333333337,25.0,84.0,81.0,-3.0,1.037037037037037,7.783640596221253,1.0,1
713.0,633.24,80.0,88.81346423562412,8.813464235624124,20.0,212.0,224.0,12.0,0.9464285714285714,6.570882962339584,0.0,1
7877.0,,92.5,,,7.5,197.0,67.0,-130.0,2.9402985074626864,8.971829343530851,1.0,1
461.64,238.93,20.5,51.75678017502816,31.25678017502816,79.5,103.0,115.0,12.0,0.8956521739130435,6.136949213849963,0.0,0
808.99,596.45,36.0,73.72773458262772,37.72773458262772,64.0,53.0,48.0,-5.0,1.1041666666666667,6.697021901911263,0.0,0
168.32,69.85,82.0,41.49833650190114,-40.50166349809886,18.0,43.0,31.0,-12.0,1.3870967741935485,5.1317904156527225,0.0,0
210.0,38.26,50.0,18.21904761904762,-31.78095238095238,50.0,43.0,28.0,-15.0,1.5357142857142858,5.351858133476067,0.0,0
186.21,96.77,88.0,51.96820793727511,-36.03179206272489,12.0,42.0,27.0,-15.0,1.5555555555555556,5.232230981420177,0.0,0
297.0,224.43,52.0,75.56565656565657,23.565656565656568,48.0,146.0,155.0,9.0,0.9419354838709677,5.697093486505405,0.0,0
252.0,105.8,80.0,41.98412698412699,-38.01587301587301,20.0,35.0,32.0,-3.0,1.09375,5.53338948872752,0.0,0
2269.49,6.06,0.0,0.2670203437776769,0.2670203437776769,100.0,19.0,64.0,45.0,0.296875,7.727750946212077,1.0,0
1875.72,1.96,0.0,0.1044932079414838,0.1044932079414838,100.0,19.0,64.0,45.0,0.296875,7.537280851244757,1.0,0
200.77,30.86,5.0,15.370822334014045,10.370822334014045,95.0,35.0,63.0,28.0,0.5555555555555556,5.307128434826587,0.0,0
300.15,0.1,10.0,0.03331667499583542,-9.966683325004164,90.0,31.0,63.0,32.0,0.49206349206349204,5.70760847948973,0.0,0
2864.51,0.0,0.0,0.0,0.0,100.0,19.0,72.0,53.0,0.2638888888888889,7.96050162377806,1.0,0
3792.0,5585.85,91.5,147.30617088607596,55.80617088607596,8.5,384.0,393.0,9.0,0.9770992366412213,8.2409125416889,1.0,1
1928.0,2079.48,54.0,107.85684647302904,53.85684647302904,46.0,264.0,252.0,-12.0,1.0476190476190477,7.564757012905729,1.0,0
1284.0,1334.31,93.1,103.91822429906541,10.81822429906542,6.900000000000006,125.0,109.0,-16.0,1.146788990825688,7.158513997329321,1.0,0
2362.0,1932.52,73.4,81.81710414902625,8.417104149026244,26.599999999999994,123.0,144.0,21.0,0.8541666666666666,7.767687277186908,1.0,0
1000.0,447.56,59.0,44.756,-14.244,41.0,124.0,36.0,-88.0,3.4444444444444446,6.90875477931522,1.0,0
1173.0,2098.98,87.0,178.94117647058826,91.94117647058826,13.0,152.0,152.0,0.0,1.0,7.068172000388042,1.0,1
2344.0,549.72,23.1,23.45221843003413,0.352218430034128,76.9,97.0,185.0,88.0,0.5243243243243243,7.76004068088038,1.0,0
267.61,0.0,0.0,0.0,0.0,100.0,90.0,30.0,-60.0,3.0,5.593260513478021,0.0,0
190.0,0.0,0.0,0.0,0.0,100.0,42.0,60.0,18.0,0.7,5.25227342804663,0.0,0
819.0,580.51,75.0,70.88034188034187,-4.119658119658126,25.0,127.0,79.0,-48.0,1.6075949367088607,6.709304340258298,0.0,0
274.39,0.0,48.0,0.0,-48.0,52.0,69.0,45.0,-24.0,1.5333333333333334,5.618188274814676,0.0,0
237.64,137.07,57.0,57.67968355495707,0.679683554957073,43.0,84.0,72.0,-12.0,1.1666666666666667,5.474956140206493,0.0,1
968.92,275.74,56.0,28.45848986500434,-27.54151013499566,44.0,38.0,65.0,27.0,0.5846153846153846,6.877213593869438,0.0,0
968.92,656.32,65.0,67.73727449118607,2.7372744911860707,35.0,,,10.0,,6.877213593869438,0.0,0
166.86,0.0,0.0,0.0,0.0,100.0,42.0,27.0,-15.0,1.5555555555555556,5.123130298654681,0.0,0
799.64,76.63,7.0,9.583062378070132,2.5830623780701316,93.0,25.0,34.0,9.0,0.7352941176470589,6.685411407838491,0.0,0
1634.79,288.73,12.0,17.661595678955706,5.661595678955706,88.0,25.0,40.0,15.0,0.625,7.399881147065413,1.0,0
468.64,167.03,71.0,35.64143052236258,-35.35856947763742,29.0,26.0,29.0,3.0,0.896551724137931,6.151966443762011,0.0,0
189.21,0.0,0.0,0.0,0.0,100.0,11.0,35.0,24.0,0.3142857142857143,5.24812872496475,0.0,0
166.33,101.55,14.0,61.05332772199843,47.05332772199843,86.0,84.0,96.0,12.0,0.875,5.119967910506483,0.0,0
747.0,467.2,49.0,62.54350736278447,13.543507362784467,51.0,48.0,-37.0,-85.0,,6.617402977974478,0.0,0
819.48,397.28,99.5,48.479523600331916,-51.020476399668084,0.5,83.0,91.0,8.0,0.9120879120879121,6.709889534852196,0.0,1
1203.89,171.05,14.0,14.208108714251303,0.20810871425130273,86.0,25.0,37.0,12.0,0.6756756756756757,7.094143555450853,1.0,0
1390.0,428.26,65.0,30.810071942446044,-34.189928057553956,35.0,45.0,60.0,15.0,0.75,7.237778191923443,1.0,0
304.0,69.33,72.0,22.80592105263158,-49.194078947368425,28.0,39.0,39.0,0.0,1.0,5.720311776607412,0.0,0
734.0,484.91,99.9,66.06403269754769,-33.83596730245232,0.09999999999999432,220.0,212.0,-8.0,1.0377358490566038,6.5998704992128365,0.0,1
842.0,340.0,0.0,40.38004750593824,40.38004750593824,100.0,46.0,46.0,0.0,1.0,6.736966958001855,0.0,0
520.0,192.25,0.0,36.97115384615385,36.97115384615385,100.0,99.0,48.0,-51.0,2.0625,6.255750041753367,0.0,0
521.36,491.37,87.35,94.24773668866042,6.89773668866043,12.650000000000006,116.0,125.0,9.0,0.928,6.258357005352207,0.0,0
385.0,0.0,0.0,0.0,0.0,100.0,102.0,75.0,-27.0,1.36,5.955837369464831,0.0,0
1160.0,2964.82,72.0,255.58793103448275,183.58793103448275,28.0,116.0,128.0,12.0,0.90625,7.057036981697891,1.0,1
4939.78,971.79,8.8,19.672738462036772,10.872738462036772,91.2,89.0,144.0,55.0,0.6180555555555556,8.505278492454748,1.0,0
1319.75,482.55,3.9,36.56374313316916,32.66374313316916,96.1,79.0,115.0,36.0,0.6869565217391305,7.185955036044425,1.0,0
2464.46,42.29,0.0,1.7159945789341275,1.7159945789341275,100.0,17.0,60.0,43.0,0.2833333333333333,7.810133681642895,1.0,0
958.27,623.94,23.8,65.11108560217893,41.311085602178935,76.2,29.0,53.0,24.0,0.5471698113207547,6.866172578531812,0.0,0
1423.96,102.43,15.0,7.193320037079694,-7.806679962920306,85.0,31.0,55.0,24.0,0.5636363636363636,7.2618990221333375,1.0,0
199.96,4.17,0.2,2.085417083416683,1.885417083416683,99.8,41.0,52.0,11.0,0.7884615384615384,5.303105883279834,0.0,0
180.66,43.65,10.5,24.161408170043174,13.661408170043174,89.5,36.0,46.0,10.0,0.782608695652174,5.2021368080740675,0.0,0
1016.0,1014.1,88.3,99.81299212598425,11.512992125984255,11.700000000000003,100.0,88.0,-12.0,1.1363636363636365,6.92461239604856,1.0,1
722.0,1670.58,80.0,231.38227146814404,151.38227146814404,20.0,100.0,88.0,-12.0,1.1363636363636365,6.583409222158765,0.0,1
304.44,248.55,85.0,81.64170279858101,-3.358297201418992,15.0,108.0,93.0,-15.0,1.1612903225806452,5.721753359977438,0.0,1
494.0,376.99,76.0,76.31376518218623,0.3137651821862306,24.0,83.0,83.0,0.0,1.0,6.20455776256869,0.0,0
2649.0,1836.67,69.0,69.3344658361646,0.3344658361645969,31.0,123.0,132.0,9.0,0.9318181818181818,7.882314918980268,1.0,1
758.0,469.8,83.0,61.97889182058047,-21.021108179419528,17.0,83.0,69.0,-14.0,1.2028985507246377,6.63200177739563,0.0,1
250.18,115.71,8.0,46.250699496362614,38.250699496362614,92.0,68.0,67.0,-1.0,1.0149253731343284,5.526169813589981,0.0,0
2529.0,2138.39,96.0,84.55476472914195,-11.44523527085805,4.0,96.0,81.0,-15.0,1.1851851851851851,7.835974581721566,1.0,1
407.0,392.94,77.0,96.54545454545455,19.545454545454547,23.0,86.0,74.0,-12.0,1.162162162162162,6.0112671744041615,0.0,0
1457.0,400.19,14.0,27.46671242278655,13.46671242278655,86.0,71.0,78.0,7.0,0.9102564102564102,7.284820912568604,1.0,0
38953.0,,73.5,,,26.5,112.0,109.0,-3.0,1.0275229357798166,10.570136741789845,1.0,0
1000.0,1060.84,70.5,106.084,35.584,29.5,128.0,139.0,11.0,0.920863309352518,6.90875477931522,1.0,0
1189.0,1367.58,96.68,115.0193439865433,18.339343986543298,3.319999999999993,300.0,216.0,-84.0,1.3888888888888888,7.081708586105575,1.0,1
8964.0,8617.5,86.6,96.13453815261043,9.534538152610438,13.400000000000006,192.0,189.0,-3.0,1.0158730158730158,9.101083386039234,1.0,0
1209.0,449.29,16.0,37.162117452440036,21.162117452440036,84.0,183.0,195.0,12.0,0.9384615384615385,7.098375638590786,1.0,0
226.87,43.64,50.0,19.235685634945124,-30.764314365054876,50.0,24.0,31.0,7.0,0.7741935483870968,5.428775290904015,0.0,0
4835.0,4931.47,51.0,101.9952430196484,50.9952430196484,49.0,192.0,201.0,9.0,0.9552238805970149,8.483843211734683,1.0,1
4830.0,3258.95,32.0,67.47308488612836,35.47308488612836,68.0,184.0,189.0,5.0,0.9735449735449735,8.482808764554406,1.0,0
2298.0,393.02,17.0,17.102697998259355,0.10269799825935522,83.0,192.0,201.0,9.0,0.9552238805970149,7.740229524763182,1.0,1
207.45,0.0,72.42,0.0,-72.42,27.58,97.0,91.0,-6.0,1.065934065934066,5.339699204326806,0.0,1
183.56,0.0,45.72,0.0,-45.72,54.28,97.0,92.0,-5.0,1.0543478260869565,5.217974613865498,0.0,1
262.96,0.0,9.76,0.0,-9.76,90.24,132.0,131.0,-1.0,1.0076335877862594,5.575797576515221,0.0,1
436.09,215.74,100.0,49.471439381779,-50.528560618221,0.0,51.0,33.0,-18.0,1.5454545454545454,6.080139123547622,0.0,0
159.66,59.26,100.0,37.11637229111863,-62.88362770888137,0.0,36.0,36.0,0.0,1.0,5.079290330745667,0.0,0
317.22,0.0,73.46,0.0,-73.46,26.540000000000006,48.0,38.0,-10.0,1.263157894736842,5.762742967479711,0.0,0
529.54,0.0,69.62,0.0,-69.62,30.379999999999995,72.0,44.0,-28.0,1.6363636363636365,6.2738953557770625,0.0,1
292.63,0.0,82.57,0.0,-82.57,17.430000000000007,36.0,45.0,9.0,0.8,5.682320471356869,0.0,0
691.81,0.0,40.49,0.0,-40.49,59.51,17.0,35.0,18.0,0.4857142857142857,6.540755791324192,0.0,0
776.17,0.0,16.4,0.0,-16.4,83.6,17.0,33.0,16.0,0.5151515151515151,6.6556591166553485,0.0,0
242.0,78.49,95.94,32.43388429752066,-63.506115702479335,4.060000000000002,36.0,32.0,-4.0,1.125,5.493061443340548,0.0,0
290.15,140.23,91.9,48.330174047906254,-43.56982595209375,8.099999999999994,112.0,30.0,-82.0,3.7333333333333334,5.673838598283129,0.0,0
1318.59,341.52,79.5,25.900393602256955,-53.599606397743045,20.5,41.0,37.0,-4.0,1.1081081081081081,7.185076361271757,1.0,0
439.82,178.83,78.9,40.659815379018696,-38.24018462098131,21.099999999999994,51.0,29.0,-22.0,1.7586206896551724,6.088636628860241,0.0,0
808.7,0.0,9.41,0.0,-9.41,90.59,17.0,34.0,17.0,0.5,6.696663808692069,0.0,0
1019.97,0.0,17.53,0.0,-17.53,82.47,17.0,34.0,17.0,0.5,6.928508434775093,1.0,0
244.83,0.0,99.64,0.0,-99.64,0.35999999999999943,39.0,33.0,-6.0,1.1818181818181819,5.504640240131903,0.0,0
881.61,0.0,25.09,0.0,-25.09,74.91,17.0,30.0,13.0,0.5666666666666667,6.782883426932149,0.0,0
279.29,155.02,88.25,55.50503061334096,-32.74496938665904,11.75,48.0,49.0,1.0,0.9795918367346939,5.635824781472974,0.0,0
228.32,44.45,100.0,19.468290119131044,-80.53170988086896,0.0,96.0,24.0,-72.0,4.0,5.435118408040182,0.0,0
568.12,298.82,98.63,52.59804266704218,-46.031957332957816,1.3700000000000045,48.0,34.0,-14.0,1.411764705882353,6.344091308200145,0.0,0
839.98,355.56,99.45,42.329579275697036,-57.12042072430297,0.5499999999999972,48.0,45.0,-3.0,1.0666666666666667,6.734567878477328,0.0,0
403.22,227.13,99.06,56.32905113833638,-42.73094886166362,0.9399999999999977,50.0,36.0,-14.0,1.3888888888888888,6.001959284200623,0.0,0
423.67,0.0,94.65,0.0,-94.65,5.349999999999994,60.0,40.0,-20.0,1.5,6.0513123967267575,0.0,0
368.63,37.37,22.55,10.137536282993787,-12.412463717006213,77.45,26.0,35.0,9.0,0.7428571428571429,5.912502505304687,0.0,0
294.13,312.39,98.52,106.20813925815116,7.688139258151168,1.480000000000004,96.0,23.0,-73.0,4.173913043478261,5.687415937235904,0.0,0
316.06,220.02,100.0,69.61336455103462,-30.38663544896538,0.0,121.0,27.0,-94.0,4.481481481481482,5.759091030415082,0.0,0
263.45,151.56,98.4,57.528942873410514,-40.87105712658949,1.5999999999999943,108.0,30.0,-78.0,3.6,5.577652197511989,0.0,0
350.61,233.92,98.2,66.71800576138729,-31.481994238612714,1.7999999999999972,115.0,23.0,-92.0,5.0,5.862522606817267,0.0,1
445.22,0.0,98.6,0.0,-98.6,1.4000000000000057,120.0,30.0,-90.0,4.0,6.100812103943264,0.0,1
244.43,11.67,13.0,4.774373031133658,-8.225626968866342,87.0,36.0,40.0,4.0,0.9,5.503011774193717,0.0,0
361.24,104.0,43.22,28.789724283025137,-14.430275716974862,56.78,71.0,67.0,-4.0,1.0597014925373134,5.892306975574764,0.0,0
311.22,195.13,91.25,62.69841269841269,-28.55158730158731,8.75,67.0,50.0,-17.0,1.34,5.74370806752852,0.0,0
349.29,241.96,100.0,69.2719516733946,-30.728048326605403,0.0,67.0,47.0,-20.0,1.425531914893617,5.85876138283622,0.0,0
296.66,237.52,91.5,80.0647205555181,-11.435279444481907,8.5,67.0,37.0,-30.0,1.8108108108108107,5.695951895541013,0.0,0
222.61,122.52,100.0,55.03795876196037,-44.96204123803963,0.0,67.0,31.0,-36.0,2.161290322580645,5.409903463000054,0.0,0
6808.69,3214.27,66.05,47.20834698010925,-18.84165301989075,33.95,98.0,104.0,6.0,0.9423076923076923,8.826101876815216,1.0,0
2548.04,1079.25,90.13,42.35608546176669,-47.773914538233306,9.870000000000005,61.0,52.0,-9.0,1.1730769230769231,7.843472096681394,1.0,0
1407.33,675.64,99.46,48.00864047522614,-51.451359524773856,0.5400000000000063,64.0,47.0,-17.0,1.3617021276595744,7.250159884256458,1.0,0
257.98,37.1,31.0,14.380959764322816,-16.619040235677183,69.0,20.0,32.0,12.0,0.625,5.556750838640694,0.0,0
326.61,5.34,5.58,1.6349774960962615,-3.9450225039037385,94.42,12.0,31.0,19.0,0.3870967741935484,5.79182387654356,0.0,0
665.59,509.4,95.73,76.53360176685347,-19.19639823314654,4.269999999999996,89.0,33.0,-56.0,2.696969696969697,6.502175164260966,0.0,0
1194.57,759.42,99.92,63.57266631507572,-36.34733368492428,0.0799999999999983,74.0,48.0,-26.0,1.5416666666666667,7.086378338090959,1.0,1
2527.0,924.33,100.0,36.578155916106056,-63.421844083893944,0.0,98.0,42.0,-56.0,2.3333333333333335,7.8351837552667485,1.0,1
416.07,110.65,98.47,26.594082726464297,-71.8759172735357,1.5300000000000011,100.0,19.0,-81.0,5.2631578947368425,6.033254073418364,0.0,1
1112.7,782.77,99.26,70.3487013570594,-28.911298642940608,0.7399999999999949,61.0,36.0,-25.0,1.6944444444444444,7.015443084399054,1.0,1
912.94,331.07,83.98,36.26415755690407,-47.71584244309594,16.019999999999996,38.0,37.0,-1.0,1.027027027027027,6.817764923785166,0.0,0
1200.42,178.35,31.01,14.857299945019243,-16.15270005498076,68.99,37.0,36.0,-1.0,1.0277777777777777,7.091259469522378,1.0,0
1253.26,297.2,58.43,23.714153487704067,-34.71584651229593,41.57,49.0,48.0,-1.0,1.0208333333333333,7.134301036224746,1.0,0
1058.9,367.65,71.92,34.719992444990076,-37.200007555009925,28.08,38.0,37.0,-1.0,1.027027027027027,6.9659298430332095,1.0,0
992.91,279.56,70.86,28.155623369691114,-42.704376630308886,29.14,39.0,39.0,0.0,1.0,6.901646659297728,0.0,0
750.81,203.15,80.81,27.057444626470083,-53.752555373529916,19.189999999999998,38.0,38.0,0.0,1.0,6.622483632451564,0.0,0
1092.18,118.58,33.28,10.857184713142521,-22.422815286857478,66.72,37.0,48.0,11.0,0.7708333333333334,6.996846158972545,1.0,0
909.02,226.03,52.43,24.865239488680118,-27.564760511319882,47.57,37.0,36.0,-1.0,1.0277777777777777,6.8134665772913605,0.0,0
987.1,296.63,63.57,30.050653429237155,-33.51934657076285,36.43,37.0,37.0,0.0,1.0,6.895783907200917,0.0,0
1292.65,298.63,53.73,23.10215448884075,-30.627845511159247,46.27,37.0,36.0,-1.0,1.0277777777777777,7.1652229593403005,1.0,0
569.37,355.88,100.0,62.50417127702548,-37.49582872297452,0.0,64.0,46.0,-18.0,1.391304347826087,6.346285273046531,0.0,1
711.94,407.99,97.96,57.30679551647611,-40.653204483523886,2.0400000000000063,63.0,45.0,-18.0,1.4,6.569397265400712,0.0,1
1063.57,467.8,90.4,43.983940878362496,-46.41605912163751,9.599999999999994,46.0,40.0,-6.0,1.15,6.970326240743634,1.0,1
1877.47,246.05,98.84,13.105402483128891,-85.7345975168711,1.1599999999999966,48.0,44.0,-4.0,1.0909090909090908,7.538212894697518,1.0,0
1877.47,1105.01,94.9,58.85633325698946,-36.04366674301055,5.099999999999994,49.0,35.0,-14.0,1.4,7.538212894697518,1.0,1
645.63,569.44,89.02,88.19912333689575,-0.8208766631042437,10.980000000000004,42.0,35.0,-7.0,1.2,6.471774260750772,0.0,1
348.72,181.22,77.93,51.9671943106217,-25.962805689378307,22.069999999999993,96.0,33.0,-63.0,2.909090909090909,5.85713283431269,0.0,0
977.33,0.0,0.0,0.0,0.0,100.0,15.0,38.0,23.0,0.39473684210526316,6.885847036433257,0.0,0
685.99,444.34,79.0,64.77353897287132,-14.226461027128678,21.0,38.0,37.0,-1.0,1.027027027027027,6.532319736075652,0.0,0
907.76,440.84,91.4,48.56349695954878,-42.83650304045123,8.599999999999994,41.0,33.0,-8.0,1.2424242424242424,6.812081032913731,0.0,0
1097.57,320.17,70.68,29.170804595606665,-41.50919540439334,29.319999999999993,41.0,34.0,-7.0,1.2058823529411764,7.001764613053414,1.0,0
887.28,374.39,99.94,42.19524839960328,-57.74475160039672,0.060000000000002274,36.0,32.0,-4.0,1.125,6.789287008606059,0.0,1
1346.82,128.38,34.35,9.532082980650717,-24.817917019349284,65.65,24.0,33.0,9.0,0.7272727272727273,7.206243751398904,1.0,0
1581.24,856.44,98.2,54.16255596873341,-44.037444031266595,1.7999999999999972,74.0,37.0,-37.0,2.0,7.36659684352168,1.0,1
840.51,495.8,99.28,58.9879953837551,-40.2920046162449,0.7199999999999989,61.0,37.0,-24.0,1.6486486486486487,6.735197897101547,0.0,0
1012.57,508.13,81.06,50.18220962501358,-30.877790374986425,18.939999999999998,61.0,44.0,-17.0,1.3863636363636365,6.921234031094567,1.0,0
813.66,167.91,60.07,20.636383747511246,-39.433616252488754,39.93,37.0,36.0,-1.0,1.0277777777777777,6.702770848283837,0.0,0
747.29,204.06,66.3,27.306668094046486,-38.99333190595351,33.7,37.0,36.0,-1.0,1.0277777777777777,6.617790603372804,0.0,0
1103.9,161.75,41.96,14.652595343781138,-27.307404656218864,58.04,37.0,36.0,-1.0,1.0277777777777777,7.007510112119129,1.0,0
976.41,259.73,73.0,26.60050593500681,-46.39949406499319,27.0,37.0,36.0,-1.0,1.0277777777777777,6.8849062160094165,0.0,0
1398.84,274.15,42.0,19.59838151611335,-22.40161848388665,58.0,43.0,38.0,-5.0,1.131578947368421,7.244113223357954,1.0,0
864.2,294.13,50.17,34.0349456144411,-16.135054385558902,49.83,43.0,40.0,-3.0,1.075,6.762960694078903,0.0,0
166.52,98.26,100.0,59.00792697573864,-40.99207302426136,0.0,41.0,27.0,-14.0,1.5185185185185186,5.121102747122227,0.0,0
450.65,308.61,96.61,68.48108288028403,-28.128917119715965,3.3900000000000006,84.0,56.0,-28.0,1.5,6.112907543595853,0.0,0
496.47,156.97,51.37,31.617217555944972,-19.752782444055025,48.63,69.0,54.0,-15.0,1.2777777777777777,6.209535253272901,0.0,0
1418.67,0.0,1.7,0.0,-1.7,98.3,25.0,53.0,28.0,0.4716981132075472,7.258179729221355,1.0,0
275.5,0.0,49.1,0.0,-49.1,50.9,25.0,35.0,10.0,0.7142857142857143,5.6222108209623896,0.0,0
625.61,0.0,21.02,0.0,-21.02,78.98,27.0,47.0,20.0,0.574468085106383,6.440324337535335,0.0,0
898.19,0.0,34.88,0.0,-34.88,65.12,26.0,42.0,16.0,0.6190476190476191,6.801494358081147,0.0,0
228.72,0.0,99.52,0.0,-99.52,0.480000000000004,109.0,62.0,-47.0,1.7580645161290323,5.436861175996095,0.0,0
184.89,0.0,99.69,0.0,-99.69,0.3100000000000023,109.0,62.0,-47.0,1.7580645161290323,5.225155100919053,0.0,0
1718.59,178.83,81.69,10.405623214379231,-71.28437678562076,18.310000000000002,109.0,61.0,-48.0,1.7868852459016393,7.449841169299332,1.0,0
353.9,0.0,17.81,0.0,-17.81,82.19,67.0,88.0,21.0,0.7613636363636364,5.871836059652451,0.0,0
535.03,161.56,94.92,30.19643758293928,-64.72356241706072,5.079999999999998,48.0,37.0,-11.0,1.2972972972972974,6.284190129653785,0.0,0
421.15,0.0,17.1,0.0,-17.1,82.9,24.0,31.0,7.0,0.7741935483870968,6.045360701115509,0.0,0
173.65,8.07,20.0,4.6472790095018714,-15.352720990498128,80.0,36.0,41.0,5.0,0.8780487804878049,5.162783971252841,0.0,0
382.1,19.65,0.0,5.142632818633865,5.142632818633865,100.0,25.0,37.0,12.0,0.6756756756756757,5.9482960517066035,0.0,0
1019.17,0.0,0.0,0.0,0.0,100.0,12.0,33.0,21.0,0.36363636363636365,6.927724559057638,1.0,0
1264.9,469.24,56.65,37.09700371570875,-19.552996284291247,43.35,36.0,39.0,3.0,0.9230769230769231,7.143538610642783,1.0,0
1000.27,416.11,50.1,41.59976806262309,-8.50023193737691,49.9,36.0,39.0,3.0,0.9230769230769231,6.909024473214282,1.0,0
1457.59,793.68,77.0,54.451526149328686,-22.548473850671314,23.0,36.0,45.0,9.0,0.8,7.285225494637422,1.0,0
286.72,186.64,100.0,65.09486607142856,-34.905133928571445,0.0,60.0,55.0,-5.0,1.0909090909090908,5.661987784999155,0.0,0
746.76,410.28,76.11,54.94134661738711,-21.168653382612888,23.89,54.0,38.0,-16.0,1.4210526315789473,6.617082070874328,0.0,0
1338.61,0.0,12.45,0.0,-12.45,87.55,28.0,43.0,15.0,0.6511627906976745,7.200133805807087,1.0,0
1081.15,0.0,25.08,0.0,-25.08,74.92,25.0,42.0,17.0,0.5952380952380952,6.9867050819605385,1.0,0
224.85,204.31,97.76,90.86502112519457,-6.894978874805432,2.239999999999995,72.0,33.0,-39.0,2.1818181818181817,5.419871062100613,0.0,0
676.18,0.0,57.17,0.0,-57.17,42.83,36.0,47.0,11.0,0.7659574468085106,6.517937116450151,0.0,1
1319.55,0.0,14.6,0.0,-14.6,85.4,25.0,42.0,17.0,0.5952380952380952,7.185803595465632,1.0,0
791.79,0.06,33.22,0.007577766832114576,-33.212422233167885,66.78,25.0,36.0,11.0,0.6944444444444444,6.6755583694145315,0.0,0
870.0,0.0,31.34,0.0,-31.34,68.66,24.0,36.0,12.0,0.6666666666666666,6.769641976852503,0.0,0
1258.13,0.0,10.91,0.0,-10.91,89.09,25.0,44.0,19.0,0.5681818181818182,7.138176285266576,1.0,0
1181.55,0.0,0.0,0.0,0.0,100.0,24.0,42.0,18.0,0.5714285714285714,7.075428402770272,1.0,0
1716.21,918.32,79.34,53.50860325950787,-25.83139674049213,20.659999999999997,36.0,41.0,5.0,0.8780487804878049,7.448456159766946,1.0,0
1256.9,550.91,55.46,43.8308536876442,-11.6291463123558,44.54,37.0,41.0,4.0,0.9024390243902439,7.137198942844827,1.0,0
204.1,0.0,0.0,0.0,0.0,100.0,52.0,32.0,-20.0,1.625,5.323497665078335,0.0,0
516.88,0.0,97.01,0.0,-97.01,2.989999999999995,38.0,34.0,-4.0,1.1176470588235294,6.249743555190446,0.0,0
625.64,0.0,0.0,0.0,0.0,100.0,54.0,34.0,-20.0,1.588235294117647,6.440372213058983,0.0,0
511.02,647.21,100.0,126.65062032797152,26.650620327971524,0.0,96.0,56.0,-40.0,1.7142857142857142,6.238363686776588,0.0,0
957.95,149.51,36.56,15.607286392817995,-20.952713607182005,63.44,26.0,48.0,22.0,0.5416666666666666,6.865838935880846,0.0,0
356.65,0.0,20.45,0.0,-20.45,79.55,38.0,47.0,9.0,0.8085106382978723,5.879554854554393,0.0,0
458.59,217.2,83.29,47.3625678710831,-35.927432128916905,16.709999999999994,38.0,28.0,-10.0,1.3571428571428572,6.130334787687412,0.0,0
890.33,569.61,81.9,63.977401637595044,-17.922598362404962,18.099999999999994,36.0,29.0,-7.0,1.2413793103448276,6.792714729271005,0.0,0
860.37,528.46,87.5,61.42241128816672,-26.07758871183328,12.5,36.0,29.0,-7.0,1.2413793103448276,6.7585241449877635,0.0,0
904.04,520.05,85.2,57.52510950842883,-27.674890491571176,14.799999999999997,36.0,29.0,-7.0,1.2413793103448276,6.807979141618211,0.0,0
846.82,0.0,85.29,0.0,-85.29,14.709999999999994,27.0,27.0,0.0,1.0,6.742668349109737,0.0,0
613.89,260.02,77.66,42.35612243235759,-35.30387756764241,22.340000000000003,48.0,56.0,8.0,0.8571428571428571,6.421443390020222,0.0,0
909.02,638.5,100.0,70.24047875734307,-29.75952124265693,0.0,48.0,34.0,-14.0,1.411764705882353,6.8134665772913605,0.0,0
4997.04,2808.4,73.81,56.201271152522295,-17.608728847477707,26.189999999999998,82.0,112.0,30.0,0.7321428571428571,8.516801114564153,1.0,0
386.51,352.16,97.13,91.11277845333886,-6.017221546661133,2.8700000000000045,122.0,51.0,-71.0,2.392156862745098,5.959741654912034,0.0,0
599.0,405.02,100.0,67.61602671118531,-32.38397328881469,0.0,132.0,51.0,-81.0,2.588235294117647,6.396929655216146,0.0,0
274.34,90.6,100.0,33.024713858715465,-66.97528614128453,0.0,122.0,110.0,-12.0,1.1090909090909091,5.618006697634797,0.0,0
478.3,0.0,96.79,0.0,-96.79,3.2099999999999937,26.0,7.0,-19.0,3.7142857142857144,6.1723267061655855,0.0,0
187.09,0.0,0.0,0.0,0.0,100.0,122.0,117.0,-5.0,1.0427350427350428,5.236920571682713,0.0,0
467.79,72.13,0.0,15.41931208448235,15.41931208448235,100.0,122.0,116.0,-6.0,1.0517241379310345,6.1501549069772725,0.0,1
358.72,0.07,99.05,0.019513826940231935,-99.03048617305977,0.9500000000000028,26.0,7.0,-19.0,3.7142857142857144,5.8853259510463145,0.0,0
438.44,0.0,95.86,0.0,-95.86,4.140000000000001,26.0,7.0,-19.0,3.7142857142857144,6.085501189034365,0.0,0
279.01,0.0,94.73,0.0,-94.73,5.269999999999996,26.0,7.0,-19.0,3.7142857142857144,5.634825316817224,0.0,0
693.97,37.6,93.23,5.418101647045261,-87.81189835295474,6.769999999999996,73.0,28.0,-45.0,2.607142857142857,6.54386867916551,0.0,0
693.97,296.96,100.0,42.79147513581278,-57.20852486418722,0.0,73.0,26.0,-47.0,2.8076923076923075,6.54386867916551,0.0,0
280.75,211.79,99.04,75.43722172751558,-23.60277827248443,0.9599999999999937,48.0,27.0,-21.0,1.7777777777777777,5.641020152919886,0.0,0
5729.47,2.25,0.0,0.03927064807041489,0.03927064807041489,100.0,19.0,65.0,46.0,0.2923076923076923,8.653552830777775,1.0,0
1200.14,0.0,52.0,0.0,-52.0,48.0,99.0,66.0,-33.0,1.5,7.09102638481168,1.0,0
508.76,58.12,47.34,11.423854076578346,-35.91614592342166,52.66,137.0,135.0,-2.0,1.0148148148148148,6.233940026721684,0.0,1
574.26,316.32,71.09,55.08306342075018,-16.006936579249825,28.909999999999997,37.0,42.0,5.0,0.8809523809523809,6.354822112510577,0.0,0
344.71,46.37,62.9,13.451887093498883,-49.448112906501116,37.1,137.0,131.0,-6.0,1.0458015267175573,5.845600273324364,0.0,1
1909.98,1170.13,93.08,61.26399229311302,-31.816007706886978,6.920000000000002,48.0,46.0,-2.0,1.0434782608695652,7.5553714784607555,1.0,1
295.24,33.07,80.36,11.201056767375695,-69.15894323262431,19.64,48.0,40.0,-8.0,1.2,5.691169936605357,0.0,0
477.54,311.39,95.66,65.2071030698999,-30.452896930100096,4.340000000000003,60.0,46.0,-14.0,1.3043478260869565,6.1707398019655315,0.0,0
1408.85,0.0,97.0,0.0,-97.0,3.0,146.0,70.0,-76.0,2.085714285714286,7.25123859473442,1.0,1
780.77,0.04,99.74,0.005123147661923486,-99.73487685233808,0.2600000000000051,146.0,69.0,-77.0,2.1159420289855073,6.661560579637174,0.0,1
201.08,0.01,52.0,0.004973145016908692,-51.99502685498309,48.0,36.0,40.0,4.0,0.9,5.308663658602181,0.0,0
179.86,0.0,0.05,0.0,-0.05,99.95,49.0,53.0,4.0,0.9245283018867925,5.197723251312334,0.0,0
178.85,0.0,98.65,0.0,-98.65,1.3499999999999943,121.0,27.0,-94.0,4.481481481481482,5.192123170141633,0.0,1
369.77,0.0,98.78,0.0,-98.78,1.2199999999999989,121.0,34.0,-87.0,3.5588235294117645,5.915581924269754,0.0,1
553.3,0.0,99.0,0.0,-99.0,1.0,121.0,33.0,-88.0,3.6666666666666665,6.3177060564257586,0.0,1
226.16,0.0,44.0,0.0,-44.0,56.0,25.0,24.0,-1.0,1.0416666666666667,5.425654615009232,0.0,0
624.43,153.21,90.7,24.5359768108515,-66.16402318914851,9.299999999999997,49.0,33.0,-16.0,1.4848484848484849,6.438439413172899,0.0,0
353.27,0.0,3.1,0.0,-3.1,96.9,50.0,50.0,0.0,1.0,5.8700593342813,0.0,0
1060.16,0.0,0.0,0.0,0.0,100.0,42.0,64.0,22.0,0.65625,6.967117928375644,1.0,0
427.29,178.43,93.0,41.75852465538627,-51.24147534461373,7.0,49.0,34.0,-15.0,1.4411764705882353,6.059800536228278,0.0,0
479.37,0.0,55.0,0.0,-55.0,45.0,40.0,49.0,9.0,0.8163265306122449,6.17455664029584,0.0,0
495.16,0.0,32.0,0.0,-32.0,68.0,50.0,51.0,1.0,0.9803921568627451,6.206898455352139,0.0,0
2926.42,0.0,70.41,0.0,-70.41,29.590000000000003,85.0,67.0,-18.0,1.2686567164179106,7.981876768027601,1.0,0
1478.4,823.92,90.9,55.73051948051947,-35.16948051948054,9.099999999999994,90.0,69.0,-21.0,1.3043478260869565,7.2993918791537675,1.0,0
1110.23,0.0,48.74,0.0,-48.74,51.26,68.0,82.0,14.0,0.8292682926829268,7.013222788915872,1.0,0
3064.45,0.0,10.24,0.0,-10.24,89.76,26.0,46.0,20.0,0.5652173913043478,8.027949656516796,1.0,0
1661.25,0.0,5.03,0.0,-5.03,94.97,36.0,60.0,24.0,0.6,7.415927385282564,1.0,0
210.05,115.35,64.05,54.915496310402276,-9.134503689597722,35.95,52.0,26.0,-26.0,2.0,5.352095072228508,0.0,1
325.57,225.44,99.78,69.24470927911048,-30.53529072088952,0.21999999999999886,53.0,34.0,-19.0,1.5588235294117647,5.788644320836681,0.0,0
227.25,208.23,77.35,91.63036303630363,14.28036303630364,22.650000000000006,47.0,44.0,-3.0,1.0681818181818181,5.430441519475078,0.0,1
1282.97,599.36,100.0,46.71660288237449,-53.28339711762551,0.0,62.0,36.0,-26.0,1.7222222222222223,7.157712119490971,1.0,0
1358.77,713.95,100.0,52.5438448008125,-47.4561551991875,0.0,62.0,36.0,-26.0,1.7222222222222223,7.215070846781037,1.0,0
1915.99,0.87,7.13,0.04540733511135236,-7.084592664888648,92.87,36.0,54.0,18.0,0.6666666666666666,7.5585115265479486,1.0,1
1240.93,32.81,11.68,2.6439847533704564,-9.036015246629542,88.32,36.0,55.0,19.0,0.6545454545454545,7.124421900196565,1.0,1
1576.94,18.69,10.8,1.1852067929027104,-9.614793207097291,89.2,36.0,55.0,19.0,0.6545454545454545,7.363875477869246,1.0,1
6291.69,501.89,17.09,7.977030018961519,-9.112969981038482,82.91,42.0,60.0,18.0,0.7,8.747143921229823,1.0,0
1390.92,342.13,44.13,24.5973887786501,-19.532611221349903,55.87,49.0,37.0,-12.0,1.3243243243243243,7.238439367978461,1.0,1
1494.31,258.16,42.6,17.276201056005785,-25.323798943994216,57.4,49.0,41.0,-8.0,1.1951219512195121,7.310088822188649,1.0,1
1857.58,416.49,31.34,22.421107031729456,-8.918892968270544,68.66,48.0,35.0,-13.0,1.3714285714285714,7.527568034277651,1.0,1
984.63,798.12,100.0,81.05785929740105,-18.942140702598948,0.0,67.0,35.0,-32.0,1.9142857142857144,6.8932810306277075,0.0,0
226.32,0.49,7.52,0.2165075998586073,-7.303492400141392,92.48,12.0,25.0,13.0,0.48,5.426358716428921,0.0,0
1505.0,305.23,96.5,20.28106312292359,-76.2189368770764,3.5,42.0,22.0,-20.0,1.9090909090909092,7.317212408359839,1.0,0
1309.47,812.81,100.0,62.0716778543991,-37.9283221456009,0.0,110.0,61.0,-49.0,1.8032786885245902,7.17814113047549,1.0,1
664.02,340.09,97.67,51.216830818348846,-46.453169181651155,2.3299999999999983,123.0,40.0,-83.0,3.075,6.499817115391575,0.0,1
491.04,333.67,93.88,67.95169436298468,-25.928305637015313,6.1200000000000045,53.0,38.0,-15.0,1.394736842105263,6.198560014000584,0.0,0
897.45,838.02,97.85,93.37790406150759,-4.4720959384924015,2.1500000000000057,66.0,34.0,-32.0,1.9411764705882353,6.800671056372463,0.0,1
2156.22,1589.83,99.14,73.73227221712071,-25.40772778287929,0.8599999999999994,66.0,45.0,-21.0,1.4666666666666666,7.6765756346976755,1.0,1
662.44,917.26,85.25,138.4668800193225,53.2168800193225,14.75,109.0,58.0,-51.0,1.8793103448275863,6.497438420142949,0.0,1
1028.28,815.63,91.03,79.31983506437935,-11.710164935620654,8.969999999999999,108.0,45.0,-63.0,2.4,6.93661480766269,1.0,1
2127.86,98.07,89.81,4.608855845779327,-85.20114415422067,10.189999999999998,188.0,36.0,-152.0,5.222222222222222,7.66334190415919,1.0,1
470.5,177.55,65.23,37.736450584484594,-27.49354941551541,34.769999999999996,25.0,30.0,5.0,0.8333333333333334,6.155919102073512,0.0,1
4432.97,1227.02,52.48,27.679411320175863,-24.800588679824134,47.52,41.0,47.0,6.0,0.8723404255319149,8.397050624253504,1.0,0
1637.29,728.91,89.01,44.51929713123515,-44.490702868764856,10.989999999999995,78.0,38.0,-40.0,2.0526315789473686,7.401408293919412,1.0,0
1077.46,774.78,92.0,71.90800586564698,-20.091994134353016,8.0,78.0,38.0,-40.0,2.0526315789473686,6.983289376592503,1.0,0
488.24,82.68,80.83,16.934294609208585,-63.89570539079141,19.17,32.0,25.0,-7.0,1.28,6.192853166619162,0.0,0
1431.36,98.48,10.07,6.880169908338924,-3.1898300916610767,89.93,43.0,51.0,8.0,0.8431372549019608,7.2670787125737935,1.0,1
1199.58,1086.2,89.23,90.54835859217394,1.3183585921739365,10.769999999999996,85.0,54.0,-31.0,1.5740740740740742,7.090560052341493,1.0,1
1473.2,550.3,11.5,37.354059190876995,25.854059190876995,88.5,43.0,59.0,16.0,0.7288135593220338,7.295870748755188,1.0,1
638.29,559.21,99.66,87.61064719798212,-12.049352802017879,0.3400000000000034,98.0,46.0,-52.0,2.130434782608696,6.460358185541786,0.0,1
498.97,3.19,17.12,0.6393169930055915,-16.48068300699441,82.88,25.0,38.0,13.0,0.6578947368421053,6.21454809662212,0.0,0
2185.75,373.6,24.57,17.09253116779138,-7.477468832208622,75.43,48.0,48.0,0.0,1.0,7.690171702299964,1.0,0
1182.94,867.69,99.95,73.35029671834582,-26.599703281654186,0.04999999999999716,123.0,48.0,-75.0,2.5625,7.07660313848422,1.0,1
768.35,383.1,99.2,49.860089802824234,-49.33991019717577,0.7999999999999972,41.0,38.0,-3.0,1.0789473684210527,6.645546002503387,0.0,1
1659.81,445.37,75.45,26.832589272266105,-48.6174107277339,24.549999999999997,62.0,38.0,-24.0,1.631578947368421,7.415060714148047,1.0,1
537.88,197.77,99.99,36.76842418383283,-63.22157581616717,0.010000000000005116,,,-58.0,,6.289492911613907,0.0,1
1769.5,504.17,72.1,28.49222944334558,-43.607770556654415,27.900000000000006,62.0,39.0,-23.0,1.5897435897435896,7.4790172715519585,1.0,1
1020.84,452.21,93.13,44.29783315700795,-48.832166842992045,6.8700000000000045,61.0,37.0,-24.0,1.6486486486486487,6.929360202734522,1.0,1
161.96,0.0,32.0,0.0,-32.0,68.0,26.0,39.0,13.0,0.6666666666666666,5.093504771918551,0.0,0
349.03,0.0,97.9,0.0,-97.9,2.0999999999999943,96.0,34.0,-62.0,2.823529411764706,5.858018865095914,0.0,0
322.4,1.1,48.0,0.34119106699751867,-47.65880893300248,52.0,39.0,51.0,12.0,0.7647058823529411,5.778889947143006,0.0,0
200.67,14.99,0.0,7.469975581800966,7.469975581800966,100.0,39.0,42.0,3.0,0.9285714285714286,5.30663269815175,0.0,0
188.8,102.56,97.0,54.32203389830508,-42.67796610169492,3.0,100.0,36.0,-64.0,2.7777777777777777,5.245970886175828,0.0,0
199.05,15.65,28.87,7.862346144184879,-21.00765385581512,71.13,48.0,55.0,7.0,0.8727272727272727,5.298567335303244,0.0,0
225.41,62.63,45.0,27.784925247327095,-17.215074752672905,55.0,48.0,46.0,-2.0,1.0434782608695652,5.422347514964887,0.0,1
397.44,18.97,10.22,4.773047504025764,-5.446952495974236,89.78,48.0,62.0,14.0,0.7741935483870968,5.987556922276965,0.0,0
286.0,73.61,50.0,25.737762237762237,-24.262237762237763,50.0,48.0,46.0,-2.0,1.0434782608695652,5.659482215759621,0.0,0
351.19,11.48,10.0,3.2688857883197127,-6.731114211680287,90.0,48.0,40.0,-8.0,1.2,5.864170802700472,0.0,0
193.16,97.78,85.0,50.621246634914066,-34.378753365085934,15.0,63.0,33.0,-30.0,1.9090909090909092,5.268682561418346,0.0,0
1828.0,626.17,68.93,34.254376367614874,-34.67562363238513,31.069999999999993,45.0,37.0,-8.0,1.2162162162162162,7.511524648390866,1.0,0
1958.9,536.21,66.21,27.37301546786462,-38.836984532135375,33.790000000000006,45.0,35.0,-10.0,1.2857142857142858,7.580648730514814,1.0,0
1855.59,1258.98,94.81,67.84796210369748,-26.96203789630252,5.189999999999998,71.0,47.0,-24.0,1.5106382978723405,7.526496750761517,1.0,1
2261.3,830.23,70.22,36.714721620306904,-33.505278379693095,29.78,48.0,53.0,5.0,0.9056603773584906,7.724137273876711,1.0,1
1368.19,621.25,98.39,45.40670520907184,-52.98329479092816,1.6099999999999994,52.0,34.0,-18.0,1.5294117647058822,7.2219746030944485,1.0,0
1470.73,694.45,94.2,47.218048180155435,-46.98195181984457,5.799999999999997,51.0,37.0,-14.0,1.3783783783783783,7.294193858551555,1.0,0
1307.16,446.43,61.76,34.15266685027081,-27.607333149729186,38.24,48.0,43.0,-5.0,1.1162790697674418,7.176376848695176,1.0,0
444.21,394.6,100.0,88.83185880551993,-11.168141194480071,0.0,46.0,22.0,-24.0,2.090909090909091,6.0985460809640415,0.0,0
1002.33,718.32,98.75,71.66502050222981,-27.084979497770192,1.25,61.0,35.0,-26.0,1.7428571428571429,6.911079746810157,1.0,1
1096.52,106.47,100.0,9.709809214606208,-90.29019078539379,0.0,125.0,30.0,-95.0,4.166666666666667,7.00080836801791,1.0,1
865.1,592.3,93.1,68.46607328632527,-24.633926713674725,6.900000000000006,75.0,36.0,-39.0,2.0833333333333335,6.764000375336999,0.0,1
198.06,73.03,52.0,36.872664849035644,-15.127335150964356,48.0,41.0,40.0,-1.0,1.025,5.2936062868179175,0.0,1
2089.94,1797.78,99.99,86.02065131056393,-13.96934868943606,0.010000000000005116,68.0,39.0,-29.0,1.7435897435897436,7.64536900461235,1.0,1
1467.44,1373.75,98.25,93.61541187373929,-4.634588126260709,1.75,68.0,48.0,-20.0,1.4166666666666667,7.291955891785577,1.0,1
2067.67,1886.88,100.0,91.25634167928152,-8.743658320718481,0.0,98.0,45.0,-53.0,2.1777777777777776,7.634661167682778,1.0,1
2144.67,2990.33,98.8,139.4307748977698,40.6307748977698,1.2000000000000028,96.0,54.0,-42.0,1.7777777777777777,7.671207136902019,1.0,1
398.25,0.0,0.0,0.0,0.0,100.0,20.0,43.0,23.0,0.46511627906976744,5.989587787095122,0.0,0
641.46,0.0,79.3,0.0,-79.3,20.700000000000003,35.0,36.0,1.0,0.9722222222222222,6.465304558022001,0.0,0
463.08,79.19,38.49,17.10071693875788,-21.38928306124212,61.51,26.0,30.0,4.0,0.8666666666666667,6.140056951157809,0.0,0
246.6,0.0,35.0,0.0,-35.0,65.0,41.0,51.0,10.0,0.803921568627451,5.511814540810441,0.0,1
1295.39,0.0,22.0,0.0,-22.0,78.0,24.0,47.0,23.0,0.5106382978723404,7.167338757569021,1.0,0
398.4,0.0,28.0,0.0,-28.0,72.0,24.0,41.0,17.0,0.5853658536585366,5.989963420981715,0.0,0
699.19,0.0,22.0,0.0,-22.0,78.0,24.0,42.0,18.0,0.5714285714285714,6.551351726784763,0.0,0
151.13,0.0,97.0,0.0,-97.0,3.0,48.0,48.0,0.0,1.0,5.0247354184750375,0.0,1
530.2,58.29,77.0,10.993964541682383,-66.00603545831761,23.0,36.0,39.0,3.0,0.9230769230769231,6.275138598162224,0.0,0
211.28,0.0,99.55,0.0,-99.55,0.45000000000000284,95.0,31.0,-64.0,3.064516129032258,5.357906157959694,0.0,1
173.06,22.53,62.0,13.018606263723564,-48.98139373627644,38.0,39.0,32.0,-7.0,1.21875,5.159400067361368,0.0,1
1155.21,1.52,5.0,0.13157780836384725,-4.868422191636153,95.0,25.0,52.0,27.0,0.4807692307692308,7.052902693633634,1.0,0
237.28,0.0,60.0,0.0,-60.0,40.0,42.0,39.0,-3.0,1.0769230769230769,5.473446452760487,0.0,0
1555.2,989.48,77.0,63.62397119341564,-13.376028806584358,23.0,66.0,47.0,-19.0,1.4042553191489362,7.35000223118283,1.0,1
1263.38,864.33,100.0,68.41409552153746,-31.58590447846254,0.0,66.0,38.0,-28.0,1.736842105263158,7.142337162437177,1.0,1
1644.85,961.69,100.0,58.46672948901116,-41.53327051098884,0.0,76.0,42.0,-34.0,1.8095238095238095,7.4060122470722725,1.0,1
1324.84,1246.47,91.34,94.08456870263579,2.744568702635789,8.659999999999997,97.0,44.0,-53.0,2.2045454545454546,7.189801499815289,1.0,1
2271.86,2574.28,98.9,113.31155969117816,14.411559691178155,1.0999999999999943,70.0,43.0,-27.0,1.627906976744186,7.728794229346754,1.0,1
1710.3,2152.43,97.05,125.85102028883821,28.801020288838217,2.950000000000003,68.0,40.0,-28.0,1.7,7.445008594583406,1.0,1
3834.24,197.13,4.85,5.141305708562845,0.2913057085628452,95.15,32.0,32.0,0.0,1.0,8.251987293329528,1.0,0
1298.0,1007.59,100.0,77.62634822804314,-22.373651771956858,0.0,70.0,44.0,-26.0,1.5909090909090908,7.1693500166706,1.0,1
1415.34,1345.38,99.47,95.05701810165756,-4.412981898342437,0.5300000000000011,70.0,44.0,-26.0,1.5909090909090908,7.255831358425504,1.0,1
1034.04,947.67,100.0,91.6473250551236,-8.352674944876398,0.0,70.0,38.0,-32.0,1.8421052631578947,6.942195352295675,1.0,1
1181.76,1203.89,97.83,101.87263065258598,4.042630652585984,2.1700000000000017,70.0,43.0,-27.0,1.627906976744186,7.075605969347635,1.0,1
466.8,432.48,84.15,92.6478149100257,8.497814910025696,15.849999999999994,21.0,12.0,-9.0,1.75,6.148040854150079,0.0,1
907.39,240.75,45.97,26.53214163700283,-19.43785836299717,54.03,24.0,34.0,10.0,0.7058823529411765,6.811673801804452,0.0,0
1553.76,27.83,50.85,1.7911389146328904,-49.05886108536711,49.15,38.0,35.0,-3.0,1.0857142857142856,7.3490764718655495,1.0,0
752.3,566.97,99.0,75.3648810315034,-23.6351189684966,1.0,73.0,42.0,-31.0,1.7380952380952381,6.624463554831649,0.0,1
778.15,663.37,99.7,85.24963053395875,-14.450369466041252,0.29999999999999716,73.0,37.0,-36.0,1.972972972972973,6.658203581891623,0.0,1
625.58,76.16,21.9,12.174302247514305,-9.725697752485694,78.1,24.0,35.0,11.0,0.6857142857142857,6.440276459719512,0.0,0
819.14,188.7,100.0,23.036355201797008,-76.96364479820299,0.0,96.0,42.0,-54.0,2.2857142857142856,6.709475057392616,0.0,1
1373.06,751.61,96.0,54.739778305390885,-41.260221694609115,4.0,48.0,39.0,-9.0,1.2307692307692308,7.225525139951141,1.0,1
894.01,453.77,98.79,50.75670294515721,-48.0332970548428,1.2099999999999937,121.0,53.0,-68.0,2.2830188679245285,6.796834891396793,0.0,1
162.73,174.82,100.0,107.4294844220488,7.429484422048802,0.0,48.0,18.0,-30.0,2.6666666666666665,5.098218729651401,0.0,1
698.4,418.41,100.0,59.909793814433,-40.090206185567,0.0,67.0,25.0,-42.0,2.68,6.550222824629276,0.0,1
1181.34,847.01,84.5,71.69908747693297,-12.800912523067026,15.5,51.0,39.0,-12.0,1.3076923076923077,7.075250804657419,1.0,0
764.02,7.28,0.68,0.9528546373131594,0.2728546373131594,99.32,36.0,56.0,20.0,0.6428571428571429,6.639901977275643,0.0,0
356.6,103.1,100.0,28.9119461581604,-71.0880538418396,0.0,112.0,30.0,-82.0,3.7333333333333334,5.8794150432993595,0.0,1
2070.44,807.97,64.13,39.02407217789455,-25.105927822105443,35.870000000000005,48.0,42.0,-6.0,1.1428571428571428,7.635999296579512,1.0,0
877.71,611.08,100.0,69.62208474325233,-30.37791525674767,0.0,121.0,42.0,-79.0,2.880952380952381,6.77845492288543,0.0,1
750.53,331.94,97.93,44.227412628409255,-53.70258737159075,2.069999999999993,121.0,43.0,-78.0,2.813953488372093,6.622111128555922,0.0,1
603.08,624.32,99.71,103.5219208065265,3.8119208065265013,0.29000000000000625,67.0,25.0,-42.0,2.68,6.40370663949517,0.0,1
1185.66,53.18,100.0,4.4852655904728165,-95.51473440952718,0.0,,,-79.0,,7.0788979171846576,1.0,1
1185.69,970.22,96.02,81.82745911663251,-14.192540883367485,3.980000000000004,66.0,41.0,-25.0,1.6097560975609757,7.078923197906002,1.0,1
1866.49,964.23,99.91,51.66006782784799,-48.24993217215201,0.09000000000000341,63.0,36.0,-27.0,1.75,7.532350562240293,1.0,1
1533.87,879.35,99.89,57.328847946696925,-42.561152053303076,0.10999999999999943,63.0,37.0,-26.0,1.7027027027027026,7.336200965881104,1.0,1
1606.27,631.62,79.08,39.32215629999938,-39.75784370000062,20.92,63.0,36.0,-27.0,1.75,7.382292366559245,1.0,1
1306.95,563.2,76.13,43.092696736677,-33.037303263323,23.870000000000005,62.0,35.0,-27.0,1.7714285714285714,7.176216304986807,1.0,1
401.74,66.69,40.53,16.600288743963755,-23.929711256036246,59.47,22.0,36.0,14.0,0.6111111111111112,5.998291192450259,0.0,0
1275.31,722.22,97.86,56.63093679183885,-41.22906320816115,2.1400000000000006,86.0,42.0,-44.0,2.0476190476190474,7.151728381106427,1.0,1
927.22,354.55,87.05,38.23795862902008,-48.81204137097992,12.950000000000003,48.0,38.0,-10.0,1.263157894736842,6.833268773655311,0.0,1
1330.23,437.49,99.5,32.888297512460255,-66.61170248753974,0.5,40.0,37.0,-3.0,1.0810810810810811,7.1938586058707035,1.0,0
1269.5,651.45,59.1,51.315478534856254,-7.784521465143747,40.9,48.0,35.0,-13.0,1.3714285714285714,7.1471658027602185,1.0,0
1093.35,394.35,73.74,36.06804774317465,-37.67195225682534,26.260000000000005,37.0,32.0,-5.0,1.15625,6.997915858690094,1.0,1
994.22,619.52,99.97,62.31216430971011,-37.657835690289886,0.030000000000001137,86.0,42.0,-44.0,2.0476190476190474,6.902963818246007,0.0,1
1810.04,496.01,72.5,27.403261806368924,-45.096738193631076,27.5,70.0,42.0,-28.0,1.6666666666666667,7.50165654488411,1.0,1
1741.45,410.51,91.61,23.57288466507795,-68.03711533492205,8.39,40.0,33.0,-7.0,1.2121212121212122,7.463047447818395,1.0,1
345.89,146.64,98.16,42.394981063343835,-55.76501893665616,1.8400000000000034,67.0,37.0,-30.0,1.8108108108108107,5.84900772680898,0.0,1
230.55,15.16,23.24,6.575580134461072,-16.664419865538925,76.76,60.0,63.0,3.0,0.9523809523809523,5.444795832926761,0.0,0
314.67,76.97,60.02,24.4605459687927,-35.5594540312073,39.98,60.0,62.0,2.0,0.967741935483871,5.754697364124307,0.0,0
314.32,0.0,66.77,0.0,-66.77,33.230000000000004,67.0,56.0,-11.0,1.1964285714285714,5.753587996191707,0.0,0
371.93,198.34,91.31,53.32723899658538,-37.98276100341462,8.689999999999998,67.0,52.0,-15.0,1.2884615384615385,5.921390734471734,0.0,0
251.62,74.12,55.18,29.45711787616247,-25.72288212383753,44.82,67.0,69.0,2.0,0.9710144927536232,5.531886383345829,0.0,0
1464.12,843.63,100.0,57.62027702647325,-42.37972297352675,0.0,120.0,52.0,-68.0,2.3076923076923075,7.289692429359422,1.0,1
3419.95,1848.29,95.61,54.04435737364581,-41.56564262635419,4.390000000000001,105.0,51.0,-54.0,2.0588235294117645,8.137673569261324,1.0,1
191.11,181.41,100.0,94.92438909528543,-5.075610904714566,0.0,49.0,28.0,-21.0,1.75,5.258068124640351,0.0,1
696.65,312.68,95.0,44.88337041556018,-50.11662958443982,5.0,48.0,42.0,-6.0,1.1428571428571428,6.547717544338216,0.0,1
930.86,338.46,88.04,36.35992523043207,-51.68007476956794,11.959999999999994,45.0,53.0,8.0,0.8490566037735849,6.837182588809974,0.0,0
815.68,195.95,48.59,24.02290113770106,-24.567098862298945,51.41,44.0,41.0,-3.0,1.0731707317073171,6.705247341267999,0.0,0
1113.02,308.94,26.39,27.756913622396723,1.3669136223967229,73.61,37.0,55.0,18.0,0.6727272727272727,7.015730373647435,1.0,0
1146.19,293.06,90.22,25.56818677531648,-64.65181322468352,9.780000000000001,48.0,37.0,-11.0,1.2972972972972974,7.045070752931492,1.0,1
1322.95,739.38,97.45,55.888733512226466,-41.56126648777354,2.549999999999997,60.0,45.0,-15.0,1.3333333333333333,7.18837497143341,1.0,1
739.39,233.24,91.91,31.544922165568916,-60.36507783443108,8.090000000000003,43.0,38.0,-5.0,1.131578947368421,6.607177074395275,0.0,1
1244.43,59.37,16.67,4.770858947469925,-11.899141052530076,83.33,26.0,40.0,14.0,0.65,7.127236130794443,1.0,0
1703.48,924.82,52.57,54.29004156197901,1.7200415619790093,47.43,48.0,49.0,1.0,0.9795918367346939,7.441015357862887,1.0,1
881.74,641.55,90.11,72.75954362964139,-17.350456370358614,9.89,96.0,38.0,-58.0,2.526315789473684,6.783030706508703,0.0,1
1002.11,491.3,58.05,49.02655397112093,-9.023446028879064,41.95,60.0,38.0,-22.0,1.5789473684210527,6.910860452935552,1.0,1
224.44,0.0,0.0,0.0,0.0,100.0,24.0,46.0,22.0,0.5217391304347826,5.4180540481503705,0.0,0
702.1,0.0,44.01,0.0,-44.01,55.99,30.0,38.0,8.0,0.7894736842105263,6.555499129205115,0.0,0
992.43,34.01,39.84,3.426941950565783,-36.41305804943422,60.16,36.0,42.0,6.0,0.8571428571428571,6.901163601532742,0.0,0
980.21,0.27,49.51,0.02754511788290264,-49.482454882117096,50.49,36.0,40.0,4.0,0.9,6.88878650393452,0.0,0
426.15,97.91,54.89,22.975478118033557,-31.914521881966444,45.11,52.0,43.0,-9.0,1.2093023255813953,6.057135239597628,0.0,0
823.46,262.57,82.01,31.886187550093503,-50.1238124499065,17.989999999999995,45.0,38.0,-7.0,1.1842105263157894,6.714728626571738,0.0,0
1404.94,118.28,36.5,8.418864862556408,-28.081135137443592,63.5,24.0,38.0,14.0,0.631578947368421,7.248461397206838,1.0,0
642.24,0.0,100.0,0.0,-100.0,0.0,60.0,40.0,-20.0,1.5,6.466517904985824,0.0,0
734.64,0.0,43.36,0.0,-43.36,56.64,54.0,58.0,4.0,0.9310344827586207,6.600740868630781,0.0,0
562.45,127.97,69.04,22.75224464396835,-46.28775535603165,30.959999999999994,41.0,39.0,-2.0,1.0512820512820513,6.334078598398358,0.0,0
152.93,74.82,88.01,48.92434447132674,-39.085655528673264,11.989999999999995,72.0,42.0,-30.0,1.7142857142857142,5.036497953621983,0.0,0
796.97,426.41,90.9,53.5038960061232,-37.39610399387681,9.099999999999994,72.0,53.0,-19.0,1.3584905660377358,6.682071002758175,0.0,0
395.25,139.45,86.37,35.28146742567995,-51.088532574320055,13.629999999999995,56.0,36.0,-20.0,1.5555555555555556,5.98204532519149,0.0,0
272.49,157.74,93.5,57.88836287570186,-35.61163712429814,6.5,68.0,52.0,-16.0,1.3076923076923077,5.611265058122292,0.0,0
228.39,163.81,96.95,71.72380577083061,-25.226194229169394,3.049999999999997,68.0,21.0,-47.0,3.238095238095238,5.435423611766036,0.0,0
512.43,155.69,53.4,30.382686415705564,-23.017313584294435,46.6,60.0,23.0,-37.0,2.608695652173913,6.241113700699456,0.0,0
486.45,0.0,0.0,0.0,0.0,100.0,61.0,18.0,-43.0,3.388888888888889,6.189187721075281,0.0,0
255.9,0.0,0.0,0.0,0.0,100.0,96.0,32.0,-64.0,3.0,5.548686904115838,0.0,0
210.79,174.92,96.95,82.98306371269985,-13.966936287300157,3.049999999999997,68.0,21.0,-47.0,3.238095238095238,5.35559521769951,0.0,0
859.67,308.95,50.05,35.93820884758105,-14.111791152418945,49.95,60.0,29.0,-31.0,2.0689655172413794,6.75771115569767,0.0,0
398.51,99.35,98.55,24.930365611904342,-73.61963438809565,1.4500000000000028,60.0,21.0,-39.0,2.857142857142857,5.9902387961821635,0.0,0
322.49,0.0,0.0,0.0,0.0,100.0,96.0,40.0,-56.0,2.4,5.779168201562091,0.0,0
245.3,82.06,68.07,33.45291479820628,-34.617085201793714,31.930000000000007,96.0,82.0,-14.0,1.170731707317073,5.506550305126492,0.0,0
2714.95,1620.48,88.87,59.68728705869354,-29.182712941306463,11.129999999999995,53.0,35.0,-18.0,1.5142857142857142,7.906897079083505,1.0,1
2894.74,781.47,61.42,26.996206913228825,-34.42379308677118,38.58,45.0,36.0,-9.0,1.25,7.970995970469706,1.0,0
1821.72,1157.4,94.14,63.53336407351294,-30.60663592648706,5.859999999999999,54.0,36.0,-18.0,1.5,7.508085169903447,1.0,1
975.38,470.83,62.41,48.27144292480879,-14.138557075191208,37.59,39.0,35.0,-4.0,1.1142857142857143,6.883851854900578,0.0,0
2919.96,1752.78,86.0,60.027534623761966,-25.972465376238034,14.0,60.0,35.0,-25.0,1.7142857142857142,7.979667608353547,1.0,0
1912.17,328.3,26.8,17.168975561796284,-9.631024438203717,73.2,56.0,49.0,-7.0,1.1428571428571428,7.556516831147972,1.0,0
1401.87,965.59,87.1,68.87871200610614,-18.221287993893853,12.900000000000006,56.0,35.0,-21.0,1.6,7.24627541722065,1.0,0
614.48,240.81,42.8,39.18923317276396,-3.6107668272360343,57.2,56.0,37.0,-19.0,1.5135135135135136,6.4224024511891775,0.0,0
961.0,388.13,46.48,40.38813735691987,-6.091862643080127,53.52,40.0,43.0,3.0,0.9302325581395349,6.8690144506657065,0.0,0
242.65,638.36,83.87,263.07850813929525,179.20850813929525,16.129999999999995,40.0,31.0,-9.0,1.2903225806451613,5.495732769289515,0.0,1
855.74,189.56,74.63,22.151588099189006,-52.47841190081099,25.370000000000005,45.0,24.0,-21.0,1.875,6.753134488670259,0.0,0
295.06,131.8,62.0,44.668880905578526,-17.331119094421474,38.0,24.0,29.0,5.0,0.8275862068965517,5.6905621364853465,0.0,0
497.09,240.1,99.97,48.301112474602185,-51.668887525397814,0.030000000000001137,60.0,23.0,-37.0,2.608695652173913,6.210780783587805,0.0,0
315.21,129.54,87.0,41.096411915865616,-45.903588084134384,13.0,50.0,30.0,-20.0,1.6666666666666667,5.756406549828742,0.0,0
458.78,0.0,2.0,0.0,-2.0,98.0,49.0,47.0,-2.0,1.0425531914893618,6.130748114210368,0.0,0
153.01,84.74,93.0,55.3820011763937,-37.6179988236063,7.0,73.0,42.0,-31.0,1.7380952380952381,5.037017535370374,0.0,0
423.18,4.11,0.0,0.9712179214518646,0.9712179214518646,100.0,48.0,41.0,-7.0,1.170731707317073,6.0501578934472,0.0,0
255.73,0.0,6.5,0.0,-6.5,93.5,36.0,50.0,14.0,0.72,5.5480249489877975,0.0,0
300.46,76.93,45.34,25.60407375357785,-19.735926246422153,54.66,46.0,44.0,-2.0,1.0454545454545454,5.708637337382383,0.0,0
687.77,21.7,8.61,3.1551245329107114,-5.454875467089288,91.39,14.0,38.0,24.0,0.3684210526315789,6.534907398158049,0.0,0
1325.8,12.69,0.0,0.9571579423744154,0.9571579423744154,100.0,19.0,42.0,23.0,0.4523809523809524,7.190525307072897,1.0,0
1214.93,769.08,86.57,63.3024124846699,-23.267587515330092,13.430000000000007,49.0,40.0,-9.0,1.225,7.103264495079665,1.0,1
1007.97,366.88,78.1,36.3979086679167,-41.70209133208329,21.900000000000006,49.0,40.0,-9.0,1.225,6.916685287503267,1.0,1
936.26,210.52,40.82,22.485207100591715,-18.334792899408285,59.18,24.0,36.0,12.0,0.6666666666666666,6.842960725070973,0.0,0
303.53,0.73,0.0,0.24050340987711266,0.24050340987711266,100.0,14.0,35.0,21.0,0.4,5.718769604464449,0.0,0
1129.48,527.11,93.45,46.668378368806884,-46.78162163119312,6.549999999999997,66.0,37.0,-29.0,1.7837837837837838,7.03039760027449,1.0,0
1517.87,949.61,76.95,62.56201123943421,-14.38798876056579,23.049999999999997,41.0,37.0,-4.0,1.1081081081081081,7.325721916313227,1.0,1
1436.8,177.44,25.92,12.34966592427617,-13.570334075723832,74.08,36.0,43.0,7.0,0.8372093023255814,7.270869446549771,1.0,0
1274.82,1.69,0.0,0.13256773505279176,0.13256773505279176,100.0,25.0,47.0,22.0,0.5319148936170213,7.151344388123294,1.0,0
662.44,478.47,98.5,72.22842823500996,-26.271571764990043,1.5,109.0,90.0,-19.0,1.211111111111111,6.497438420142949,0.0,1
1479.72,866.62,99.5,58.566485551320525,-40.933514448679475,0.5,48.0,38.0,-10.0,1.263157894736842,7.3002837349484615,1.0,1
1504.8,785.08,91.83,52.17171717171718,-39.65828282828282,8.170000000000002,96.0,64.0,-32.0,1.5,7.317079597416022,1.0,1
1444.94,643.68,85.89,44.547178429554165,-41.342821570445835,14.11,42.0,39.0,-3.0,1.0769230769230769,7.276514908081886,1.0,1
1565.47,0.12,4.0,0.007665429551508492,-3.9923345704484916,96.0,16.0,38.0,22.0,0.42105263157894735,7.356579959235356,1.0,0
235.42,0.0,5.0,0.0,-5.0,95.0,36.0,58.0,22.0,0.6206896551724138,5.465609884322231,0.0,0
298.0,167.23,52.0,56.11744966442953,4.117449664429529,48.0,67.0,46.0,-21.0,1.4565217391304348,5.700443573390687,0.0,1
204.42,0.0,0.0,0.0,0.0,100.0,40.0,50.0,10.0,0.8,5.325056663737659,0.0,0
398.48,211.59,93.25,53.099277253563535,-40.150722746436465,6.75,48.0,35.0,-13.0,1.3714285714285714,5.990163701374934,0.0,0
718.52,308.84,80.0,42.98279797361243,-37.01720202638757,20.0,48.0,36.0,-12.0,1.3333333333333333,6.5785843230223975,0.0,0
157.32,103.33,68.0,65.68141367912536,-2.318586320874644,32.0,84.0,32.0,-52.0,2.625,5.064618301294311,0.0,1
177.94,106.78,75.0,60.008991794987075,-14.991008205012925,25.0,48.0,35.0,-13.0,1.3714285714285714,5.18705055411945,0.0,0
471.62,80.08,64.33,16.979771850218395,-47.3502281497816,35.67,36.0,37.0,1.0,0.972972972972973,6.158291682943288,0.0,0
170.34,106.85,92.65,62.72748620406246,-29.922513795937547,7.349999999999994,48.0,23.0,-25.0,2.0869565217391304,5.143649886535898,0.0,0
445.62,0.0,65.0,0.0,-65.0,35.0,37.0,37.0,0.0,1.0,6.101708121206741,0.0,0
333.96,37.36,20.0,11.186968499221464,-8.813031500778536,80.0,37.0,52.0,15.0,0.7115384615384616,5.814011121710887,0.0,0
350.69,191.38,78.08,54.572414383073365,-23.507585616926633,21.92,50.0,36.0,-14.0,1.3888888888888888,5.8627501057518465,0.0,0
264.14,3.58,0.0,1.355341864162944,1.355341864162944,100.0,49.0,27.0,-22.0,1.8148148148148149,5.580257988370704,0.0,0
516.96,105.04,75.0,20.318786753327142,-54.681213246672854,25.0,62.0,59.0,-3.0,1.0508474576271187,6.249898019200639,0.0,0
617.28,4.47,32.53,0.7241446345256609,-31.80585536547434,67.47,36.0,46.0,10.0,0.782608695652174,6.426941429284118,0.0,0
255.88,179.66,93.0,70.2125996560888,-22.7874003439112,7.0,48.0,28.0,-20.0,1.7142857142857142,5.548609049781258,0.0,0
196.05,0.0,30.0,0.0,-30.0,70.0,37.0,37.0,0.0,1.0,5.283457503641013,0.0,0
355.72,179.25,76.86,50.390756774991566,-26.469243225008434,23.14,50.0,35.0,-15.0,1.4285714285714286,5.876951160319221,0.0,0
423.15,0.0,0.0,0.0,0.0,100.0,84.0,45.0,-39.0,1.8666666666666667,6.050087166253744,0.0,0
166.58,35.33,40.0,21.209028694921354,-18.790971305078646,60.0,38.0,32.0,-6.0,1.1875,5.121460849185141,0.0,0
957.09,211.49,0.0,22.097190441860224,22.097190441860224,100.0,37.0,47.0,10.0,0.7872340425531915,6.864941719278488,0.0,0
313.56,0.0,46.52,0.0,-46.52,53.48,38.0,37.0,-1.0,1.027027027027027,5.751174836958802,0.0,0
394.95,0.0,0.0,0.0,0.0,100.0,39.0,56.0,17.0,0.6964285714285714,5.981287940656421,0.0,0
613.65,0.0,0.0,0.0,0.0,100.0,26.0,46.0,20.0,0.5652173913043478,6.42105300011335,0.0,0
1135.39,698.19,81.89,61.49340755159021,-20.39659244840979,18.11,51.0,45.0,-6.0,1.1333333333333333,7.035611850222907,1.0,0
1454.67,633.86,98.87,43.57414396392309,-55.29585603607691,1.1299999999999955,110.0,42.0,-68.0,2.619047619047619,7.283221554716364,1.0,1
1438.74,926.25,99.2,64.37924850911214,-34.82075149088786,0.7999999999999972,67.0,32.0,-35.0,2.09375,7.272217820712374,1.0,1
2355.56,824.34,74.43,34.99550000849055,-39.434499991509455,25.569999999999993,49.0,40.0,-9.0,1.225,7.764958207529144,1.0,0
1246.15,197.97,44.02,15.886530513983066,-28.133469486016935,55.98,36.0,44.0,8.0,0.8181818181818182,7.128616227138795,1.0,0
1363.9,72.94,17.5,5.347899406114817,-12.152100593885184,82.5,26.0,39.0,13.0,0.6666666666666666,7.21883644486215,1.0,0
1427.88,400.24,41.0,28.03036669748158,-12.969633302518421,59.0,25.0,36.0,11.0,0.6944444444444444,7.264646199596228,1.0,0
626.01,42.5,24.06,6.789028929250332,-17.270971070749667,75.94,25.0,29.0,4.0,0.8620689655172413,6.4409624894690545,0.0,0
1167.52,843.6,99.5,72.25572152939564,-27.244278470604357,0.5,96.0,58.0,-38.0,1.6551724137931034,7.06349326979307,1.0,1
1660.19,1264.16,93.52,76.14550141851234,-17.374498581487657,6.480000000000004,63.0,35.0,-28.0,1.8,7.415289491993717,1.0,0
3496.01,1375.0,99.19,39.33055111398423,-59.85944888601577,0.8100000000000023,97.0,45.0,-52.0,2.1555555555555554,8.159663596653225,1.0,1
738.37,0.0,5.31,0.0,-5.31,94.69,16.0,38.0,22.0,0.42105263157894735,6.605798472241485,0.0,0
1340.15,843.55,90.12,62.94444651718091,-27.175553482819097,9.879999999999995,36.0,26.0,-10.0,1.3846153846153846,7.201282733849437,1.0,0
456.79,395.56,90.08,86.59559097178135,-3.48440902821865,9.920000000000002,96.0,57.0,-39.0,1.6842105263157894,6.126410563680066,0.0,0
883.62,60.91,16.85,6.893234648378262,-9.95676535162174,83.15,37.0,50.0,13.0,0.74,6.785158174267498,0.0,1
909.86,2.9,4.28,0.3187303541204141,-3.961269645879586,95.72,37.0,58.0,21.0,0.6379310344827587,6.8143892081726785,0.0,0
1062.76,92.49,13.14,8.702811547291956,-4.437188452708044,86.86,37.0,50.0,13.0,0.74,6.969565080548451,1.0,0
1272.71,97.25,12.0,7.6411751302339095,-4.3588248697660905,88.0,38.0,51.0,13.0,0.7450980392156863,7.149689180707235,1.0,0
2082.98,864.0,81.96,41.479034844309595,-40.4809651556904,18.040000000000006,86.0,57.0,-29.0,1.5087719298245614,7.642034805898224,1.0,1
1386.41,915.67,67.68,66.04611911339357,-1.633880886606434,32.31999999999999,60.0,43.0,-17.0,1.3953488372093024,7.235193978651909,1.0,1
839.0,8.24,100.0,0.9821215733015495,-99.01787842669845,0.0,191.0,44.0,-147.0,4.340909090909091,6.733401891837359,0.0,0
2032.15,504.51,59.29,24.826415372880938,-34.46358462711906,40.71,60.0,53.0,-7.0,1.1320754716981132,7.617341593493855,1.0,0
1181.68,775.99,93.75,65.66837045562251,-28.081629544377492,6.25,49.0,36.0,-13.0,1.3611111111111112,7.075538328654969,1.0,1
1317.74,1015.48,99.2,77.06224293107897,-22.137757068921033,0.7999999999999972,73.0,36.0,-37.0,2.0277777777777777,7.184432014257237,1.0,1
1644.92,326.66,97.8,19.858716533326852,-77.94128346667314,2.200000000000003,164.0,49.0,-115.0,3.3469387755102042,7.40605477738272,1.0,1
1141.88,176.76,31.07,15.479735173573403,-15.590264826426598,68.93,36.0,44.0,8.0,0.8181818181818182,7.041306671406662,1.0,0
1311.41,4.66,8.01,0.3553427227182956,-7.6546572772817045,91.99,25.0,43.0,18.0,0.5813953488372093,7.17962042068608,1.0,0
1452.43,126.2,28.5,8.68888689988502,-19.81111310011498,71.5,25.0,40.0,15.0,0.625,7.281681559224496,1.0,0
1021.57,695.38,97.8,68.06973579881947,-29.730264201180532,2.200000000000003,123.0,39.0,-84.0,3.1538461538461537,6.930074345231403,1.0,1
2919.8,1378.91,99.19,47.226179875333926,-51.96382012466607,0.8100000000000023,97.0,52.0,-45.0,1.8653846153846154,7.979612830341427,1.0,1
2531.99,1275.33,99.65,50.36868234076755,-49.28131765923246,0.3499999999999943,116.0,44.0,-72.0,2.6363636363636362,7.837155702106002,1.0,1
309.9,72.86,20.78,23.510809938689903,2.7308099386899016,79.22,54.0,30.0,-24.0,1.8,5.739471317064708,0.0,0
1519.72,35.48,100.0,2.3346405916879425,-97.66535940831206,0.0,132.0,41.0,-91.0,3.2195121951219514,7.326939185897898,1.0,0
2082.69,718.08,99.7,34.47848695677225,-65.22151304322776,0.29999999999999716,119.0,40.0,-79.0,2.975,7.64189563940929,1.0,1
1214.3,479.2,71.41,39.463065140410116,-31.94693485958988,28.590000000000003,96.0,42.0,-54.0,2.2857142857142856,7.102746238876755,1.0,0
688.0,569.97,82.34,82.84447674418604,0.5044767441860358,17.659999999999997,71.0,33.0,-38.0,2.1515151515151514,6.535241271013659,0.0,0
1364.14,551.42,100.0,40.42253727623264,-59.57746272376736,0.0,97.0,44.0,-53.0,2.2045454545454546,7.219012266462286,1.0,1
1505.85,586.41,99.97,38.942125709732046,-61.02787429026795,0.030000000000001137,97.0,44.0,-53.0,2.2045454545454546,7.317776658171513,1.0,1
1444.5,816.79,96.63,56.544825199030804,-40.08517480096919,3.3700000000000045,97.0,61.0,-36.0,1.5901639344262295,7.2762105614564,1.0,1
294.28,0.0,98.0,0.0,-98.0,2.0,109.0,30.0,-79.0,3.6333333333333333,5.687924058721743,0.0,1
1746.45,785.78,90.02,44.99298577113573,-45.02701422886427,9.980000000000004,69.0,46.0,-23.0,1.5,7.465912861395335,1.0,1
2714.6,1008.4,82.44,37.14727768363663,-45.29272231636337,17.560000000000002,67.0,45.0,-22.0,1.488888888888889,7.906768202427492,1.0,1
3205.77,771.49,60.07,24.065669090421334,-36.00433090957867,39.93,65.0,45.0,-20.0,1.4444444444444444,8.073019479004667,1.0,1
210.0,77.9,100.0,37.095238095238095,-62.904761904761905,0.0,72.0,27.0,-45.0,2.6666666666666665,5.351858133476067,0.0,1
4924.11,1762.86,99.75,35.80058122178424,-63.94941877821576,0.25,62.0,42.0,-20.0,1.4761904761904763,8.502101888382146,1.0,0
4023.94,1466.03,98.84,36.4327002887717,-62.407299711228305,1.1599999999999966,61.0,41.0,-20.0,1.4878048780487805,8.300265282909258,1.0,0
4225.59,648.31,88.2,15.342472885443215,-72.85752711455679,11.799999999999997,57.0,43.0,-14.0,1.3255813953488371,8.349150800357336,1.0,0
4302.06,705.39,84.18,16.39656350678512,-67.78343649321488,15.819999999999993,57.0,44.0,-13.0,1.2954545454545454,8.367081676501554,1.0,0
3465.82,767.68,64.93,22.150025102284594,-42.77997489771541,35.06999999999999,52.0,41.0,-11.0,1.2682926829268293,8.150993026252433,1.0,1
2429.52,1677.4,83.93,69.04244459810992,-14.887555401890083,16.069999999999993,43.0,41.0,-2.0,1.048780487804878,7.795860505211168,1.0,0
2878.97,1998.42,76.31,69.41440862530698,-6.895591374693026,23.689999999999998,54.0,36.0,-18.0,1.5,7.965535156409071,1.0,0
3273.61,1185.17,71.2,36.20376281841759,-34.996237181582416,28.799999999999997,51.0,38.0,-13.0,1.3421052631578947,8.093954057008828,1.0,0
2842.14,783.02,73.89,27.55036697699621,-46.33963302300379,26.11,57.0,40.0,-17.0,1.425,7.952664354195161,1.0,1
1187.47,631.69,52.71,53.196291274726946,0.4862912747269448,47.29,42.0,33.0,-9.0,1.2727272727272727,7.08042204458011,1.0,1
1424.77,927.08,98.75,65.06874793826373,-33.681252061736274,1.25,97.0,60.0,-37.0,1.6166666666666667,7.262467297642978,1.0,1
2641.37,867.3,81.8,32.83523323123985,-48.96476676876015,18.200000000000003,57.0,45.0,-12.0,1.2666666666666666,7.879431520696962,1.0,1
3635.64,524.28,44.34,14.420569693368982,-29.91943030663102,55.66,51.0,37.0,-14.0,1.3783783783783783,8.198815457409848,1.0,0
398.37,282.19,90.59,70.83615734116525,-19.753842658834756,9.409999999999997,60.0,22.0,-38.0,2.727272727272727,5.989888305491614,0.0,0
381.01,221.62,82.74,58.16645232408598,-24.573547675914014,17.260000000000005,60.0,22.0,-38.0,2.727272727272727,5.945446786274408,0.0,0
404.89,321.28,75.38,79.3499468991578,3.9699468991578044,24.620000000000005,60.0,22.0,-38.0,2.727272727272727,6.006082186931363,0.0,0
648.05,0.0,50.0,0.0,-50.0,50.0,24.0,35.0,11.0,0.6857142857142857,6.4755097553390035,0.0,0
511.83,0.0,94.5,0.0,-94.5,5.5,132.0,28.0,-104.0,4.714285714285714,6.239944406235359,0.0,1
241.23,0.0,29.09,0.0,-29.09,70.91,48.0,45.0,-3.0,1.0666666666666667,5.48988768802314,0.0,1
329.14,0.0,93.68,0.0,-93.68,6.319999999999993,50.0,44.0,-6.0,1.1363636363636365,5.799516806919395,0.0,0
365.21,0.0,88.0,0.0,-88.0,12.0,48.0,38.0,-10.0,1.263157894736842,5.903206939349818,0.0,0
386.49,164.43,64.71,42.544438407203295,-22.1655615927967,35.290000000000006,48.0,35.0,-13.0,1.3714285714285714,5.959690042008797,0.0,0
425.97,0.0,19.31,0.0,-19.31,80.69,25.0,40.0,15.0,0.625,6.056713753149202,0.0,0
275.4,0.0,49.53,0.0,-49.53,50.47,36.0,38.0,2.0,0.9473684210526315,5.621849091893515,0.0,0
315.55,0.0,25.3,0.0,-25.3,74.7,36.0,44.0,8.0,0.8181818181818182,5.7574812069901355,0.0,0
492.12,0.0,87.5,0.0,-87.5,12.5,48.0,52.0,4.0,0.9230769230769231,6.200752552131751,0.0,1
179.18,71.77,67.0,40.05469360419689,-26.945306395803108,33.0,48.0,33.0,-15.0,1.4545454545454546,5.193956351223294,0.0,0
158.36,0.0,60.0,0.0,-60.0,40.0,48.0,43.0,-5.0,1.1162790697674418,5.071165793836288,0.0,0
305.12,0.0,78.0,0.0,-78.0,22.0,51.0,34.0,-17.0,1.5,5.72397718194172,0.0,0
467.93,0.0,86.03,0.0,-86.03,13.969999999999999,36.0,45.0,9.0,0.8,6.1504535035754895,0.0,0
492.66,0.0,62.99,0.0,-62.99,37.01,37.0,44.0,7.0,0.8409090909090909,6.201847021119578,0.0,0
348.06,0.0,68.27,0.0,-68.27,31.730000000000004,36.0,39.0,3.0,0.9230769230769231,5.8552438271966905,0.0,0
416.96,0.0,13.11,0.0,-13.11,86.89,36.0,45.0,9.0,0.8,6.03538573416591,0.0,0
214.07,0.0,35.19,0.0,-35.19,64.81,36.0,30.0,-6.0,1.2,5.370963556532891,0.0,0
352.69,0.0,47.29,0.0,-47.29,52.71,48.0,46.0,-2.0,1.0434782608695652,5.868420823264403,0.0,0
998.95,15.92,0.0,1.593673357024876,1.593673357024876,100.0,12.0,34.0,22.0,0.35294117647058826,6.907705277732095,0.0,0
207.77,108.66,64.82,52.29821437166097,-12.521785628339025,35.18000000000001,43.0,23.0,-20.0,1.8695652173913044,5.3412331675248685,0.0,1
1162.8,486.3,84.2,41.821465428276575,-42.37853457172343,15.799999999999997,48.0,34.0,-14.0,1.411764705882353,7.0594457922225695,1.0,1
1001.69,687.71,89.0,68.65497309546866,-20.345026904531338,11.0,62.0,39.0,-23.0,1.5897435897435896,6.9104416674074445,1.0,0
1504.37,431.27,84.0,28.667814433949097,-55.3321855660509,16.0,40.0,38.0,-2.0,1.0526315789473684,7.316793994143591,1.0,0
1175.0,14.04,99.93,1.1948936170212765,-98.73510638297873,0.06999999999999318,195.0,38.0,-157.0,5.131578947368421,7.069874128458572,1.0,0
521.21,174.87,60.64,33.55077607873985,-27.08922392126015,39.36,40.0,35.0,-5.0,1.1428571428571428,6.2580698058327275,0.0,0
200.99,89.69,83.56,44.624110652271256,-38.93588934772875,16.439999999999998,24.0,29.0,5.0,0.8275862068965517,5.308218191225299,0.0,0
1032.3,5.99,10.16,0.5802576770318707,-9.57974232296813,89.84,17.0,37.0,20.0,0.4594594594594595,6.94051284322031,1.0,1
1003.87,342.87,80.34,34.15482084333629,-46.185179156663715,19.659999999999997,42.0,39.0,-3.0,1.0769230769230769,6.912613458892494,1.0,0
790.78,437.15,93.53,55.280861933786895,-38.249138066213106,6.469999999999999,60.0,37.0,-23.0,1.6216216216216217,6.674283575449255,0.0,0
710.92,388.63,83.0,54.66578517976707,-28.33421482023293,17.0,43.0,48.0,5.0,0.8958333333333334,6.567965545548606,0.0,0
1005.59,44.1,15.02,4.385485138078144,-10.634514861921856,84.98,17.0,36.0,19.0,0.4722222222222222,6.914323659860169,1.0,0
618.33,3.77,3.94,0.6097067908721879,-3.330293209127812,96.06,12.0,33.0,21.0,0.36363636363636365,6.428638248559866,0.0,0
903.44,76.95,17.5,8.517444434605508,-8.982555565394492,82.5,17.0,37.0,20.0,0.4594594594594595,6.807315967643379,0.0,0
917.26,459.78,74.56,50.12537339467544,-24.43462660532456,25.439999999999998,40.0,40.0,0.0,1.0,6.8224805749209025,0.0,0
911.24,459.73,77.0,50.451033756200346,-26.548966243799654,23.0,42.0,42.0,0.0,1.0,6.815903113349103,0.0,0
612.94,326.81,76.1,53.31843247299899,-22.781567527001002,23.900000000000006,43.0,43.0,0.0,1.0,6.419897203502538,0.0,0
652.33,444.83,88.0,68.19094630018549,-19.809053699814513,12.0,42.0,30.0,-12.0,1.4,6.482082361502622,0.0,0
794.7,46.92,20.13,5.904114760286901,-14.225885239713097,79.87,17.0,36.0,19.0,0.4722222222222222,6.679222230383489,0.0,0
1011.29,371.56,90.85,36.741191942963944,-54.10880805703605,9.150000000000006,50.0,33.0,-17.0,1.5151515151515151,6.919970370061396,1.0,0
1146.22,566.38,96.21,49.4128526809862,-46.797147319013796,3.7900000000000063,74.0,45.0,-29.0,1.6444444444444444,7.045096903445133,1.0,1
178.18,142.2,57.14,79.8069368054776,22.666936805477604,42.86,62.0,30.0,-32.0,2.066666666666667,5.188390887169432,0.0,0
909.84,399.37,99.0,43.894530906533014,-55.105469093466986,1.0,51.0,29.0,-22.0,1.7586206896551724,6.814367250660464,0.0,1
581.65,230.36,68.87,39.60457319693975,-29.265426803060258,31.129999999999995,41.0,35.0,-6.0,1.1714285714285715,6.367586663019273,0.0,1
950.27,395.04,100.0,41.57134288149684,-58.42865711850316,0.0,103.0,30.0,-73.0,3.433333333333333,6.857797933922023,0.0,0
355.36,189.7,80.16,53.38248536695181,-26.777514633048185,19.840000000000003,31.0,32.0,1.0,0.96875,5.875941455852443,0.0,0
1534.7,180.48,6.12,11.75995308529354,5.6399530852935404,93.88,25.0,46.0,21.0,0.5434782608695652,7.336741582131647,1.0,0
1430.56,8.62,0.0,0.6025612347612124,0.6025612347612124,100.0,24.0,48.0,24.0,0.5,7.266520037735943,1.0,0
1102.97,36.75,12.44,3.331912926008867,-9.108087073991133,87.56,24.0,41.0,17.0,0.5853658536585366,7.0066680525547795,1.0,0
784.14,284.02,40.22,36.2205728568878,-3.9994271431122,59.78,25.0,37.0,12.0,0.6756756756756757,6.665862045830061,0.0,1
1425.98,11.29,5.01,0.7917362094840039,-4.218263790515996,94.99,12.0,34.0,22.0,0.35294117647058826,7.2633156019616605,1.0,0
1123.17,53.31,15.01,4.74638745692994,-10.26361254307006,84.99,25.0,42.0,17.0,0.5952380952380952,7.024800264568783,1.0,0
461.23,0.0,0.0,0.0,0.0,100.0,36.0,58.0,22.0,0.6206896551724138,6.136062602700595,0.0,0
866.0,590.91,99.8,68.23441108545035,-31.56558891454965,0.20000000000000284,74.0,43.0,-31.0,1.7209302325581395,6.7650389767805414,0.0,1
1081.51,345.65,40.25,31.95994489186415,-8.29005510813585,59.75,38.0,38.0,0.0,1.0,6.9870376977092645,1.0,1
619.55,0.0,6.05,0.0,-6.05,93.95,24.0,43.0,19.0,0.5581395348837209,6.43060618157553,0.0,0
478.83,0.0,95.0,0.0,-95.0,5.0,60.0,36.0,-24.0,1.6666666666666667,6.173431874503444,0.0,1
496.64,0.0,67.58,0.0,-67.58,32.42,48.0,31.0,-17.0,1.5483870967741935,6.2098769240462905,0.0,0
984.07,0.0,100.0,0.0,-100.0,0.0,37.0,42.0,5.0,0.8809523809523809,6.892712704636869,0.0,0
406.54,0.0,95.84,0.0,-95.84,4.159999999999997,104.0,26.0,-78.0,4.0,6.0101390873727905,0.0,0
574.18,0.06,10.0,0.010449684767842837,-9.989550315232156,90.0,15.0,27.0,12.0,0.5555555555555556,6.354683035287725,0.0,0
680.43,0.0,98.37,0.0,-98.37,1.6299999999999955,90.0,31.0,-59.0,2.903225806451613,6.524193531260934,0.0,1
354.21,0.0,47.19,0.0,-47.19,52.81,12.0,25.0,13.0,0.48,5.872709163874876,0.0,0
1142.62,0.0,97.5,0.0,-97.5,2.5,120.0,47.0,-73.0,2.5531914893617023,7.041953948927621,1.0,0
1006.99,0.0,80.06,0.0,-80.06,19.939999999999998,120.0,44.0,-76.0,2.727272727272727,6.915713527947183,1.0,1
1117.75,287.96,90.14,25.762469246253634,-64.37753075374637,9.86,120.0,44.0,-76.0,2.727272727272727,7.019967269589065,1.0,1
195.38,0.0,80.0,0.0,-80.0,20.0,45.0,25.0,-20.0,1.8,5.280051557741144,0.0,0
631.76,187.58,73.23,29.69165505888312,-43.53834494111688,26.769999999999996,24.0,38.0,14.0,0.631578947368421,6.450091203330379,0.0,0
533.76,0.0,55.21,0.0,-55.21,44.79,24.0,38.0,14.0,0.631578947368421,6.281818048114922,0.0,0
163.86,0.0,42.78,0.0,-42.78,57.22,48.0,38.0,-10.0,1.263157894736842,5.105096628885081,0.0,0
213.33,0.0,95.88,0.0,-95.88,4.1200000000000045,48.0,30.0,-18.0,1.6,5.367516883349041,0.0,0
657.16,0.0,71.5,0.0,-71.5,28.5,24.0,38.0,14.0,0.631578947368421,6.489448062860675,0.0,0
183.41,64.87,95.0,35.36884575541138,-59.63115424458862,5.0,24.0,28.0,4.0,0.8571428571428571,5.217161539587027,0.0,0
328.11,0.0,34.15,0.0,-34.15,65.85,37.0,30.0,-7.0,1.2333333333333334,5.796392041388594,0.0,0
386.16,30.86,53.2,7.991506111456391,-45.208493888543615,46.8,24.0,30.0,6.0,0.8,5.9588380442808875,0.0,0
316.44,0.0,31.71,0.0,-31.71,68.28999999999999,48.0,42.0,-6.0,1.1428571428571428,5.7602888240965076,0.0,0
325.79,0.24,12.62,0.07366708615979618,-12.546332913840203,87.38,18.0,27.0,9.0,0.6666666666666666,5.7893177627624635,0.0,0
206.54,0.0,65.14,0.0,-65.14,34.86,48.0,37.0,-11.0,1.2972972972972974,5.3353240921771325,0.0,0
545.64,0.0,97.25,0.0,-97.25,2.75,109.0,28.0,-81.0,3.892857142857143,6.303790450472523,0.0,0
369.39,323.75,86.3,87.64449497820732,1.3444949782073223,13.700000000000003,96.0,21.0,-75.0,4.571428571428571,5.914556504567403,0.0,0
407.2,0.0,91.89,0.0,-91.89,8.11,110.0,29.0,-81.0,3.793103448275862,6.011757250375744,0.0,0
167.97,0.0,93.75,0.0,-93.75,6.25,60.0,38.0,-22.0,1.5789473684210527,5.129721184372558,0.0,0
164.13,98.68,100.0,60.12307317370378,-39.87692682629622,0.0,24.0,25.0,1.0,0.96,5.106733042474897,0.0,0
280.57,0.0,61.61,0.0,-61.61,38.39,60.0,38.0,-22.0,1.5789473684210527,5.640381084517819,0.0,0
459.39,0.0,69.15,0.0,-69.15,30.849999999999994,37.0,43.0,6.0,0.8604651162790697,6.132073956368573,0.0,0
224.44,0.0,91.0,0.0,-91.0,9.0,60.0,30.0,-30.0,2.0,5.4180540481503705,0.0,0
540.35,95.57,43.0,17.686684556306094,-25.313315443693906,57.0,24.0,38.0,14.0,0.631578947368421,6.294066019756907,0.0,0
349.57,0.0,37.4,0.0,-37.4,62.6,24.0,32.0,8.0,0.75,5.859560401227616,0.0,0
355.12,0.0,43.46,0.0,-43.46,56.54,24.0,30.0,6.0,0.8,5.87526775270547,0.0,0
761.83,0.0,15.0,0.0,-15.0,85.0,24.0,38.0,14.0,0.631578947368421,6.637035201741581,0.0,0
488.6,0.0,96.19,0.0,-96.19,3.8100000000000023,110.0,30.0,-80.0,3.6666666666666665,6.193588731198116,0.0,0
653.46,7.33,98.08,1.1217212989318397,-96.95827870106815,1.9200000000000017,110.0,31.0,-79.0,3.5483870967741935,6.4838104681271025,0.0,0
157.62,0.0,68.93,0.0,-68.93,31.069999999999993,48.0,28.0,-20.0,1.7142857142857142,5.066511404655174,0.0,0
396.17,85.57,63.2,21.59931342605447,-41.60068657394554,36.8,24.0,28.0,4.0,0.8571428571428571,5.984364400617675,0.0,0
341.8,0.0,82.0,0.0,-82.0,18.0,108.0,27.0,-81.0,4.0,5.837147186723625,0.0,0
381.77,0.0,83.93,0.0,-83.93,16.069999999999993,109.0,28.0,-81.0,3.892857142857143,5.947434286601761,0.0,0
226.58,0.0,60.7,0.0,-60.7,39.3,24.0,31.0,7.0,0.7741935483870968,5.4275018249288625,0.0,0
428.8,0.0,93.46,0.0,-93.46,6.540000000000006,48.0,38.0,-10.0,1.263157894736842,6.06331998420841,0.0,0
349.08,0.0,17.0,0.0,-17.0,83.0,12.0,34.0,22.0,0.35294117647058826,5.858161699793562,0.0,0
227.19,0.0,99.15,0.0,-99.15,0.8499999999999943,96.0,21.0,-75.0,4.571428571428571,5.430178615258333,0.0,0
162.67,0.0,72.0,0.0,-72.0,28.0,25.0,28.0,3.0,0.8928571428571429,5.097852205517793,0.0,0
181.58,0.0,93.01,0.0,-93.01,6.989999999999995,24.0,23.0,-1.0,1.0434782608695652,5.207188433136935,0.0,0
223.46,0.0,89.08,0.0,-89.08,10.920000000000002,96.0,21.0,-75.0,4.571428571428571,5.41369751758811,0.0,0
153.79,0.0,98.0,0.0,-98.0,2.0,36.0,28.0,-8.0,1.2857142857142858,5.042069359585786,0.0,0
253.78,0.0,99.75,0.0,-99.75,0.25,37.0,27.0,-10.0,1.3703703703703705,5.540400427681641,0.0,0
388.93,0.0,93.0,0.0,-93.0,7.0,96.0,70.0,-26.0,1.3714285714285714,5.965967235834453,0.0,0
723.13,0.0,44.67,0.0,-44.67,55.33,37.0,41.0,4.0,0.9024390243902439,6.5849709342781555,0.0,0
1524.71,813.35,99.76,53.344570442903894,-46.41542955709611,0.23999999999999488,69.0,47.0,-22.0,1.4680851063829787,7.330215154466163,1.0,1
3536.9,1792.81,90.86,50.68873872600299,-40.17126127399701,9.14,69.0,44.0,-25.0,1.5681818181818181,8.171288609764034,1.0,1
2058.79,576.7,86.0,28.011599046041606,-57.98840095395839,14.0,58.0,36.0,-22.0,1.6111111111111112,7.630359314839641,1.0,1
2610.88,596.29,91.5,22.83865976222576,-68.66134023777424,8.5,58.0,36.0,-22.0,1.6111111111111112,7.86782554753392,1.0,1
4051.8,824.65,90.7,20.35268275828027,-70.34731724171974,9.299999999999997,57.0,40.0,-17.0,1.425,8.30716327924741,1.0,1
604.59,43.71,13.9,7.229692849699797,-6.670307150300204,86.1,14.0,17.0,3.0,0.8235294117647058,6.406203189437368,0.0,0
907.03,526.64,86.99,58.06202661433469,-28.927973385665304,13.010000000000005,100.0,51.0,-49.0,1.9607843137254901,6.8112774177030735,0.0,0
2111.95,627.39,48.87,29.70666919197898,-19.16333080802102,51.13,51.0,37.0,-14.0,1.3783783783783783,7.655840354297748,1.0,0
2330.71,186.26,73.96,7.991556221065683,-65.96844377893431,26.040000000000006,51.0,36.0,-15.0,1.4166666666666667,7.754357182962138,1.0,0
1097.81,308.61,97.77,28.11142183073574,-69.65857816926426,2.230000000000004,123.0,39.0,-84.0,3.1538461538461537,7.001983055016983,1.0,0
1038.84,603.39,80.13,58.08305417581149,-22.046945824188505,19.870000000000005,36.0,39.0,3.0,0.9230769230769231,6.946822134146038,1.0,0
856.93,88.54,30.2,10.332232504405262,-19.867767495594737,69.8,25.0,38.0,13.0,0.6578947368421053,6.754522511078133,0.0,0
254.78,99.89,76.0,39.20637412669754,-36.79362587330246,24.0,12.0,15.0,3.0,0.8,5.544317700005174,0.0,0
540.24,464.25,99.79,85.93402932030209,-13.855970679697919,0.20999999999999375,61.0,33.0,-28.0,1.8484848484848484,6.293862803395443,0.0,0
329.82,183.78,96.89,55.721302528652,-41.168697471348004,3.1099999999999994,39.0,22.0,-17.0,1.7727272727272727,5.801574420814075,0.0,0
819.52,104.41,60.26,12.740384615384615,-47.519615384615385,39.74,27.0,34.0,7.0,0.7941176470588235,6.709938285613936,0.0,0
168.52,9.76,10.64,5.791597436506053,-4.848402563493948,89.36,14.0,24.0,10.0,0.5833333333333334,5.132970913960044,0.0,0
150.21,52.83,48.0,35.17076093469143,-12.82923906530857,52.0,43.0,38.0,-5.0,1.131578947368421,5.0186695991245776,0.0,0
2267.99,990.0,98.84,43.65098611545907,-55.189013884540934,1.1599999999999966,117.0,61.0,-56.0,1.9180327868852458,7.727090077542276,1.0,1
1241.38,785.13,100.0,63.246548196362106,-36.753451803637894,0.0,96.0,36.0,-60.0,2.6666666666666665,7.124784173829824,1.0,1
1236.08,832.88,96.15,67.38075205488319,-28.769247945116817,3.8499999999999943,96.0,36.0,-60.0,2.6666666666666665,7.120509042896294,1.0,1
1344.78,767.85,97.69,57.098558872083174,-40.59144112791682,2.3100000000000023,61.0,41.0,-20.0,1.4878048780487805,7.204729049594601,1.0,0
538.11,53.91,26.2,10.018397725372134,-16.181602274627863,73.8,12.0,27.0,15.0,0.4444444444444444,6.289919631719827,0.0,0
862.0,149.73,32.73,17.370069605568446,-15.35993039443155,67.27000000000001,17.0,30.0,13.0,0.5666666666666667,6.760414691083428,0.0,0
1939.23,443.49,65.9,22.86938630281091,-43.0306136971891,34.099999999999994,49.0,39.0,-10.0,1.2564102564102564,7.570561801731115,1.0,0
1166.96,958.33,81.54,82.12192363063001,0.5819236306300013,18.459999999999994,61.0,32.0,-29.0,1.90625,7.063013916226403,1.0,1
191.31,17.78,26.8,9.293816319063302,-17.5061836809367,73.2,13.0,29.0,16.0,0.4482758620689655,5.259108653322756,0.0,0
157.69,0.0,0.0,0.0,0.0,100.0,12.0,28.0,16.0,0.42857142857142855,5.066952613574751,0.0,0
163.51,0.0,78.0,0.0,-78.0,22.0,61.0,60.0,-1.0,1.0166666666666666,5.102971358631329,0.0,0
361.72,58.42,99.05,16.15061373438018,-82.89938626561982,0.9500000000000028,198.0,152.0,-46.0,1.3026315789473684,5.893631186759219,0.0,1
546.44,380.82,81.63,69.69109142815313,-11.938908571846866,18.370000000000005,45.0,23.0,-22.0,1.9565217391304348,6.305252866644242,0.0,0
1774.03,685.28,93.75,38.628433566512406,-55.121566433487594,6.25,49.0,33.0,-16.0,1.4848484848484849,7.48157260317514,1.0,1
1471.32,910.9,86.2,61.91039338825001,-24.289606611749996,13.799999999999997,62.0,32.0,-30.0,1.9375,7.294594666967104,1.0,0
1711.38,962.91,99.38,56.2651193773446,-43.1148806226554,0.6200000000000045,67.0,43.0,-24.0,1.558139534883721,7.445639494688453,1.0,1
1252.92,482.14,76.6,38.48130766529387,-38.118692334706125,23.400000000000006,96.0,40.0,-56.0,2.4,7.1340299233045545,1.0,1
1709.56,1125.89,98.52,65.85846650600156,-32.661533493998434,1.480000000000004,53.0,31.0,-22.0,1.7096774193548387,7.44457608126519,1.0,1
1411.71,1015.63,97.4,71.94324613412103,-25.45675386587898,2.5999999999999943,62.0,32.0,-30.0,1.9375,7.253265124536297,1.0,0
211.7,227.95,85.64,107.6759565422768,22.035956542276793,14.36,60.0,22.0,-38.0,2.727272727272727,5.3598827222061916,0.0,0
268.98,0.0,52.66,0.0,-52.66,47.34,66.0,69.0,3.0,0.9565217391304348,5.598347882180681,0.0,0
379.39,301.89,87.3,79.572471599146,-7.727528400853998,12.700000000000003,66.0,19.0,-47.0,3.473684210526316,5.941197042207926,0.0,0
228.97,33.76,41.99,14.74428964493165,-27.245710355068354,58.01,66.0,71.0,5.0,0.9295774647887324,5.43794886563323,0.0,0
256.04,0.0,97.12,0.0,-97.12,2.8799999999999955,72.0,27.0,-45.0,2.6666666666666665,5.549231714807603,0.0,0
222.77,0.0,88.85,0.0,-88.85,11.150000000000006,72.0,27.0,-45.0,2.6666666666666665,5.410618738635182,0.0,0
164.89,125.76,23.56,76.26902783673965,52.70902783673965,76.44,36.0,39.0,3.0,0.9230769230769231,5.1113249181041835,0.0,0
554.66,201.52,22.55,36.332167453935746,13.782167453935745,77.45,36.0,45.0,9.0,0.8,6.320156596410232,0.0,0
564.05,72.58,14.08,12.867653576810568,-1.212346423189432,85.92,36.0,48.0,12.0,0.75,6.3369142228061595,0.0,0
760.16,414.38,90.2,54.51220795621975,-35.687792043780256,9.799999999999997,38.0,35.0,-3.0,1.0857142857142856,6.634843585433806,0.0,0
504.76,308.06,95.0,61.03098502258499,-33.96901497741501,5.0,51.0,38.0,-13.0,1.3421052631578947,6.226062248467308,0.0,0
410.68,339.14,87.95,82.58011103535598,-5.369888964644019,12.049999999999997,51.0,29.0,-22.0,1.7586206896551724,6.020246348533434,0.0,0
579.63,377.13,83.98,65.06392008695202,-18.91607991304798,16.019999999999996,54.0,27.0,-27.0,2.0,6.364113720941144,0.0,0
467.0,568.72,86.33,121.78158458244113,35.45158458244113,13.670000000000002,60.0,24.0,-36.0,2.5,6.148468295917647,0.0,0
195.14,0.0,76.18,0.0,-76.18,23.819999999999993,60.0,60.0,0.0,1.0,5.2788286899641745,0.0,0
673.27,500.96,82.93,74.40699867809349,-8.52300132190652,17.069999999999993,60.0,29.0,-31.0,2.0689655172413794,6.513630624167974,0.0,0
365.53,187.39,85.09,51.26528602303505,-33.82471397696495,14.909999999999997,69.0,26.0,-43.0,2.6538461538461537,5.90408037336555,0.0,0
232.99,149.21,96.35,64.04137516631614,-32.30862483368385,3.6500000000000057,71.0,26.0,-45.0,2.730769230769231,5.455278379401799,0.0,0
241.52,152.85,96.54,63.28668433256045,-33.25331566743956,3.4599999999999937,71.0,26.0,-45.0,2.730769230769231,5.49108418120353,0.0,0
177.76,1.41,0.97,0.7932043204320431,-0.17679567956795683,99.03,69.0,77.0,8.0,0.8961038961038961,5.18604412406525,0.0,0
483.87,361.96,93.71,74.80521627709922,-18.904783722900774,6.290000000000006,56.0,20.0,-36.0,2.8,6.183880813770897,0.0,0
234.08,196.29,100.0,83.85594668489405,-16.14405331510595,0.0,60.0,21.0,-39.0,2.857142857142857,5.45992588174445,0.0,0
477.86,330.1,85.36,69.07880969321559,-16.28119030678441,14.64,54.0,20.0,-34.0,2.7,6.171408279115973,0.0,0
311.18,230.69,85.36,74.13394177003664,-11.226058229963357,14.64,54.0,20.0,-34.0,2.7,5.743579944530267,0.0,0
578.98,249.29,79.5,43.05675498290096,-36.44324501709904,20.5,36.0,36.0,0.0,1.0,6.3629936201873,0.0,0
315.56,227.98,90.91,72.24616554696412,-18.663834453035875,9.090000000000003,54.0,40.0,-14.0,1.35,5.757512797077169,0.0,0
310.76,247.28,96.77,79.57266057407647,-17.19733942592353,3.230000000000004,54.0,29.0,-25.0,1.8620689655172413,5.742233661030454,0.0,0
188.36,0.0,100.0,0.0,-100.0,0.0,61.0,22.0,-39.0,2.772727272727273,5.243649965205728,0.0,0
226.32,179.09,74.58,79.13131848709793,4.55131848709793,25.42,61.0,22.0,-39.0,2.772727272727273,5.426358716428921,0.0,0
302.88,182.58,99.1,60.28129952456419,-38.818700475435804,0.9000000000000057,67.0,36.0,-31.0,1.8611111111111112,5.716632886635021,0.0,0
504.0,0.0,2.5,0.0,-2.5,97.5,27.0,41.0,14.0,0.6585365853658537,6.22455842927536,0.0,0
801.07,64.53,24.13,8.055475801116007,-16.074524198883992,75.87,36.0,54.0,18.0,0.6666666666666666,6.687195885853192,0.0,0
705.83,0.0,38.75,0.0,-38.75,61.25,36.0,48.0,12.0,0.75,6.5607901843665175,0.0,0
284.21,0.0,38.77,0.0,-38.77,61.23,68.0,76.0,8.0,0.8947368421052632,5.653225751039049,0.0,0
445.51,42.32,49.05,9.499225606608157,-39.55077439339184,50.95,68.0,69.0,1.0,0.9855072463768116,6.101461796482331,0.0,0
351.12,0.0,93.06,0.0,-93.06,6.939999999999998,68.0,63.0,-5.0,1.0793650793650793,5.863972026592705,0.0,0
359.86,214.12,80.49,59.50091702328684,-20.989082976713156,19.510000000000005,54.0,32.0,-22.0,1.6875,5.8884900714801525,0.0,0
562.48,85.88,50.91,15.268098421277198,-35.641901578722795,49.09,36.0,42.0,6.0,0.8571428571428571,6.334131840392106,0.0,0
686.03,228.79,46.51,33.34985350494876,-13.160146495051237,53.49,36.0,42.0,6.0,0.8571428571428571,6.532377959391195,0.0,0
620.3,215.93,68.85,34.810575527970336,-34.03942447202966,31.150000000000006,36.0,42.0,6.0,0.8571428571428571,6.431814057069648,0.0,0
491.39,32.46,17.86,6.60575103278455,-11.25424896721545,82.14,51.0,61.0,10.0,0.8360655737704918,6.1992710854119535,0.0,0
561.91,0.0,17.12,0.0,-17.12,82.88,51.0,61.0,10.0,0.8360655737704918,6.333119757456968,0.0,0
720.4,40.29,11.86,5.592726263187118,-6.267273736812881,88.14,52.0,68.0,16.0,0.7647058823529411,6.581193768469438,0.0,0
595.65,21.02,6.72,3.5289179887517843,-3.1910820112482154,93.28,51.0,61.0,10.0,0.8360655737704918,6.391330676815665,0.0,0
866.32,0.0,18.9,0.0,-18.9,81.1,25.0,56.0,31.0,0.44642857142857145,6.765407997496017,0.0,0
875.79,0.0,13.95,0.0,-13.95,86.05,25.0,57.0,32.0,0.43859649122807015,6.776267511019223,0.0,0
1313.28,0.0,0.0,0.0,0.0,100.0,26.0,59.0,33.0,0.4406779661016949,7.181044266146279,1.0,0
720.72,0.0,15.1,0.0,-15.1,84.9,37.0,69.0,32.0,0.5362318840579711,6.581637252040098,0.0,0
523.78,394.29,95.31,75.27778838443622,-20.03221161556378,4.689999999999998,54.0,41.0,-13.0,1.3170731707317074,6.262979127147586,0.0,0
292.23,0.0,0.0,0.0,0.0,100.0,72.0,27.0,-45.0,2.6666666666666665,5.680957284014257,0.0,0
698.45,556.91,64.78,79.73512778294794,14.95512778294794,35.22,60.0,21.0,-39.0,2.857142857142857,6.55029431192244,0.0,0
740.58,430.45,61.34,58.12336276972102,-3.216637230278984,38.66,57.0,19.0,-38.0,3.0,6.608783045171694,0.0,0
752.89,125.62,95.35,16.685040311333662,-78.66495968866633,4.650000000000006,78.0,43.0,-35.0,1.813953488372093,6.6252464687710155,0.0,0
867.09,159.47,97.51,18.391401123297467,-79.11859887670253,2.489999999999995,78.0,43.0,-35.0,1.813953488372093,6.766295395921207,0.0,0
768.76,168.78,98.73,21.95483635985223,-76.77516364014778,1.269999999999996,78.0,45.0,-33.0,1.7333333333333334,6.646078777951144,0.0,0
605.76,0.01,100.0,0.0016508188061278395,-99.99834918119387,0.0,78.0,55.0,-23.0,1.4181818181818182,6.408133325723472,0.0,1
637.06,101.89,99.82,15.993783944997334,-83.82621605500266,0.18000000000000682,78.0,48.0,-30.0,1.625,6.458432322810088,0.0,0
899.45,191.59,99.88,21.300794930235142,-78.57920506976485,0.12000000000000455,78.0,43.0,-35.0,1.813953488372093,6.802894638365962,0.0,0
781.85,20.64,4.71,2.639892562511991,-2.070107437488009,95.29,37.0,46.0,9.0,0.8043478260869565,6.662941106757532,0.0,0
500.88,305.45,75.35,60.98267049992015,-14.367329500079848,24.650000000000006,51.0,41.0,-10.0,1.2439024390243902,6.218361047291499,0.0,0
1410.01,240.02,98.47,17.022574307983632,-81.44742569201637,1.5300000000000011,63.0,46.0,-17.0,1.3695652173913044,7.252061038999918,1.0,0
1216.12,630.41,94.77,51.837812058020596,-42.9321879419794,5.230000000000004,61.0,37.0,-24.0,1.6486486486486487,7.104242691248991,1.0,1
1481.87,678.68,97.01,45.79888924129647,-51.21111075870353,2.989999999999995,65.0,43.0,-22.0,1.5116279069767442,7.301734678147208,1.0,0
1439.77,685.7,98.89,47.625662432194034,-51.26433756780597,1.1099999999999994,60.0,46.0,-14.0,1.3043478260869565,7.272932971879285,1.0,0
1338.14,75.65,6.45,5.65336960258269,-0.7966303974173101,93.55,15.0,33.0,18.0,0.45454545454545453,7.199782895864149,1.0,0
1924.75,947.66,99.19,49.235485127938695,-49.9545148720613,0.8100000000000023,61.0,46.0,-15.0,1.326086956521739,7.563070781233075,1.0,0
702.52,363.9,97.13,51.79923703239765,-45.33076296760235,2.8700000000000045,61.0,56.0,-5.0,1.0892857142857142,6.5560963054325,0.0,1
464.62,182.72,100.0,39.32676165468555,-60.67323834531445,0.0,99.0,27.0,-72.0,3.6666666666666665,6.143369850821135,0.0,1
829.5,441.32,98.82,53.2031344183243,-45.6168655816757,1.1800000000000068,62.0,44.0,-18.0,1.4090909090909092,6.72202792905335,0.0,1
1183.23,0.91,2.0,0.07690812437142398,-1.923091875628576,98.0,36.0,50.0,14.0,0.72,7.076848053335307,1.0,1
826.01,68.8,17.4,8.329196983087371,-9.070803016912627,82.6,36.0,48.0,12.0,0.75,6.717816786849013,0.0,1
1227.57,489.45,65.24,39.87145335907525,-25.368546640924748,34.760000000000005,50.0,36.0,-14.0,1.3888888888888888,7.113606170394912,1.0,1
665.47,295.3,96.45,44.37465250123972,-52.07534749876028,3.549999999999997,36.0,48.0,12.0,0.75,6.501995127352913,0.0,0
1054.46,98.83,19.61,9.37256984617719,-10.23743015382281,80.39,61.0,70.0,9.0,0.8714285714285714,6.961731969838869,1.0,0
1822.46,585.79,96.43,32.142817949365146,-64.28718205063487,3.569999999999993,57.0,33.0,-24.0,1.7272727272727273,7.5084910741704665,1.0,0
1719.2,64.54,17.1,3.754071661237785,-13.345928338762217,82.9,36.0,51.0,15.0,0.7058823529411765,7.450195842117379,1.0,1
1125.78,573.03,91.3,50.90070884186964,-40.39929115813036,8.700000000000003,66.0,41.0,-25.0,1.6097560975609757,7.027119286465924,1.0,1
1954.77,1716.98,83.68,87.83539751479714,4.15539751479713,16.319999999999993,113.0,96.0,-17.0,1.1770833333333333,7.578539256768814,1.0,1
1772.7,542.53,78.0,30.604727252214136,-47.39527274778587,22.0,99.0,47.0,-52.0,2.106382978723404,7.480823039211541,1.0,0
1376.56,428.1,90.73,31.099261928285003,-59.630738071715,9.269999999999996,61.0,42.0,-19.0,1.4523809523809523,7.228069097247268,1.0,1
3241.56,1226.45,95.58,37.835178124113085,-57.74482187588691,4.420000000000002,205.0,61.0,-144.0,3.360655737704918,8.084118420259953,1.0,0
1433.39,332.46,38.09,23.193966750151734,-14.89603324984827,61.91,36.0,44.0,8.0,0.8181818181818182,7.26849495071057,1.0,1
531.61,18.6,13.13,3.498805515321382,-9.63119448467862,86.87,24.0,47.0,23.0,0.5106382978723404,6.277789449020316,0.0,0
1493.5,509.37,75.09,34.10579176431202,-40.98420823568798,24.909999999999997,41.0,34.0,-7.0,1.2058823529411764,7.309546981723993,1.0,1
962.84,9.31,7.08,0.9669311619791451,-6.113068838020855,92.92,14.0,35.0,21.0,0.4,6.8709253057314195,0.0,0
477.76,297.98,99.95,62.370227729403894,-37.57977227059611,0.04999999999999716,61.0,37.0,-24.0,1.6486486486486487,6.17119942800517,0.0,1
1909.74,670.18,36.23,35.09273513672018,-1.1372648632798175,63.77,65.0,41.0,-24.0,1.5853658536585367,7.5552458805622615,1.0,1
2228.26,990.89,100.0,44.46922710994228,-55.53077289005772,0.0,98.0,34.0,-64.0,2.8823529411764706,7.709424970818542,1.0,1
1479.22,1327.39,100.0,89.7358067089412,-10.264193291058803,0.0,66.0,51.0,-15.0,1.2941176470588236,7.299946004359694,1.0,0
226.76,103.98,81.53,45.85464808608221,-35.675351913917794,18.47,50.0,28.0,-22.0,1.7857142857142858,5.428292442969782,0.0,0
1654.07,1328.25,97.66,80.30192192591608,-17.35807807408392,2.3400000000000034,75.0,33.0,-42.0,2.272727272727273,7.4115985829892175,1.0,1
1741.86,883.28,98.7,50.70901220534372,-47.990987794656284,1.2999999999999972,62.0,40.0,-22.0,1.55,7.463282721008953,1.0,1
646.42,549.2,98.0,84.96024256675227,-13.039757433247729,2.0,52.0,32.0,-20.0,1.625,6.472995233816948,0.0,0
1183.7,452.14,100.0,38.197178339106195,-61.802821660893805,0.0,41.0,32.0,-9.0,1.28125,7.077244856960713,1.0,1
609.32,160.81,70.83,26.391715354821766,-44.43828464517823,29.17,37.0,34.0,-3.0,1.088235294117647,6.413983409781974,0.0,0
1641.66,537.04,80.65,32.71322929230169,-47.936770707698315,19.349999999999994,48.0,43.0,-5.0,1.1162790697674418,7.4040721580954525,1.0,1
1491.72,644.11,71.11,43.179014828520096,-27.930985171479904,28.89,46.0,36.0,-10.0,1.2777777777777777,7.308355238088994,1.0,0
409.64,191.99,87.14,46.86798164241774,-40.27201835758226,12.86,43.0,22.0,-21.0,1.9545454545454546,6.017716918252048,0.0,0
939.17,95.33,5.68,10.150451994846515,4.470451994846515,94.32,24.0,41.0,17.0,0.5853658536585366,6.846060709976297,0.0,0
1554.21,721.32,74.5,46.41071669851565,-28.08928330148435,25.5,45.0,35.0,-10.0,1.2857142857142858,7.349365863726654,1.0,0
2920.69,941.1,67.1,32.221837990337896,-34.8781620096621,32.900000000000006,44.0,35.0,-9.0,1.2571428571428571,7.979917494964519,1.0,1
571.34,37.09,22.17,6.491756222214444,-15.678243777785557,77.83,36.0,50.0,14.0,0.72,6.349733220385172,0.0,0
524.54,232.75,94.25,44.372211842757466,-49.877788157242534,5.75,48.0,38.0,-10.0,1.263157894736842,6.2644263054030525,0.0,1
3044.02,1538.57,83.6,50.54401745060808,-33.05598254939191,16.400000000000006,53.0,35.0,-18.0,1.5142857142857142,8.021262748266926,1.0,1
1560.39,90.45,100.0,5.796627766135389,-94.20337223386461,0.0,187.0,73.0,-114.0,2.5616438356164384,7.353331729156907,1.0,1
1154.49,47.59,10.45,4.122166497760917,-6.327833502239082,89.55,36.0,54.0,18.0,0.6666666666666666,7.052279775414763,1.0,1
1652.4,742.45,97.4,44.93161462115711,-52.468385378842896,2.5999999999999943,96.0,53.0,-43.0,1.8113207547169812,7.410589052818575,1.0,1
782.18,1.75,0.3,0.2237336674422767,-0.07626633255772328,99.7,13.0,35.0,22.0,0.37142857142857144,6.663362554628753,0.0,0
1139.65,6.64,99.84,0.5826350195235378,-99.25736498047647,0.1599999999999966,,,-75.0,,7.039353554338884,1.0,1
1981.07,1041.05,99.2,52.54988465829072,-46.65011534170928,0.7999999999999972,70.0,48.0,-22.0,1.4583333333333333,7.591897032127019,1.0,1
1479.3,1136.31,100.0,76.81403366457108,-23.185966335428915,0.0,52.0,41.0,-11.0,1.2682926829268293,7.300000048919446,1.0,0
1388.7,1045.3,81.1,75.27183696982789,-5.828163030172107,18.900000000000006,50.0,39.0,-11.0,1.2820512820512822,7.236843175492536,1.0,0
1370.75,212.1,44.11,15.473281050519788,-28.636718949480212,55.89,36.0,43.0,7.0,0.8372093023255814,7.223842575939085,1.0,1
1260.74,562.31,75.76,44.601583197169916,-31.15841680283009,24.239999999999995,48.0,38.0,-10.0,1.263157894736842,7.140246999688667,1.0,0
1757.27,927.75,78.7,52.79496036465654,-25.905039635343464,21.299999999999997,53.0,36.0,-17.0,1.4722222222222223,7.472085650070113,1.0,1
1499.73,774.35,99.51,51.63262720623045,-47.87737279376955,0.4899999999999949,48.0,38.0,-10.0,1.263157894736842,7.313706935373153,1.0,0
972.06,406.31,90.13,41.798860152665476,-48.33113984733452,9.870000000000005,49.0,35.0,-14.0,1.4,6.880445745238551,0.0,1
1181.12,708.74,100.0,60.005757247358446,-39.994242752641554,0.0,102.0,32.0,-70.0,3.1875,7.075064715655588,1.0,1
784.35,285.24,64.0,36.36641805316504,-27.63358194683496,36.0,39.0,39.0,0.0,1.0,6.666129478289041,0.0,0
665.91,482.76,93.1,72.49628328152453,-20.603716718475468,6.900000000000006,37.0,37.0,0.0,1.0,6.502655104277677,0.0,0
996.5,129.42,30.66,12.98745609633718,-17.67254390366282,69.34,17.0,35.0,18.0,0.4857142857142857,6.905252148764019,0.0,0
1082.65,180.13,96.02,16.63787927769824,-79.38212072230175,3.980000000000004,96.0,37.0,-59.0,2.5945945945945947,6.988090251634412,1.0,1
1013.33,554.08,100.0,54.67912723397117,-45.32087276602883,0.0,48.0,31.0,-17.0,1.5483870967741935,6.921983574992768,1.0,1
1358.31,467.64,98.32,34.42807606511032,-63.891923934889675,1.6800000000000068,96.0,68.0,-28.0,1.411764705882353,7.214732497041869,1.0,0
1588.4,397.76,98.75,25.041551246537395,-73.7084487534626,1.25,96.0,68.0,-28.0,1.411764705882353,7.371111865506079,1.0,0
2899.77,1201.24,81.0,41.425354424661265,-39.574645575338735,19.0,96.0,55.0,-41.0,1.7454545454545454,7.972731497972481,1.0,0
159.53,62.01,99.09,38.87043189368771,-60.219568106312295,0.9099999999999966,24.0,24.0,0.0,1.0,5.078480840991323,0.0,0
796.65,499.72,99.29,62.72767212703195,-36.562327872968055,0.7099999999999937,47.0,31.0,-16.0,1.5161290322580645,6.6816699047470065,0.0,0
1471.19,407.69,33.14,27.711580421291604,-5.428419578708397,66.86,38.0,38.0,0.0,1.0,7.294506367046177,1.0,0
238.66,6.06,9.15,2.5391770719852507,-6.61082292801475,90.85,11.0,30.0,19.0,0.36666666666666664,5.47922125225437,0.0,0
1051.73,652.51,98.06,62.041588620653584,-36.01841137934642,1.9399999999999977,36.0,34.0,-2.0,1.0588235294117647,6.959142068998835,1.0,1
936.12,300.06,41.5,32.053582873990514,-9.446417126009486,58.5,37.0,31.0,-6.0,1.1935483870967742,6.842811342341472,0.0,0
2155.95,1450.4,91.26,67.27428743709271,-23.985712562907295,8.739999999999995,52.0,39.0,-13.0,1.3333333333333333,7.676450465777419,1.0,1
1659.12,806.95,97.64,48.63722937460823,-49.00277062539177,2.3599999999999994,123.0,55.0,-68.0,2.2363636363636363,7.41464516789448,1.0,0
252.2,0.0,44.46,0.0,-44.46,55.54,69.0,72.0,3.0,0.9583333333333334,5.534179690270021,0.0,0
192.93,99.65,0.0,51.65085782408128,51.65085782408128,100.0,61.0,52.0,-9.0,1.1730769230769231,5.26749726920815,0.0,0
297.25,149.19,100.0,50.19007569386038,-49.80992430613962,0.0,60.0,40.0,-20.0,1.5,5.697932060978025,0.0,0
202.36,94.2,45.5,46.55070171970745,1.0507017197074475,54.5,68.0,21.0,-47.0,3.238095238095238,5.314977807441144,0.0,0
159.85,84.22,36.77,52.6868939630904,15.916893963090395,63.23,68.0,59.0,-9.0,1.152542372881356,5.080472253685035,0.0,1
277.44,192.45,69.57,69.36634948096886,-0.20365051903112885,30.430000000000007,68.0,27.0,-41.0,2.5185185185185186,5.629202596300466,0.0,0
232.29,12.48,25.61,5.372594601575617,-20.237405398424382,74.39,68.0,76.0,8.0,0.8947368421052632,5.452282314842547,0.0,1
330.8,0.0,93.04,0.0,-93.04,6.959999999999994,72.0,68.0,-4.0,1.0588235294117647,5.8045323777563445,0.0,0
355.79,0.0,40.48,0.0,-40.48,59.52,72.0,70.0,-2.0,1.0285714285714285,5.877147373407264,0.0,0
562.98,119.71,82.59,21.26363281111229,-61.326367188887716,17.409999999999997,120.0,114.0,-6.0,1.0526315789473684,6.335018789876395,0.0,1
819.39,0.0,0.0,0.0,0.0,100.0,109.0,43.0,-66.0,2.5348837209302326,6.709779836947925,0.0,0
430.24,0.0,87.0,0.0,-87.0,13.0,39.0,38.0,-1.0,1.0263157894736843,6.066664779670917,0.0,0
497.18,0.0,85.67,0.0,-85.67,14.329999999999998,39.0,38.0,-1.0,1.0263157894736843,6.210961457501995,0.0,0
442.54,0.0,50.63,0.0,-50.63,49.37,39.0,38.0,-1.0,1.0263157894736843,6.094787989339883,0.0,0
177.77,0.0,90.68,0.0,-90.68,9.319999999999993,61.0,52.0,-9.0,1.1730769230769231,5.186100063426998,0.0,1
258.52,60.72,93.13,23.48754448398577,-69.64245551601422,6.8700000000000045,62.0,56.0,-6.0,1.1071428571428572,5.558833770927048,0.0,0
161.73,14.12,99.5,8.730600383354975,-90.76939961664502,0.5,60.0,54.0,-6.0,1.1111111111111112,5.092092385672523,0.0,0
215.79,28.64,100.0,13.272162750822561,-86.72783724917744,0.0,96.0,89.0,-7.0,1.0786516853932584,5.378929143040425,0.0,0
323.98,70.46,75.05,21.748256065189207,-53.30174393481079,24.950000000000003,96.0,90.0,-6.0,1.0666666666666667,5.78376364197463,0.0,0
199.5,0.1,0.0,0.05012531328320802,0.05012531328320802,100.0,36.0,55.0,19.0,0.6545454545454545,5.300814246746624,0.0,0
636.1,292.73,56.11,46.01949379028455,-10.09050620971545,43.89,48.0,47.0,-1.0,1.0212765957446808,6.456926629122442,0.0,0
168.95,7.84,21.0,4.6404261615862685,-16.35957383841373,79.0,36.0,45.0,9.0,0.8,5.135504276142125,0.0,0
324.09,84.57,70.09,26.09460335092104,-43.99539664907896,29.909999999999997,51.0,41.0,-10.0,1.2439024390243902,5.784102067070543,0.0,0
511.54,0.0,3.0,0.0,-3.0,97.0,50.0,65.0,15.0,0.7692307692307693,6.239378756747404,0.0,0
499.79,129.74,60.65,25.958902739150442,-34.69109726084956,39.35,48.0,39.0,-9.0,1.2307692307692308,6.216186851535406,0.0,0
587.1,52.43,21.0,8.93033554760688,-12.06966445239312,79.0,54.0,70.0,16.0,0.7714285714285715,6.3768970014659105,0.0,0
155.97,36.6,18.0,23.466051163685325,5.466051163685325,82.0,37.0,51.0,14.0,0.7254901960784313,5.056054704287115,0.0,0
300.33,82.33,100.0,27.41317883661306,-72.58682116338694,0.0,50.0,39.0,-11.0,1.2820512820512822,5.708206009715981,0.0,0
157.49,33.61,82.0,21.34103752619214,-60.65896247380786,18.0,49.0,33.0,-16.0,1.4848484848484849,5.065691499844334,0.0,0
196.94,51.15,75.0,25.972377373819437,-49.02762262618056,25.0,60.0,57.0,-3.0,1.0526315789473684,5.287963954468545,0.0,0
154.49,22.32,72.0,14.447537057414719,-57.55246294258528,28.0,52.0,37.0,-15.0,1.4054054054054055,5.046581420869725,0.0,0
186.52,42.83,60.0,22.962684966759596,-37.037315033240404,40.0,48.0,47.0,-1.0,1.0212765957446808,5.233885506388648,0.0,0
172.66,0.0,15.0,0.0,-15.0,85.0,36.0,43.0,7.0,0.8372093023255814,5.157099364632499,0.0,0
172.09,0.0,20.25,0.0,-20.25,79.75,48.0,55.0,7.0,0.8727272727272727,5.153811690438308,0.0,0
844.67,495.58,91.32,58.671433814389054,-32.64856618561094,8.680000000000007,136.0,82.0,-54.0,1.6585365853658536,6.740129212586786,0.0,1
374.17,82.44,47.25,22.032765855092602,-25.217234144907398,52.75,24.0,33.0,9.0,0.7272727272727273,5.927379256579233,0.0,0
320.64,16.35,16.09,5.099176646706587,-10.990823353293413,83.91,30.0,32.0,2.0,0.9375,5.773432907679949,0.0,0
263.32,8.76,8.13,3.326750721555522,-4.803249278444479,91.87,12.0,32.0,20.0,0.375,5.577160490332613,0.0,0
1539.75,952.14,94.09,61.8373112518266,-32.252688748173405,5.909999999999997,54.0,32.0,-22.0,1.6875,7.340024589842352,1.0,1
1265.59,843.72,98.89,66.6661399031282,-32.2238600968718,1.1099999999999994,55.0,33.0,-22.0,1.6666666666666667,7.144083528898786,1.0,1
1492.74,988.5,96.6,66.22050725511475,-30.37949274488524,3.4000000000000057,51.0,34.0,-17.0,1.5,7.309038321096743,1.0,1
150.86,102.13,99.86,67.69852843696141,-32.16147156303859,0.14000000000000057,30.0,40.0,10.0,0.75,5.022959043785088,0.0,0
183.03,89.36,99.0,48.82259738840627,-50.17740261159373,1.0,66.0,18.0,-48.0,3.6666666666666665,5.215098787797103,0.0,1
861.84,344.31,91.0,39.950570871623505,-51.049429128376495,9.0,36.0,33.0,-3.0,1.0909090909090908,6.760229274126516,0.0,1
920.47,403.51,91.0,43.837387421643285,-47.162612578356715,9.0,36.0,33.0,-3.0,1.0909090909090908,6.825970220964089,0.0,1
929.91,362.18,92.3,38.947855168779775,-53.35214483122022,7.700000000000003,36.0,33.0,-3.0,1.0909090909090908,6.836162602357152,0.0,0
153.61,61.82,38.0,40.24477573074669,2.2447757307466887,62.0,47.0,33.0,-14.0,1.4242424242424243,5.040905817114504,0.0,0
609.63,114.77,96.52,18.826173252628642,-77.69382674737136,3.480000000000004,101.0,44.0,-57.0,2.2954545454545454,6.41449121109515,0.0,1
639.3,2.07,97.48,0.32379164711403097,-97.15620835288597,2.519999999999996,206.0,65.0,-141.0,3.169230769230769,6.461936816524757,0.0,0
1101.76,560.92,99.6,50.91126924194016,-48.68873075805983,0.4000000000000057,60.0,37.0,-23.0,1.6216216216216217,7.005571407182428,1.0,1
2510.04,1194.08,99.98,47.57215024461761,-52.407849755382394,0.01999999999999602,114.0,35.0,-79.0,3.257142857142857,7.828452288939109,1.0,1
999.32,497.62,99.0,49.79586118560621,-49.20413881439379,1.0,101.0,33.0,-68.0,3.0606060606060606,6.9080752277930575,0.0,1
795.18,397.12,99.0,49.94089388566111,-49.05910611433889,1.0,98.0,43.0,-55.0,2.2790697674418605,6.679825290933967,0.0,1
789.0,518.91,86.0,65.7680608365019,-20.231939163498097,14.0,98.0,55.0,-43.0,1.7818181818181817,6.672032945461067,0.0,1
882.45,122.77,31.0,13.91240296900674,-17.08759703099326,69.0,36.0,43.0,7.0,0.8372093023255814,6.783834697062659,0.0,1
791.17,631.22,99.95,79.78310603283745,-20.16689396716255,0.04999999999999716,61.0,37.0,-24.0,1.6486486486486487,6.674776015245816,0.0,1
991.41,499.34,99.66,50.3666495193714,-49.2933504806286,0.3400000000000034,101.0,35.0,-66.0,2.8857142857142857,6.900136328348901,0.0,1
546.67,0.0,45.0,0.0,-45.0,55.0,36.0,44.0,8.0,0.8181818181818182,6.305672915777904,0.0,0
152.58,0.0,98.0,0.0,-98.0,2.0,48.0,37.0,-11.0,1.2972972972972974,5.034221603902398,0.0,0
263.19,0.0,83.0,0.0,-83.0,17.0,60.0,49.0,-11.0,1.2244897959183674,5.576668541258341,0.0,0
1759.82,1250.45,95.8,71.0555625007103,-24.744437499289702,4.200000000000003,63.0,43.0,-20.0,1.4651162790697674,7.473534888621166,1.0,1
1895.74,751.95,31.08,39.665249454039056,8.585249454039058,68.92,63.0,51.0,-12.0,1.2352941176470589,7.547891902028195,1.0,1
1851.47,1331.72,73.26,71.92771149411008,-1.3322885058899203,26.739999999999995,63.0,43.0,-20.0,1.4651162790697674,7.524275162707129,1.0,1
2177.54,1004.28,62.99,46.11993350294369,-16.870066497056314,37.01,63.0,43.0,-20.0,1.4651162790697674,7.686410206646677,1.0,0
2175.35,941.19,43.45,43.266141080745626,-0.18385891925437647,56.55,60.0,44.0,-16.0,1.3636363636363635,7.685404440629804,1.0,1
1734.18,470.92,27.05,27.15519726902628,0.10519726902628079,72.95,60.0,57.0,-3.0,1.0526315789473684,7.458866433397369,1.0,0
2165.23,359.7,31.07,16.612553862638148,-14.457446137361853,68.93,51.0,52.0,1.0,0.9807692307692307,7.680743608442476,1.0,0
666.81,36.91,21.82,5.5353099083697,-16.2846900916303,78.18,16.0,32.0,16.0,0.5,6.5040037019407135,0.0,1
1754.84,797.54,42.98,45.4480180529279,2.4680180529279028,57.02,60.0,46.0,-14.0,1.3043478260869565,7.47070265387061,1.0,1
789.26,501.33,99.0,63.51899247396295,-35.48100752603705,1.0,70.0,63.0,-7.0,1.1111111111111112,6.67236200523901,0.0,1
1229.38,771.63,69.5,62.76578437911793,-6.734215620882068,30.5,60.0,44.0,-16.0,1.3636363636363635,7.1150783437428045,1.0,1
2029.17,509.27,70.0,25.097453638679852,-44.90254636132015,30.0,60.0,63.0,3.0,0.9523809523809523,7.615874812371878,1.0,1
906.51,445.16,81.5,49.107014815059955,-32.392985184940045,18.5,57.0,51.0,-6.0,1.1176470588235294,6.810704585362041,0.0,1
1032.59,658.21,76.0,63.743596199847,-12.256403800153002,24.0,70.0,55.0,-15.0,1.2727272727272727,6.940793458058934,1.0,1
1501.02,992.79,77.8,66.14102410360955,-11.658975896390444,22.200000000000003,56.0,43.0,-13.0,1.302325581395349,7.314566147814657,1.0,1
1196.38,159.94,12.27,13.368662130761127,1.0986621307611273,87.73,40.0,52.0,12.0,0.7692307692307693,7.0878911154955695,1.0,1
1409.88,506.87,60.0,35.95128663432349,-24.048713365676512,40.0,36.0,37.0,1.0,0.972972972972973,7.251968902169573,1.0,1
524.88,380.9,95.0,72.56896814509983,-22.43103185490017,5.0,63.0,33.0,-30.0,1.9090909090909092,6.265073049828404,0.0,0
1474.77,864.5,85.0,58.61931012971514,-26.38068987028486,15.0,61.0,42.0,-19.0,1.4523809523809523,7.2969351664599325,1.0,0
809.51,498.68,65.2,61.60269792837643,-3.5973020716235737,34.8,55.0,46.0,-9.0,1.1956521739130435,6.697663679162542,0.0,1
1003.38,586.56,78.93,58.45841057226574,-20.471589427734266,21.069999999999993,53.0,44.0,-9.0,1.2045454545454546,6.912125714699672,1.0,0
857.91,468.69,64.12,54.631604713781165,-9.48839528621884,35.879999999999995,63.0,42.0,-21.0,1.5,6.755664143503331,0.0,1
1801.37,580.27,64.12,32.212704774699255,-31.90729522530075,35.879999999999995,60.0,63.0,3.0,0.9523809523809523,7.496857744505479,1.0,1
1555.13,138.54,20.03,8.90857999009729,-11.12142000990271,79.97,56.0,74.0,18.0,0.7567567567567568,7.349957248806275,1.0,1
1641.75,983.87,31.34,59.92812547586417,28.58812547586417,68.66,60.0,43.0,-17.0,1.3953488372093024,7.4041269457779775,1.0,1
379.23,179.11,99.0,47.229913245260136,-51.770086754739864,1.0,63.0,34.0,-29.0,1.8529411764705883,5.940776332780459,0.0,0
186.29,66.7,100.0,35.80439100327447,-64.19560899672553,0.0,48.0,29.0,-19.0,1.6551724137931034,5.232658217741762,0.0,0
150.11,12.2,97.0,8.12737325960962,-88.87262674039039,3.0,51.0,33.0,-18.0,1.5454545454545454,5.018008048425669,0.0,0
194.88,48.47,98.58,24.871715927750408,-73.7082840722496,1.4200000000000017,50.0,35.0,-15.0,1.4285714285714286,5.277502226834117,0.0,0
411.44,66.63,87.6,16.194341823838226,-71.40565817616177,12.400000000000006,51.0,29.0,-22.0,1.7586206896551724,6.022090740649743,0.0,0
334.64,0.0,68.0,0.0,-68.0,32.0,48.0,55.0,7.0,0.8727272727272727,5.816039157001868,0.0,0
606.61,0.0,48.79,0.0,-48.79,51.21,37.0,44.0,7.0,0.8409090909090909,6.409533228782365,0.0,0
838.43,55.04,0.0,6.564650596949059,6.564650596949059,100.0,49.0,43.0,-6.0,1.1395348837209303,6.732723090074991,0.0,0
154.89,11.56,23.0,7.463361094970625,-15.536638905029374,77.0,25.0,27.0,2.0,0.9259259259259259,5.04915063032459,0.0,0
174.34,63.55,100.0,36.4517609269244,-63.5482390730756,0.0,48.0,28.0,-20.0,1.7142857142857142,5.1667269461604395,0.0,0
317.74,6.06,36.87,1.90721973940958,-34.96278026059042,63.13,48.0,37.0,-11.0,1.2972972972972974,5.764375723431487,0.0,0
278.1,28.44,37.16,10.226537216828477,-26.93346278317152,62.84,14.0,23.0,9.0,0.6086956521739131,5.6315701405422764,0.0,0
1119.35,975.7,99.8,87.16665922186985,-12.633340778130147,0.20000000000000284,76.0,42.0,-34.0,1.8095238095238095,7.021396415471186,1.0,1
1272.97,1086.63,95.15,85.36179171543714,-9.78820828456287,4.849999999999994,76.0,42.0,-34.0,1.8095238095238095,7.149893287974162,1.0,0
1854.68,1331.43,91.69,71.78758599866283,-19.902414001337164,8.310000000000002,68.0,42.0,-26.0,1.619047619047619,7.526006484688076,1.0,0
520.63,425.94,100.0,81.81241956859958,-18.18758043140042,0.0,85.0,52.0,-33.0,1.6346153846153846,6.256958524295923,0.0,1
846.59,671.43,100.0,79.30993751402686,-20.690062485973144,0.0,77.0,46.0,-31.0,1.673913043478261,6.7423970283066135,0.0,0
662.08,507.78,99.2,76.69465925567907,-22.505340744320932,0.7999999999999972,77.0,45.0,-32.0,1.711111111111111,6.496895646556665,0.0,0
2010.2,664.82,37.24,33.07233111133221,-4.167668888667791,62.76,42.0,42.0,0.0,1.0,7.606486837835983,1.0,0
1764.86,272.55,35.1,15.443151298119966,-19.656848701880037,64.9,42.0,48.0,6.0,0.875,7.476393102823272,1.0,0
828.58,405.13,100.0,48.89449419488764,-51.10550580511236,0.0,97.0,38.0,-59.0,2.5526315789473686,6.7209195486208575,0.0,1
1237.71,0.53,5.6,0.04282101623158898,-5.55717898376841,94.4,12.0,33.0,21.0,0.36363636363636365,7.121825794507305,1.0,0
736.75,399.95,99.0,54.285714285714285,-44.714285714285715,1.0,52.0,33.0,-19.0,1.5757575757575757,6.603605013823048,0.0,0
353.3,156.66,79.48,44.34191904896688,-35.138080951033125,20.519999999999996,26.0,30.0,4.0,0.8666666666666667,5.870144011871426,0.0,0
1636.15,1204.89,100.0,73.64178101029857,-26.358218989701427,0.0,48.0,32.0,-16.0,1.5,7.400712204205645,1.0,1
170.49,0.0,0.0,0.0,0.0,100.0,12.0,30.0,18.0,0.4,5.1445249558680555,0.0,0
385.15,0.0,90.0,0.0,-90.0,10.0,53.0,31.0,-22.0,1.7096774193548387,5.956225895015272,0.0,0
264.84,0.0,85.15,0.0,-85.15,14.849999999999994,96.0,76.0,-20.0,1.263157894736842,5.582894624046339,0.0,1
264.84,61.11,97.57,23.07430901676484,-74.49569098323515,2.430000000000007,62.0,27.0,-35.0,2.2962962962962963,5.582894624046339,0.0,1
493.42,0.0,77.07,0.0,-77.07,22.930000000000007,65.0,43.0,-22.0,1.5116279069767442,6.203385358399711,0.0,0
410.6,0.0,81.83,0.0,-81.83,18.17,62.0,37.0,-25.0,1.6756756756756757,6.020052003959894,0.0,0
816.79,32.28,60.88,3.9520562200810496,-56.927943779918955,39.12,65.0,38.0,-27.0,1.7105263157894737,6.706605579927191,0.0,0
230.45,0.0,80.46,0.0,-80.46,19.540000000000006,68.0,33.0,-35.0,2.0606060606060606,5.444363867477279,0.0,1
292.8,1.91,65.1,0.6523224043715846,-64.4476775956284,34.900000000000006,68.0,22.0,-46.0,3.090909090909091,5.682899263739777,0.0,0
238.97,119.33,92.0,49.935138301878894,-42.064861698121106,8.0,48.0,53.0,5.0,0.9056603773584906,5.4805139155288405,0.0,1
1106.65,538.86,93.04,48.69290200153616,-44.347097998463845,6.959999999999994,62.0,42.0,-20.0,1.4761904761904763,7.0099959329286845,1.0,0
1525.1,353.88,53.56,23.20372434594453,-30.356275654055473,46.44,63.0,43.0,-20.0,1.4651162790697674,7.330470740496829,1.0,0
162.55,35.71,24.13,21.96862503844971,-2.1613749615502904,75.87,34.0,27.0,-7.0,1.2592592592592593,5.097118753984393,0.0,1
3605.73,883.27,83.45,24.496287852945173,-58.95371214705483,16.549999999999997,61.0,41.0,-20.0,1.4878048780487805,8.190556823652123,1.0,0
766.51,427.32,93.55,55.74878344705222,-37.80121655294778,6.450000000000003,91.0,30.0,-61.0,3.033333333333333,6.643151508692433,0.0,0
411.16,75.77,28.06,18.42834906119272,-9.63165093880728,71.94,21.0,28.0,7.0,0.75,6.0214116234759345,0.0,0
904.99,137.39,34.48,15.181383219704085,-19.298616780295912,65.52000000000001,24.0,48.0,24.0,0.5,6.809028268454472,0.0,0
579.0,1.4,100.0,0.24179620034542312,-99.75820379965458,0.0,,,-206.0,,6.363028103540465,0.0,0
900.05,607.63,95.85,67.51069385034165,-28.33930614965834,4.150000000000006,87.0,39.0,-48.0,2.230769230769231,6.80356074996428,0.0,0
1564.23,880.69,75.19,56.30182262199293,-18.888177378007065,24.810000000000002,40.0,33.0,-7.0,1.2121212121212122,7.355788057032207,1.0,0
1359.81,302.35,36.06,22.23472396878976,-13.825276031210244,63.94,61.0,47.0,-14.0,1.297872340425532,7.215835389673111,1.0,0
876.88,66.59,100.0,7.593969528327708,-92.4060304716723,0.0,,,-17.0,,6.777509910034658,0.0,0
1076.97,673.36,94.9,62.52356147339294,-32.37643852660707,5.099999999999994,48.0,35.0,-13.0,1.3714285714285714,6.9828349217681565,1.0,0
1317.6,919.66,99.96,69.79811778992106,-30.16188221007893,0.04000000000000625,49.0,38.0,-11.0,1.2894736842105263,7.184325846679199,1.0,0
1103.86,669.32,91.72,60.63450075190695,-31.08549924809305,8.280000000000001,87.0,39.0,-48.0,2.230769230769231,7.007473909092552,1.0,0
449.85,1.17,100.0,0.2600866955651884,-99.73991330443481,0.0,,,-167.0,,6.111134689945915,0.0,1
1616.97,141.23,16.61,8.734237493583677,-7.875762506416322,83.39,36.0,38.0,2.0,0.9473684210526315,7.3889275560373955,1.0,0
1388.59,150.68,20.6,10.851295198726767,-9.748704801273234,79.4,36.0,38.0,2.0,0.9473684210526315,7.236764018585515,1.0,0
2565.63,1077.71,99.8,42.005667224034646,-57.79433277596535,0.20000000000000284,96.0,70.0,-26.0,1.3714285714285714,7.850349033357338,1.0,0
1003.11,8.36,100.0,0.8334081008064917,-99.1665918991935,0.0,231.0,43.0,-188.0,5.372093023255814,6.911856856003212,1.0,0
1772.13,461.42,91.84,26.037593178829994,-65.80240682117001,8.159999999999997,86.0,47.0,-39.0,1.8297872340425532,7.480501625439295,1.0,0
1319.42,388.15,91.73,29.418229221930847,-62.31177077806916,8.269999999999996,86.0,48.0,-38.0,1.7916666666666667,7.185705146789498,1.0,0
2356.19,1011.39,100.0,42.924806573323885,-57.075193426676115,0.0,108.0,41.0,-67.0,2.6341463414634148,7.765225510633361,1.0,1
1163.17,138.72,22.12,11.926029729102366,-10.193970270897635,77.88,14.0,29.0,15.0,0.4827586206896552,7.0597636657373615,1.0,0
1499.12,640.87,100.0,42.749746517957206,-57.250253482042794,0.0,97.0,38.0,-59.0,2.5526315789473686,7.313300383890472,1.0,0
861.23,135.17,100.0,15.69499436851944,-84.30500563148055,0.0,231.0,49.0,-182.0,4.714285714285714,6.759522056418916,0.0,1
1673.17,266.14,99.99,15.90633348673476,-84.08366651326523,0.010000000000005116,195.0,48.0,-147.0,4.0625,7.423072799059316,1.0,0
255.53,205.97,100.0,80.60501702344148,-19.394982976558524,0.0,249.0,44.0,-205.0,5.659090909090909,5.547245616835974,0.0,1
461.54,42.27,100.0,9.158469471768429,-90.84153052823157,0.0,247.0,44.0,-203.0,5.613636363636363,6.136733039699226,0.0,1
852.0,5.01,100.0,0.5880281690140845,-99.41197183098592,0.0,197.0,41.0,-156.0,4.804878048780488,6.748759547491679,0.0,0
1243.57,589.41,82.56,47.39660815233561,-35.16339184766439,17.439999999999998,85.0,58.0,-27.0,1.4655172413793103,7.126545367714767,1.0,1
1360.54,552.9,58.65,40.638275978655535,-18.011724021344463,41.35,85.0,63.0,-22.0,1.3492063492063493,7.216371691043248,1.0,1
1116.13,520.05,53.41,46.594034745056575,-6.815965254943421,46.59,85.0,82.0,-3.0,1.0365853658536586,7.018518175466409,1.0,1
837.61,168.75,99.75,20.14660760974678,-79.60339239025322,0.25,96.0,32.0,-64.0,3.0,6.731745759301863,0.0,0
1299.36,123.13,16.09,9.476203669498831,-6.613796330501168,83.91,36.0,38.0,2.0,0.9473684210526315,7.1703964281904335,1.0,0
1376.1,133.95,33.86,9.73403095705254,-24.12596904294746,66.14,24.0,33.0,9.0,0.7272727272727273,7.22773511773308,1.0,0
467.99,443.83,97.92,94.83749652770358,-3.0825034722964233,2.0799999999999983,48.0,30.0,-18.0,1.6,6.150581446257343,0.0,1
283.15,480.38,92.62,169.6556595444111,77.03565954441109,7.3799999999999955,98.0,28.0,-70.0,3.5,5.649502267743131,0.0,1
253.99,0.0,100.0,0.0,-100.0,0.0,113.0,29.0,-84.0,3.896551724137931,5.541224328703197,0.0,0
1297.75,0.0,34.07,0.0,-34.07,65.93,36.0,40.0,4.0,0.9,7.169157542413437,1.0,0
545.11,273.89,80.59,50.24490469813432,-30.345095301865683,19.409999999999997,60.0,40.0,-20.0,1.5,6.302820420654982,0.0,0
626.76,16.13,51.09,2.5735528751037076,-48.516447124896295,48.91,96.0,28.0,-68.0,3.4285714285714284,6.442157927819218,0.0,0
359.0,0.0,99.92,0.0,-99.92,0.0799999999999983,108.0,26.0,-82.0,4.153846153846154,5.886104031450156,0.0,0
230.03,0.0,0.0,0.0,0.0,100.0,98.0,22.0,-76.0,4.454545454545454,5.442547572219269,0.0,0
317.19,175.26,86.0,55.25394873734986,-30.74605126265014,14.0,60.0,40.0,-20.0,1.5,5.7626486886342425,0.0,0
322.81,148.48,98.14,45.99609677519283,-52.14390322480717,1.8599999999999994,96.0,30.0,-66.0,3.2,5.780156924027929,0.0,0
220.28,0.0,97.74,0.0,-97.74,2.260000000000005,97.0,21.0,-76.0,4.619047619047619,5.399428867916448,0.0,0
294.13,239.25,88.22,81.34158365348657,-6.878416346513433,11.780000000000001,97.0,21.0,-76.0,4.619047619047619,5.687415937235904,0.0,0
300.0,175.1,99.2,58.36666666666667,-40.833333333333336,0.7999999999999972,110.0,28.0,-82.0,3.9285714285714284,5.707110264748875,0.0,0
298.0,234.7,95.6,78.75838926174497,-16.841610738255028,4.400000000000006,113.0,28.0,-85.0,4.035714285714286,5.700443573390687,0.0,0
216.53,154.05,92.1,71.14487599870688,-20.955124001293115,7.900000000000006,94.0,61.0,-33.0,1.540983606557377,5.382336772051611,0.0,1
192.67,141.81,96.0,73.60253282815177,-22.397467171848234,4.0,96.0,21.0,-75.0,4.571428571428571,5.26615567973964,0.0,0
605.08,585.2,99.9,96.71448403516891,-3.1855159648310973,0.09999999999999432,105.0,28.0,-77.0,3.75,6.407011990557659,0.0,0
512.98,117.6,41.1,22.924870365316387,-18.175129634683614,58.9,48.0,47.0,-1.0,1.0212765957446808,6.242184354192295,0.0,0
886.69,573.13,78.36,64.6370208302789,-13.7229791697211,21.64,48.0,40.0,-8.0,1.2,6.788622582943796,0.0,0
631.49,92.56,30.8,14.65739758349301,-16.14260241650699,69.2,48.0,43.0,-5.0,1.1162790697674418,6.449664410200012,0.0,0
703.68,279.58,90.69,39.73112778535698,-50.958872214643016,9.310000000000002,50.0,36.0,-14.0,1.3888888888888888,6.557743799058939,0.0,0
490.92,0.0,73.6,0.0,-73.6,26.400000000000006,41.0,43.0,2.0,0.9534883720930233,6.198316101645214,0.0,0
206.13,152.77,98.57,74.1134235676515,-24.4565764323485,1.4300000000000068,97.0,28.0,-69.0,3.4642857142857144,5.333346615467431,0.0,0
445.76,18.32,10.8,4.109834888729361,-6.690165111270639,89.2,41.0,51.0,10.0,0.803921568627451,6.102021537672626,0.0,0
244.54,0.0,99.96,0.0,-99.96,0.04000000000000625,110.0,28.0,-82.0,3.9285714285714284,5.503459866752694,0.0,0
197.0,0.0,92.74,0.0,-92.74,7.260000000000005,108.0,31.0,-77.0,3.4838709677419355,5.288267030694535,0.0,0
499.88,187.35,62.85,37.47899495879011,-25.37100504120989,37.15,41.0,45.0,4.0,0.9111111111111111,6.216366551437055,0.0,0
399.01,0.0,63.98,0.0,-63.98,36.02,41.0,46.0,5.0,0.8913043478260869,5.991489546795487,0.0,0
549.28,296.89,82.15,54.05075735508302,-28.099242644916984,17.849999999999994,50.0,35.0,-15.0,1.4285714285714286,6.310427239592795,0.0,0
644.45,349.38,98.6,54.21367057180541,-44.386329428194585,1.4000000000000057,48.0,36.0,-12.0,1.3333333333333333,6.469947747952719,0.0,0
578.85,0.0,85.0,0.0,-85.0,15.0,50.0,35.0,-15.0,1.4285714285714286,6.3627694494027125,0.0,0
882.18,347.58,74.06,39.40012242399511,-34.659877576004895,25.939999999999998,50.0,36.0,-14.0,1.3888888888888888,6.783529030338895,0.0,0
955.49,427.43,35.96,44.73411548001549,8.774115480015489,64.03999999999999,48.0,34.0,-14.0,1.411764705882353,6.863270334042593,0.0,0
521.53,256.53,50.5,49.18796617644239,-1.3120338235576128,49.5,51.0,31.0,-20.0,1.6451612903225807,6.2586823984586575,0.0,1
541.58,72.23,17.05,13.336903135270875,-3.713096864729126,82.95,48.0,30.0,-18.0,1.6,6.2963355399804435,0.0,0
797.36,570.71,95.05,71.57494732617639,-23.475052673823612,4.950000000000003,62.0,45.0,-17.0,1.3777777777777778,6.682559623541796,0.0,1
2146.86,857.65,90.51,39.949041856478765,-50.56095814352124,9.489999999999995,48.0,40.0,-8.0,1.2,7.672227276595896,1.0,1
1183.71,83.68,0.0,7.0692990681839305,7.0692990681839305,100.0,36.0,51.0,15.0,0.7058823529411765,7.077253297880605,1.0,0
1129.33,31.41,5.17,2.781295104176813,-2.388704895823187,94.83,38.0,53.0,15.0,0.7169811320754716,7.030264904470579,1.0,1
1127.9,66.79,6.5,5.9216242574696345,-0.5783757425303655,93.5,36.0,45.0,9.0,0.8,7.028998986267501,1.0,0
1142.6,64.38,0.0,5.634517766497462,5.634517766497462,100.0,36.0,51.0,15.0,0.7058823529411765,7.041936460448157,1.0,0
1105.25,72.08,5.07,6.521601447636281,1.451601447636281,94.93,36.0,52.0,16.0,0.6923076923076923,7.008731196322139,1.0,0
973.45,189.17,40.05,19.4329446812882,-20.6170553187118,59.95,36.0,48.0,12.0,0.75,6.881873209268033,0.0,1
958.86,142.89,11.68,14.902071209561353,3.222071209561353,88.32,53.0,61.0,8.0,0.8688524590163934,6.866787440493834,0.0,1
1149.17,751.33,99.98,65.38023094929383,-34.59976905070617,0.01999999999999602,62.0,40.0,-22.0,1.55,7.047665036519053,1.0,1
615.78,363.74,98.02,59.06979765500666,-38.950202344993336,1.980000000000004,62.0,44.0,-18.0,1.4090909090909092,6.424512396301874,0.0,1
177.18,8.31,100.0,4.690145614629191,-95.30985438537081,0.0,148.0,111.0,-37.0,1.3333333333333333,5.182794275292498,0.0,0
295.47,375.14,82.76,126.96382035401224,44.20382035401224,17.239999999999995,134.0,25.0,-109.0,5.36,5.691946032880246,0.0,1
920.66,0.0,43.8,0.0,-43.8,56.2,27.0,33.0,6.0,0.8181818181818182,6.826176391989109,0.0,0
726.9,194.74,8.05,26.79048012106205,18.74048012106205,91.95,26.0,35.0,9.0,0.7428571428571429,6.590163676124212,0.0,0
670.9,0.0,12.1,0.0,-12.1,87.9,26.0,32.0,6.0,0.8125,6.510109519926104,0.0,0
657.21,0.0,54.9,0.0,-54.9,45.1,26.0,32.0,6.0,0.8125,6.489524029344299,0.0,0
431.78,0.0,55.12,0.0,-55.12,44.88,26.0,30.0,4.0,0.8666666666666667,6.070229515743637,0.0,0
174.43,0.0,41.9,0.0,-41.9,58.1,73.0,73.0,0.0,1.0,5.1672401029410935,0.0,0
277.5,0.0,0.0,0.0,0.0,100.0,73.0,23.0,-50.0,3.1739130434782608,5.629418059367339,0.0,1
195.95,86.26,69.78,44.02143403929574,-25.75856596070426,30.22,38.0,22.0,-16.0,1.7272727272727273,5.282949889416915,0.0,0
2026.05,0.0,0.0,0.0,0.0,100.0,36.0,48.0,12.0,0.75,7.614336813143335,1.0,0
274.06,0.0,91.85,0.0,-91.85,8.150000000000006,37.0,31.0,-6.0,1.1935483870967742,5.616989255686562,0.0,0
296.02,0.0,26.0,0.0,-26.0,74.0,50.0,60.0,10.0,0.8333333333333334,5.693799476602799,0.0,1
309.63,32.4,24.5,10.464102315667086,-14.035897684332914,75.5,39.0,47.0,8.0,0.8297872340425532,5.738602493300822,0.0,0
185.09,175.09,100.0,94.59722297260792,-5.4027770273920765,0.0,60.0,30.0,-30.0,2.0,5.226230427653136,0.0,1
319.96,0.0,95.0,0.0,-95.0,5.0,75.0,28.0,-47.0,2.6785714285714284,5.771316504773571,0.0,1
515.69,104.56,44.0,20.27574705734065,-23.72425294265935,56.0,39.0,38.0,-1.0,1.0263157894736843,6.247443081515765,0.0,0
225.17,0.0,70.7,0.0,-70.7,29.299999999999997,41.0,32.0,-9.0,1.28125,5.42128692889172,0.0,0
509.65,98.47,54.0,19.321102717551263,-34.67889728244874,46.0,50.0,44.0,-6.0,1.1363636363636365,6.235684424024108,0.0,0
189.31,0.0,46.0,0.0,-46.0,54.0,41.0,31.0,-10.0,1.3225806451612903,5.248654321528936,0.0,0
262.37,112.46,90.0,42.863132217860276,-47.136867782139724,10.0,72.0,54.0,-18.0,1.3333333333333333,5.573559887606227,0.0,1
283.86,24.5,42.0,8.631015289227083,-33.36898471077292,58.0,39.0,50.0,11.0,0.78,5.65199783150644,0.0,0
1086.3,0.0,4.0,0.0,-4.0,96.0,34.0,54.0,20.0,0.6296296296296297,6.9914528380037035,1.0,0
840.93,167.6,60.0,19.9303152462155,-40.0696847537845,40.0,51.0,50.0,-1.0,1.02,6.735696875394464,0.0,0
438.24,0.0,50.38,0.0,-50.38,49.62,36.0,35.0,-1.0,1.0285714285714285,6.085045960729513,0.0,0
395.62,0.0,88.0,0.0,-88.0,12.0,60.0,38.0,-22.0,1.5789473684210527,5.982978643457684,0.0,0
307.11,125.88,0.0,40.98857087037218,40.98857087037218,100.0,52.0,30.0,-22.0,1.7333333333333334,5.730456862070388,0.0,0
403.36,0.0,93.0,0.0,-93.0,7.0,55.0,46.0,-9.0,1.1956521739130435,6.0023055702858565,0.0,0
587.97,37.37,28.0,6.35576645066925,-21.64423354933075,72.0,48.0,56.0,8.0,0.8571428571428571,6.378375248568339,0.0,0
1679.75,66.99,13.41,3.9880934662896257,-9.421906533710374,86.59,40.0,62.0,22.0,0.6451612903225806,7.426995401349146,1.0,0
343.54,75.71,61.0,22.038190603714266,-38.96180939628573,39.0,50.0,43.0,-7.0,1.1627906976744187,5.842210194018223,0.0,0
2008.7,0.0,5.0,0.0,-5.0,95.0,34.0,56.0,22.0,0.6071428571428571,7.605740736182332,1.0,0
809.25,0.0,58.0,0.0,-58.0,42.0,36.0,33.0,-3.0,1.0909090909090908,6.697342842021657,0.0,0
1141.67,0.0,80.0,0.0,-80.0,20.0,48.0,51.0,3.0,0.9411764705882353,7.041122908198164,1.0,1
1156.72,0.0,92.0,0.0,-92.0,8.0,50.0,48.0,-2.0,1.0416666666666667,7.054207832695181,1.0,0
697.66,0.04,99.0,0.005733451824671044,-98.99426654817533,1.0,50.0,45.0,-5.0,1.1111111111111112,6.549164214742565,0.0,0
264.86,0.0,90.0,0.0,-90.0,10.0,60.0,29.0,-31.0,2.0689655172413794,5.582969854439453,0.0,0
917.91,128.0,51.39,13.944722249458009,-37.44527775054199,48.61,48.0,46.0,-2.0,1.0434782608695652,6.823188185024619,0.0,1
640.18,239.2,95.39,37.36449123683964,-58.02550876316036,4.609999999999999,48.0,44.0,-4.0,1.0909090909090908,6.463310228733024,0.0,0
947.15,0.0,4.0,0.0,-4.0,96.0,34.0,53.0,19.0,0.6415094339622641,6.854512717586418,0.0,0
211.09,0.0,100.0,0.0,-100.0,0.0,71.0,46.0,-25.0,1.5434782608695652,5.357010712887255,0.0,0
1948.25,0.0,86.93,0.0,-86.93,13.069999999999993,92.0,67.0,-25.0,1.373134328358209,7.57519996218971,1.0,0
236.47,0.0,90.0,0.0,-90.0,10.0,71.0,47.0,-24.0,1.5106382978723405,5.470041299706711,0.0,0
1138.72,0.0,24.4,0.0,-24.4,75.6,39.0,54.0,15.0,0.7222222222222222,7.038537897185386,1.0,0
1273.72,0.0,42.43,0.0,-42.43,57.57,48.0,62.0,14.0,0.7741935483870968,7.150481825632056,1.0,0
1708.62,0.0,2.0,0.0,-2.0,98.0,24.0,58.0,34.0,0.41379310344827586,7.444026402579467,1.0,0
1653.15,0.0,0.0,0.0,0.0,100.0,34.0,56.0,22.0,0.6071428571428571,7.411042560709827,1.0,0
1511.57,0.0,32.0,0.0,-32.0,68.0,36.0,48.0,12.0,0.75,7.3215654698258,1.0,0
974.19,0.73,44.0,0.07493404777302169,-43.92506595222698,56.0,50.0,64.0,14.0,0.78125,6.882632323807678,0.0,1
1348.06,0.0,23.88,0.0,-23.88,76.12,48.0,68.0,20.0,0.7058823529411765,7.207163332609325,1.0,0
1734.7,0.0,7.0,0.0,-7.0,93.0,36.0,52.0,16.0,0.6923076923076923,7.459166069226836,1.0,0
701.02,0.0,81.18,0.0,-81.18,18.819999999999993,36.0,40.0,4.0,0.9,6.553961893648468,0.0,0
2061.86,0.0,20.0,0.0,-20.0,80.0,34.0,60.0,26.0,0.5666666666666667,7.631848648432096,1.0,0
172.5,0.0,89.0,0.0,-89.0,11.0,71.0,51.0,-20.0,1.392156862745098,5.156177599386914,0.0,0
325.24,0.0,98.0,0.0,-98.0,2.0,71.0,55.0,-16.0,1.290909090909091,5.787633306826145,0.0,1
2471.56,1178.84,99.8,47.69619187881338,-52.10380812118662,0.20000000000000284,51.0,41.0,-10.0,1.2439024390243902,7.813009330138729,1.0,1
1972.94,766.05,94.14,38.82784068446075,-55.31215931553925,5.859999999999999,51.0,43.0,-8.0,1.186046511627907,7.5877868243947075,1.0,0
1081.39,410.98,76.0,38.00479013122,-37.99520986878,24.0,54.0,30.0,-24.0,1.8,6.98692683808515,1.0,1
1991.71,994.97,94.12,49.95556582032525,-44.16443417967476,5.8799999999999955,99.0,50.0,-49.0,1.98,7.597250800342803,1.0,0
1603.53,157.34,27.85,9.812102049852513,-18.03789795014749,72.15,37.0,52.0,15.0,0.7115384615384616,7.380586157788642,1.0,0
1753.75,355.19,54.1,20.253171774768354,-33.84682822523165,45.9,38.0,41.0,3.0,0.926829268292683,7.470081675610531,1.0,0
1089.41,36.93,12.5,3.3899082989875247,-9.110091701012475,87.5,19.0,37.0,18.0,0.5135135135135135,6.994309051286712,1.0,1
1089.41,69.75,33.95,6.402548168274571,-27.547451831725432,66.05,19.0,38.0,19.0,0.5,6.994309051286712,1.0,0
957.62,758.39,99.7,79.19529667300182,-20.504703326998182,0.29999999999999716,50.0,37.0,-13.0,1.3513513513513513,6.865494750267535,0.0,1
879.26,611.57,91.0,69.55508040852536,-21.444919591474644,9.0,44.0,26.0,-18.0,1.6923076923076923,6.7802173183796075,0.0,0
526.45,259.66,81.85,49.32282268021655,-32.52717731978345,18.150000000000006,36.0,24.0,-12.0,1.5,6.268054074127818,0.0,0
1973.98,902.97,68.95,45.743624555466624,-23.20637544453338,31.049999999999997,37.0,35.0,-2.0,1.0571428571428572,7.5883135507016695,1.0,0
2289.34,132.07,25.2,5.768911564031554,-19.431088435968444,74.8,19.0,41.0,22.0,0.4634146341463415,7.736455557143186,1.0,0
2541.13,198.69,33.15,7.818962430099995,-25.331037569900005,66.85,19.0,37.0,18.0,0.5135135135135135,7.84075759127574,1.0,0
1632.93,273.96,46.47,16.777204166743214,-29.692795833256785,53.53,41.0,52.0,11.0,0.7884615384615384,7.398743434845021,1.0,0
1663.38,460.89,12.9,27.708040255383615,14.808040255383615,87.1,24.0,36.0,12.0,0.6666666666666666,7.417207960694364,1.0,1
1226.64,646.5,100.0,52.704950107611026,-47.295049892388974,0.0,96.0,51.0,-45.0,1.8823529411764706,7.112848906118289,1.0,1
2002.79,1732.8,100.0,86.51930556873162,-13.480694431268375,0.0,66.0,38.0,-28.0,1.736842105263158,7.6027956662946945,1.0,0
1843.59,636.74,58.9,34.538048047559386,-24.361951952440613,41.1,45.0,35.0,-10.0,1.2857142857142858,7.520012309557389,1.0,0
991.89,815.91,95.22,82.2581132988537,-12.961886701146298,4.780000000000001,53.0,40.0,-13.0,1.325,6.900619882481125,0.0,0
516.16,232.93,74.23,45.12747985120893,-29.102520148791072,25.769999999999996,53.0,36.0,-17.0,1.4722222222222223,6.248352304386352,0.0,0
1394.14,559.19,55.29,40.110031991048245,-15.179968008951754,44.71,37.0,37.0,0.0,1.0,7.240750047642836,1.0,0
2555.5,1245.26,84.0,48.72862453531599,-35.27137546468401,16.0,51.0,39.0,-12.0,1.3076923076923077,7.846394414520054,1.0,0
197.6,27.57,12.39,13.95242914979757,1.5624291497975697,87.61,13.0,25.0,12.0,0.52,5.291292751611072,0.0,0
649.44,0.09,6.6,0.013858093126385806,-6.586141906873614,93.4,13.0,31.0,18.0,0.41935483870967744,6.477649056957522,0.0,0
706.41,515.53,97.2,72.97886496510525,-24.221135034894758,2.799999999999997,61.0,35.0,-26.0,1.7428571428571429,6.561610412945142,0.0,1
838.68,560.48,99.2,66.82882625077504,-32.371173749224965,0.7999999999999972,48.0,35.0,-13.0,1.3714285714285714,6.733020866875615,0.0,0
1101.79,312.89,60.07,28.398333620744427,-31.671666379255573,39.93,42.0,38.0,-4.0,1.105263157894737,7.00559861128118,1.0,1
955.34,240.51,62.02,25.175330248916616,-36.84466975108339,37.98,42.0,40.0,-2.0,1.05,6.8631134983590165,0.0,0
575.66,371.48,99.33,64.53114685752007,-34.79885314247993,0.6700000000000017,54.0,37.0,-17.0,1.4594594594594594,6.357252838063248,0.0,0
1722.11,1049.84,99.9,60.96242400311246,-38.937575996887546,0.09999999999999432,50.0,38.0,-12.0,1.3157894736842106,7.451886076625917,1.0,1
1384.79,823.04,99.99,59.434282454379364,-40.55571754562063,0.010000000000005116,51.0,37.0,-14.0,1.3783783783783783,7.234025653118753,1.0,1
2077.0,144.68,11.75,6.965816080885894,-4.784183919114106,88.25,15.0,35.0,20.0,0.42857142857142855,7.639161171659173,1.0,0
2009.11,135.52,24.4,6.745275271139958,-17.65472472886004,75.6,36.0,50.0,14.0,0.72,7.605944725923847,1.0,0
2289.52,405.32,59.63,17.7032740487089,-41.926725951291104,40.37,36.0,39.0,3.0,0.9230769230769231,7.736534145006641,1.0,0
1122.02,52.15,5.11,4.647867239443147,-0.4621327605568535,94.89,15.0,42.0,27.0,0.35714285714285715,7.0237767640188595,1.0,1
1706.47,799.01,99.11,46.822387736086775,-52.287612263913225,0.8900000000000006,41.0,33.0,-8.0,1.2424242424242424,7.442768021744479,1.0,0
1493.65,679.94,94.53,45.522043316707396,-49.007956683292605,5.469999999999999,41.0,36.0,-5.0,1.1388888888888888,7.309647344703519,1.0,0
617.88,232.0,83.88,37.54774389849162,-46.33225610150838,16.120000000000005,41.0,32.0,-9.0,1.28125,6.427911392824875,0.0,0
2966.63,862.58,97.35,29.076089704479497,-68.2739102955205,2.6500000000000057,131.0,54.0,-77.0,2.425925925925926,7.9955189334434085,1.0,1
646.27,146.15,63.79,22.61438717563867,-41.17561282436133,36.21,51.0,35.0,-16.0,1.457142857142857,6.472763518115628,0.0,0
2158.2,565.63,60.65,26.208414419423598,-34.4415855805764,39.35,36.0,38.0,2.0,0.9473684210526315,7.677493061703795,1.0,1
188.87,25.55,50.44,13.527823370572351,-36.91217662942765,49.56,53.0,47.0,-6.0,1.127659574468085,5.246339627455324,0.0,0
2006.82,832.92,45.16,41.5044697581248,-3.655530241875198,54.84,41.0,41.0,0.0,1.0,7.604804835359324,1.0,0
1841.92,934.13,76.9,50.71501476719944,-26.184985232800564,23.099999999999994,40.0,34.0,-6.0,1.1764705882352942,7.5191065492399,1.0,1
1017.99,406.6,100.0,39.94145325592589,-60.05854674407411,0.0,31.0,19.0,-12.0,1.631578947368421,6.926567219631883,1.0,0
1377.51,349.12,42.26,25.344280622282234,-16.915719377717764,57.74,31.0,34.0,3.0,0.9117647058823529,7.228758484699418,1.0,0
775.94,0.14,4.44,0.018042632162280588,-4.42195736783772,95.56,13.0,34.0,21.0,0.38235294117647056,6.655363127308804,0.0,0
1428.19,1193.3,97.5,83.55330873343182,-13.94669126656818,2.5,60.0,42.0,-18.0,1.4285714285714286,7.264863129203421,1.0,1
1335.45,984.58,92.89,73.72645924594707,-19.16354075405293,7.109999999999999,60.0,42.0,-18.0,1.4285714285714286,7.197772123730637,1.0,0
578.02,438.51,100.0,75.86415694958653,-24.13584305041347,0.0,50.0,29.0,-21.0,1.7241379310344827,6.361337019290758,0.0,0
1602.48,1198.22,99.11,74.77285207927711,-24.337147920722884,0.8900000000000006,60.0,42.0,-18.0,1.4285714285714286,7.379931546339491,1.0,0
836.24,807.97,98.92,96.61939156223094,-2.300608437769057,1.0799999999999983,64.0,35.0,-29.0,1.8285714285714285,6.730110767739146,0.0,0
192.54,0.0,99.0,0.0,-99.0,1.0,38.0,25.0,-13.0,1.52,5.265484209452796,0.0,0
192.22,0.0,97.0,0.0,-97.0,3.0,40.0,19.0,-21.0,2.1052631578947367,5.263829436089363,0.0,0
220.89,0.0,0.3,0.0,-0.3,99.7,13.0,34.0,21.0,0.38235294117647056,5.402181763578325,0.0,0
247.41,110.98,73.5,44.8567155733398,-28.643284426660202,26.5,97.0,27.0,-70.0,3.5925925925925926,5.51508060689796,0.0,0
251.88,0.0,99.0,0.0,-99.0,1.0,61.0,53.0,-8.0,1.150943396226415,5.532915067907362,0.0,0
418.89,422.72,95.0,100.91432118217195,5.914321182171946,5.0,108.0,35.0,-73.0,3.085714285714286,6.039992772212467,0.0,0
282.08,166.13,100.0,58.894639818491214,-41.105360181508786,0.0,113.0,32.0,-81.0,3.53125,5.645729543207584,0.0,0
344.73,0.0,17.78,0.0,-17.78,82.22,10.0,35.0,25.0,0.2857142857142857,5.845658123607847,0.0,0
237.79,79.56,100.0,33.458093275579294,-66.5419067244207,0.0,108.0,32.0,-76.0,3.375,5.475584504594719,0.0,0
346.82,0.0,21.64,0.0,-21.64,78.36,26.0,51.0,25.0,0.5098039215686274,5.851685104579697,0.0,0
452.81,0.0,42.0,0.0,-42.0,58.0,48.0,58.0,10.0,0.8275862068965517,6.117678608242217,0.0,0
299.31,0.0,2.0,0.0,-2.0,98.0,49.0,70.0,21.0,0.7,5.70481527446815,0.0,0
472.23,0.0,52.0,0.0,-52.0,48.0,48.0,59.0,11.0,0.8135593220338984,6.159581528234976,0.0,0
573.96,0.0,20.78,0.0,-20.78,79.22,41.0,60.0,19.0,0.6833333333333333,6.354300473160187,0.0,0
180.1,0.0,95.0,0.0,-95.0,5.0,85.0,32.0,-53.0,2.65625,5.199049364889368,0.0,0
258.85,0.0,35.6,0.0,-35.6,64.4,48.0,42.0,-6.0,1.1428571428571428,5.560104541454451,0.0,0
603.92,0.0,81.17,0.0,-81.17,18.83,66.0,39.0,-27.0,1.6923076923076923,6.40509621788254,0.0,0
649.6,0.0,29.72,0.0,-29.72,70.28,46.0,54.0,8.0,0.8518518518518519,6.477895014039251,0.0,0
197.26,0.0,15.06,0.0,-15.06,84.94,26.0,39.0,13.0,0.6666666666666666,5.289579300604752,0.0,0
273.76,0.0,96.46,0.0,-96.46,3.5400000000000063,96.0,34.0,-62.0,2.823529411764706,5.61589798934568,0.0,0
346.5,0.0,100.0,0.0,-100.0,0.0,96.0,40.0,-56.0,2.4,5.850764665004847,0.0,0
338.38,0.0,78.2,0.0,-78.2,21.799999999999997,41.0,31.0,-10.0,1.3225806451612903,5.82712042354468,0.0,0
292.76,0.0,72.5,0.0,-72.5,27.5,41.0,43.0,2.0,0.9534883720930233,5.682763107432126,0.0,0
1383.78,688.93,70.5,49.78609316509849,-20.713906834901508,29.5,96.0,52.0,-44.0,1.8461538461538463,7.23329656123893,1.0,0
250.33,0.0,81.23,0.0,-81.23,18.769999999999996,27.0,24.0,-3.0,1.125,5.526766816652428,0.0,0
259.64,0.0,52.51,0.0,-52.51,47.49,27.0,30.0,3.0,0.9,5.563140144853735,0.0,0
216.68,107.69,96.0,49.70001846040243,-46.29998153959757,4.0,27.0,24.0,-3.0,1.125,5.383026094474991,0.0,0
183.92,96.31,70.42,52.365158764680295,-18.054841235319707,29.58,52.0,27.0,-25.0,1.9259259259259258,5.219923299120024,0.0,0
216.97,152.33,75.24,70.2078628381804,-5.032137161819591,24.760000000000005,45.0,27.0,-18.0,1.6666666666666667,5.384357438640421,0.0,1
1602.89,585.02,75.59,36.497825802144874,-39.09217419785513,24.409999999999997,52.0,35.0,-17.0,1.4857142857142858,7.380187207521227,1.0,0
1092.9,712.04,93.9,65.1514319699881,-28.74856803001191,6.099999999999994,48.0,35.0,-13.0,1.3714285714285714,6.997504571125745,1.0,0
715.97,115.32,43.28,16.106820118161373,-27.173179881838628,56.72,27.0,40.0,13.0,0.675,6.575033998720077,0.0,0
720.67,0.0,0.0,0.0,0.0,100.0,10.0,39.0,29.0,0.2564102564102564,6.581567970695458,0.0,0
742.43,0.3,0.0,0.04040784989830691,0.04040784989830691,100.0,37.0,57.0,20.0,0.6491228070175439,6.6112746121740065,0.0,0
304.83,0.0,0.0,0.0,0.0,100.0,28.0,54.0,26.0,0.5185185185185185,5.723029392018658,0.0,0
410.83,157.03,62.92,38.22262249592289,-24.69737750407711,37.08,36.0,36.0,0.0,1.0,6.020610642838686,0.0,0
155.87,0.0,15.63,0.0,-15.63,84.37,120.0,113.0,-7.0,1.0619469026548674,5.055417436868149,0.0,0
271.17,209.23,84.47,77.15824021831322,-7.311759781686774,15.530000000000001,115.0,27.0,-88.0,4.2592592592592595,5.60642687106484,0.0,1
995.04,456.48,69.32,45.875542691751086,-23.444457308248907,30.680000000000007,48.0,42.0,-6.0,1.1428571428571428,6.903787417420752,0.0,1
311.02,6.11,95.49,1.9645038904250531,-93.52549610957495,4.510000000000005,69.0,34.0,-35.0,2.0294117647058822,5.743067288319104,0.0,0
345.38,395.8,94.12,114.59841334182639,20.478413341826382,5.8799999999999955,69.0,22.0,-47.0,3.1363636363636362,5.847536438300897,0.0,1
402.94,0.0,98.54,0.0,-98.54,1.4599999999999937,96.0,49.0,-47.0,1.9591836734693877,6.0012663520802425,0.0,0
295.97,0.39,96.81,0.131770111835659,-96.67822988816434,3.1899999999999977,96.0,61.0,-35.0,1.5737704918032787,5.693631123599825,0.0,0
309.99,0.15,1.07,0.048388657698635436,-1.0216113423013646,98.93,12.0,32.0,20.0,0.375,5.739760757321436,0.0,0
1818.46,443.7,55.19,24.399766835674143,-30.790233164325855,44.81,28.0,43.0,15.0,0.6511627906976745,7.506295032749006,1.0,0
1212.56,283.87,36.78,23.410800290294915,-13.369199709705086,63.22,36.0,45.0,9.0,0.8,7.101313467702079,1.0,0
352.01,54.34,35.13,15.43706144711798,-19.692938552882023,64.87,25.0,24.0,-1.0,1.0416666666666667,5.866496385143948,0.0,0
201.1,47.32,47.5,23.530581800099455,-23.969418199900545,52.5,24.0,22.0,-2.0,1.0909090909090908,5.308762624409575,0.0,0
622.04,339.47,96.17,54.57366085782266,-41.59633914217734,3.8299999999999983,91.0,40.0,-51.0,2.275,6.434610722183835,0.0,1
557.55,463.78,94.12,83.18177741906555,-10.93822258093445,5.8799999999999955,62.0,31.0,-31.0,2.0,6.325344140016857,0.0,1
560.79,0.0,2.5,0.0,-2.5,97.5,36.0,57.0,21.0,0.631578947368421,6.331128114582922,0.0,0
152.27,0.0,22.33,0.0,-22.33,77.67,25.0,40.0,15.0,0.625,5.032201072010817,0.0,0
248.2,236.91,98.0,95.45124899274778,-2.5487510072522213,2.0,137.0,64.0,-73.0,2.140625,5.518255786913298,0.0,0
1884.6,376.8,97.22,19.99363260108246,-77.22636739891755,2.780000000000001,47.0,37.0,-10.0,1.2702702702702702,7.542001351621921,1.0,0
1577.57,701.66,87.2,44.477265668084456,-42.72273433191555,12.799999999999997,94.0,58.0,-36.0,1.6206896551724137,7.3642746529128,1.0,0
3685.0,1451.43,83.0,39.38751696065129,-43.61248303934871,17.0,52.0,24.0,-28.0,2.1666666666666665,8.212297138229768,1.0,0
1255.49,332.43,99.37,26.47810814900955,-72.89189185099045,0.6299999999999955,63.0,28.0,-35.0,2.25,7.136077398336776,1.0,0
421.65,152.96,99.0,36.27653266927547,-62.72346733072453,1.0,75.0,27.0,-48.0,2.7777777777777777,6.046544413374937,0.0,0
26316.0,9791.8,83.7,37.20854233166134,-46.49145766833866,16.299999999999997,44.0,23.0,-21.0,1.9130434782608696,10.177970397179921,1.0,1
28466.0,8471.19,98.05,29.75897562003794,-68.29102437996205,1.9500000000000028,64.0,40.0,-24.0,1.6,10.256500800641868,1.0,0
61109.0,,81.5,,,18.5,104.0,73.0,-31.0,1.4246575342465753,11.020430797888961,1.0,0
645.13,377.59,92.1,58.52928867050051,-33.57071132949948,7.900000000000006,34.0,15.0,-19.0,2.2666666666666666,6.471000721926966,0.0,0
24544.55,8472.04,98.05,34.51699053354004,-63.53300946645996,1.9500000000000028,34.0,25.0,-9.0,1.36,10.10828585406347,1.0,0
413.29,126.67,97.0,30.649180962520262,-66.35081903747974,3.0,101.0,88.0,-13.0,1.1477272727272727,6.026566211693331,0.0,0
824.0,396.71,57.0,48.144417475728154,-8.855582524271846,43.0,103.0,100.0,-3.0,1.03,6.715383386334681,0.0,0
578.89,171.79,54.0,29.67575877973363,-24.32424122026637,46.0,103.0,100.0,-3.0,1.03,6.362838430381235,0.0,0
230.06,261.82,97.0,113.80509432322003,16.805094323220032,3.0,192.0,181.0,-11.0,1.0607734806629834,5.442677417054872,0.0,0
305.19,346.46,95.0,113.52272354926438,18.522723549264384,5.0,192.0,183.0,-9.0,1.0491803278688525,5.724205824297079,0.0,0
842.25,208.64,79.0,24.771742356782426,-54.228257643217574,21.0,70.0,59.0,-11.0,1.1864406779661016,6.73726347394176,0.0,0
154.73,96.17,93.0,62.15342855296323,-30.846571447036773,7.0,94.0,82.0,-12.0,1.146341463414634,5.048123738507248,0.0,0
353.05,872.65,95.88,247.17462115847613,151.29462115847613,4.1200000000000045,251.0,176.0,-75.0,1.4261363636363635,5.869438146097783,0.0,1
397.41,619.46,98.3,155.87428600186206,57.57428600186206,1.7000000000000028,251.0,176.0,-75.0,1.4261363636363635,5.98748162579704,0.0,1
10151.04,,85.9,,,14.099999999999994,206.0,159.0,-47.0,1.2955974842767295,9.225429949496785,1.0,1
256.16,44.7,55.44,17.45003123048095,-37.98996876951905,44.56,359.0,320.0,-39.0,1.121875,5.549698459273486,0.0,0
571.07,447.68,44.5,78.3931917278092,33.893191727809196,55.5,227.0,152.0,-75.0,1.493421052631579,6.349261361514645,0.0,1
459.97,618.85,72.0,134.54138313368261,62.541383133682615,28.0,215.0,140.0,-75.0,1.5357142857142858,6.13333296495721,0.0,1
382.29,249.06,86.31,65.14949383975515,-21.16050616024485,13.689999999999998,203.0,200.0,-3.0,1.015,5.9487918828210296,0.0,0
5021.76,4956.98,90.3,98.71001401898934,8.410014018989344,9.700000000000003,107.0,32.0,-75.0,3.34375,8.521734862397505,1.0,1
20718.17,,93.7,,,6.299999999999997,359.0,284.0,-75.0,1.2640845070422535,9.938814637656021,1.0,1
3807.77,5999.8,70.0,157.56729004115272,87.56729004115272,30.0,179.0,104.0,-75.0,1.7211538461538463,8.245061581352754,1.0,1
770.16,1515.6,99.32,196.79027734496728,97.47027734496729,0.6800000000000068,143.0,68.0,-75.0,2.1029411764705883,6.647895874731268,0.0,1
648.09,208.06,49.78,32.10356586276597,-17.676434137234033,50.22,107.0,32.0,-75.0,3.34375,6.475571381974055,0.0,0
751.03,814.02,75.0,108.38714831631226,33.38714831631226,25.0,215.0,140.0,-75.0,1.5357142857142858,6.622776216771132,0.0,1
1229.15,2155.66,81.08,175.37810682178738,94.29810682178739,18.92,227.0,152.0,-75.0,1.493421052631579,7.11489139215053,1.0,1
743.73,458.42,53.93,61.63796001237009,7.707960012370087,46.07,107.0,32.0,-75.0,3.34375,6.613021736583588,0.0,0
580.79,713.46,76.22,122.84302415675204,46.62302415675204,23.78,107.0,62.0,-45.0,1.7258064516129032,6.366109557876259,0.0,1
2407.67,2778.84,80.54,115.41614922310781,34.8761492231078,19.459999999999994,107.0,74.0,-33.0,1.445945945945946,7.786830006930021,1.0,0
848.07,690.49,69.63,81.41898664025375,11.788986640253754,30.370000000000005,107.0,38.0,-69.0,2.8157894736842106,6.744141632853645,0.0,1
7222.95,9587.99,91.0,132.74340816425422,41.74340816425422,9.0,107.0,134.0,27.0,0.7985074626865671,8.885157173699668,1.0,0
1923.81,1874.37,49.2,97.43009964601494,48.230099646014935,50.8,286.0,302.0,16.0,0.9470198675496688,7.562582540551889,1.0,0
1058.99,1634.21,89.57,154.31779336915363,64.74779336915364,10.430000000000007,359.0,284.0,-75.0,1.2640845070422535,6.966014753099349,1.0,1
7196.47,,72.65,,,27.349999999999994,215.0,140.0,-75.0,1.5357142857142858,8.881484854363716,1.0,1
210.45,1734.71,97.96,824.2860536944644,726.3260536944643,2.0400000000000063,203.0,128.0,-75.0,1.5859375,5.353988563918498,0.0,1
255.97,1516.11,65.0,592.2998788920577,527.2998788920577,35.0,215.0,140.0,-75.0,1.5357142857142858,5.5489593465640565,0.0,1
211.46,626.06,72.59,296.06544973044544,223.47544973044543,27.409999999999997,203.0,128.0,-75.0,1.5859375,5.3587537353518675,0.0,1
1449.44,1837.91,98.9,126.8013853626228,27.90138536262279,1.0999999999999943,347.0,272.0,-75.0,1.275735294117647,7.279622237659366,1.0,1
1622.27,172.97,38.0,10.662220222281125,-27.337779777718875,62.0,103.0,43.0,-60.0,2.395348837209302,7.392197912273729,1.0,1
21030.0,8530.86,0.0,40.56519258202568,40.56519258202568,100.0,,,36.0,,9.953752818683679,1.0,0
567.03,2776.23,62.85,489.60901539601076,426.75901539601074,37.15,347.0,272.0,-75.0,1.275735294117647,6.342174234227796,0.0,1
3055.88,8060.82,95.5,263.7806458368784,168.28064583687842,4.5,,,-75.0,,8.025150066949614,1.0,1
989.43,2804.16,79.5,283.41166125951304,203.91166125951304,20.5,275.0,200.0,-75.0,1.375,6.898139192263174,0.0,1
1441.26,2201.29,85.0,152.73371910689258,67.73371910689258,15.0,121.0,64.0,-57.0,1.890625,7.273966606723639,1.0,1
2285.81,2201.94,88.0,96.33084114602701,8.330841146027012,12.0,193.0,148.0,-45.0,1.304054054054054,7.734913112303117,1.0,1
736.13,971.47,97.0,131.96989662152066,34.96989662152066,3.0,,,-75.0,,6.602764267407719,0.0,1
1331.3,4491.08,92.0,337.34545181401637,245.34545181401637,8.0,,,-75.0,,7.1946620509661665,1.0,1
8200.71,4784.54,87.7,58.34299713073625,-29.357002869263752,12.299999999999997,239.0,164.0,-75.0,1.4573170731707317,9.01209794809698,1.0,1
1402.0,1839.76,100.0,131.22396576319545,31.22396576319545,0.0,227.0,152.0,-75.0,1.493421052631579,7.246368080102461,1.0,1
1672.7,22.24,1.76,1.3295868954385126,-0.4304131045614874,98.24,107.0,32.0,-75.0,3.34375,7.422792023519593,1.0,0
219.9,115.2,31.5,52.38744884038199,20.887448840381992,68.5,227.0,224.0,-3.0,1.0133928571428572,5.397710110426072,0.0,0
1060.67,4575.74,82.39,431.40090697389377,349.0109069738938,17.61,215.0,140.0,-75.0,1.5357142857142858,6.967598419050651,1.0,1
2584.1,1267.4,24.77,49.04608954761813,24.27608954761813,75.23,29.0,68.0,39.0,0.4264705882352941,7.8575194709138305,1.0,0
