project_no,project_name,agency,project_code,legacy_ocms_code,state,original_approval_date,revised_approval_date,original_target_date,revised_target_date,original_cost_cr,revised_cost_cr,cumulative_expenditure_cr,physical_progress_pct,source_pdf_page,snapshot_date,source_url,cost_overrun,cost_overrun_pct,time_overrun,time_overrun_months,project_age_months,planned_duration_months,months_to_original_target,expenditure_ratio_pct,snapshot_month,snapshot_date_convention,modeling_note
1,"Construction of New Domestic Terminal Building Building and miscellaneous works including maintenance, operations and AICMC at Kadapa Airport",Airport Authority of India [AAI],612786,N04000106,Andhra Pradesh,03/2023,01/2024,01/2026,05/2026,265.91,265.91,120.19,60.0,55,2026-03-31,https://ipm.mospi.gov.in/Content/PDF/FlashReport_March_2026.pdf,0,0.0000,1,4,36,34,-2,45.1995,2026-03,2026-03-01,"Retrospective March 2026 snapshot; use revised cost/date only as outcome labels, not predictive features."
2,Construction of New Integrated Terminal Building and associated works including apron to park 3 code E type of aircraft or 6 code C type of aircraft at Vijayawada Airport.,Airport Authority of India [AAI],701107,N04000091,Andhra Pradesh,06/2020,09/2020,09/2022,07/2026,611.8,611.8,523.14,87.2,55,2026-03-31,https://ipm.mospi.gov.in/Content/PDF/FlashReport_March_2026.pdf,0,0.0000,1,46,69,27,-42,85.5083,2026-03,2026-03-01,"Retrospective March 2026 snapshot; use revised cost/date only as outcome labels, not predictive features."
3,Construction of New Domestic Terminal Building at Rajahmundry Airport.,Airport Authority of India [AAI],701121,N04000103,Andhra Pradesh,12/2022,08/2023,08/2025,04/2026,347.15,347.15,165.11,86.0,55,2026-03-31,https://ipm.mospi.gov.in/Content/PDF/FlashReport_March_2026.pdf,0,0.0000,1,8,39,32,-7,47.5616,2026-03,2026-03-01,"Retrospective March 2026 snapshot; use revised cost/date only as outcome labels, not predictive features."
4,Guwahati Airport New Integrated Terminal Building Construction Project,Adani Airport Holdings Limited,706724,N04000083,Assam,12/2016,03/2018,03/2025,06/2026,1712.0,2520.0,2602.19,97.0,55,2026-03-31,https://ipm.mospi.gov.in/Content/PDF/FlashReport_March_2026.pdf,1,47.1963,1,15,111,99,-12,151.9971,2026-03,2026-03-01,"Retrospective March 2026 snapshot; use revised cost/date only as outcome labels, not predictive features."
5,Development of New Civil Enclave at Bihta,Airport Authority of India [AAI],612183,-,Bihar,08/2024,04/2025,03/2027,,1413.0,1413.0,7.64,1.28,55,2026-03-31,https://ipm.mospi.gov.in/Content/PDF/FlashReport_March_2026.pdf,0,0.0000,,,19,31,12,0.5407,2026-03,2026-03-01,"Retrospective March 2026 snapshot; use revised cost/date only as outcome labels, not predictive features."
6,Development of New Civil Enclave and associated works at Darbhanga Airport,Airport Authority of India [AAI],612194,N04000112,Bihar,07/2024,07/2024,07/2026,,911.66,911.66,352.16,61.0,55,2026-03-31,https://ipm.mospi.gov.in/Content/PDF/FlashReport_March_2026.pdf,0,0.0000,,,20,24,4,38.6284,2026-03,2026-03-01,"Retrospective March 2026 snapshot; use revised cost/date only as outcome labels, not predictive features."
7,"Construction of New Domestic Terminal Building [Phase-I and II] and other allied structures at JPNI Airport, Patna",Airport Authority of India [AAI],701101,N04000082,Bihar,10/2018,10/2018,05/2026,05/2026,1216.9,1216.9,1196.4,98.04,55,2026-03-31,https://ipm.mospi.gov.in/Content/PDF/FlashReport_March_2026.pdf,0,0.0000,0,0,89,91,2,98.3154,2026-03,2026-03-01,"Retrospective March 2026 snapshot; use revised cost/date only as outcome labels, not predictive features."
8,Goa Airport Terminal Building Extension Project,Airport Authority of India [AAI],701105,N04000095,Goa,11/2017,12/2019,12/2021,04/2026,255.69,255.69,156.7,99.75,55,2026-03-31,https://ipm.mospi.gov.in/Content/PDF/FlashReport_March_2026.pdf,0,0.0000,1,52,100,49,-51,61.2851,2026-03,2026-03-01,"Retrospective March 2026 snapshot; use revised cost/date only as outcome labels, not predictive features."
9,Development of Keshod Airport.,Airport Authority of India [AAI],619054,-,Gujarat,NA,07/2025,01/2027,,363.1,363.1,87.88,28.0,55,2026-03-31,https://ipm.mospi.gov.in/Content/PDF/FlashReport_March_2026.pdf,0,0.0000,,,,,10,24.2027,2026-03,2026-03-01,"Retrospective March 2026 snapshot; use revised cost/date only as outcome labels, not predictive features."
10,"Development of Dholera International Greenfield Airport , Gujarat",Airport Authority of India [AAI],701126,N04000099,Gujarat,06/2022,07/2022,06/2026,06/2026,1305.0,1551.0,874.24,81.0,55,2026-03-31,https://ipm.mospi.gov.in/Content/PDF/FlashReport_March_2026.pdf,1,18.8506,0,0,45,48,3,66.9916,2026-03,2026-03-01,"Retrospective March 2026 snapshot; use revised cost/date only as outcome labels, not predictive features."
11,"Construction of NTB complex including apron, taxi track and other associated civil works and electrical & mechanical installations towards Tawi River side at CA Jammu.",Airport Authority of India [AAI],611047,N04000107,Jammu and Kashmir,10/2023,12/2023,06/2026,11/2026,861.37,861.37,316.6,48.1,55,2026-03-31,https://ipm.mospi.gov.in/Content/PDF/FlashReport_March_2026.pdf,0,0.0000,1,5,29,32,3,36.7554,2026-03,2026-03-01,"Retrospective March 2026 snapshot; use revised cost/date only as outcome labels, not predictive features."
12,Construction of New Domestic Terminal Building and Miscellaneous works at Hubli Airport,Airport Authority of India [AAI],612787,N04000108,Karnataka,06/2023,01/2024,01/2026,06/2026,320.47,320.47,141.4,72.5,55,2026-03-31,https://ipm.mospi.gov.in/Content/PDF/FlashReport_March_2026.pdf,0,0.0000,1,5,33,31,-2,44.1227,2026-03,2026-03-01,"Retrospective March 2026 snapshot; use revised cost/date only as outcome labels, not predictive features."
13,Construction of New Domestic Terminal Building and Miscellaneous Works at Belagavi Airport.,Airport Authority of India [AAI],612788,N04000105,Karnataka,06/2023,02/2024,02/2026,04/2026,322.45,322.45,198.0,82.0,55,2026-03-31,https://ipm.mospi.gov.in/Content/PDF/FlashReport_March_2026.pdf,0,0.0000,1,2,33,32,-1,61.4049,2026-03,2026-03-01,"Retrospective March 2026 snapshot; use revised cost/date only as outcome labels, not predictive features."
14,"Development of additional RESA on either end on Runway 10-28 at Calicut Airport. Construction of embankment with slope protection, drainage system and associated works for additional RESA on either end on Runway 10-28",Airport Authority of India [AAI],612789,N04000111,Kerala,06/2023,02/2024,09/2025,12/2026,484.57,484.57,204.6,55.0,55,2026-03-31,https://ipm.mospi.gov.in/Content/PDF/FlashReport_March_2026.pdf,0,0.0000,1,15,33,27,-6,42.2230,2026-03,2026-03-01,"Retrospective March 2026 snapshot; use revised cost/date only as outcome labels, not predictive features."
15,"Construction of Terminal Building & Associated works at Leh Airport, Ladakh",Airport Authority of India [AAI],400010,N04000078,Ladakh,07/2018,09/2018,09/2021,07/2026,480.0,640.0,501.81,78.7,55,2026-03-31,https://ipm.mospi.gov.in/Content/PDF/FlashReport_March_2026.pdf,1,33.3333,1,58,92,38,-54,104.5438,2026-03,2026-03-01,"Retrospective March 2026 snapshot; use revised cost/date only as outcome labels, not predictive features."
16,C/o NITB Imphal Airport,Airport Authority of India [AAI],706718,N04000100,Manipur,11/2021,07/2022,07/2024,12/2026,499.0,499.0,201.99,49.33,55,2026-03-31,https://ipm.mospi.gov.in/Content/PDF/FlashReport_March_2026.pdf,0,0.0000,1,29,52,32,-20,40.4790,2026-03,2026-03-01,"Retrospective March 2026 snapshot; use revised cost/date only as outcome labels, not predictive features."
17,"SITC of ATM Automation System and ASMGCS [Including SMR & MLAT] for Mumbai, Navi Mumbai, Jewar [earlier MOPA, without ASMGCS], HIAL & BIAL",Airport Authority of India [AAI],611570,-,"Multi-States (Karnataka, Maharashtra, Telangana, Uttar Pradesh)",12/2020,10/2022,09/2025,08/2026,500.48,500.48,380.97,78.0,55,2026-03-31,https://ipm.mospi.gov.in/Content/PDF/FlashReport_March_2026.pdf,0,0.0000,1,11,63,57,-6,76.1209,2026-03,2026-03-01,"Retrospective March 2026 snapshot; use revised cost/date only as outcome labels, not predictive features."
18,"Development of New Greenfield Airport at Bundi, Kota Rajasthan.",Airport Authority of India [AAI],618977,-,Rajasthan,08/2025,10/2025,10/2027,,1507.0,1507.0,34.69,10.0,55,2026-03-31,https://ipm.mospi.gov.in/Content/PDF/FlashReport_March_2026.pdf,0,0.0000,,,7,26,19,2.3019,2026-03,2026-03-01,"Retrospective March 2026 snapshot; use revised cost/date only as outcome labels, not predictive features."
19,Construction of New Passenger Terminal Building for Domestic Operations at Jodhpur Airport.,Airport Authority of India [AAI],701127,N04000101,Rajasthan,06/2022,05/2023,03/2026,04/2026,480.0,480.0,339.22,97.35,55,2026-03-31,https://ipm.mospi.gov.in/Content/PDF/FlashReport_March_2026.pdf,0,0.0000,1,1,45,45,0,70.6708,2026-03,2026-03-01,"Retrospective March 2026 snapshot; use revised cost/date only as outcome labels, not predictive features."
20,Construction of New Integrated Passenger Terminal Building at Udaipur Airport,Airport Authority of India [AAI],701128,,Rajasthan,06/2023,11/2023,03/2026,09/2026,887.0,887.0,523.61,64.96,55,2026-03-31,https://ipm.mospi.gov.in/Content/PDF/FlashReport_March_2026.pdf,0,0.0000,1,6,33,33,0,59.0316,2026-03,2026-03-01,"Retrospective March 2026 snapshot; use revised cost/date only as outcome labels, not predictive features."
21,"stabilization Measures [Balance work] of uphill and Improvement of Storm Water Drainage System at Pakyong Airport, Sikkim on design & build basis [EPC] with integrated 10 years maintenance.",Airport Authority of India [AAI],612793,,Sikkim,11/2023,12/2023,06/2026,,323.26,323.26,80.84,33.6,56,2026-03-31,https://ipm.mospi.gov.in/Content/PDF/FlashReport_March_2026.pdf,0,0.0000,,,28,31,3,25.0077,2026-03,2026-03-01,"Retrospective March 2026 snapshot; use revised cost/date only as outcome labels, not predictive features."
22,"(N04000110) Modernization of Chennai Airport, Phase II, Part 2",Airport Authority of India [AAI],611602,-,Tamil Nadu,05/2018,06/2023,07/2025,12/2026,1207.0,1207.0,268.02,35.0,56,2026-03-31,https://ipm.mospi.gov.in/Content/PDF/FlashReport_March_2026.pdf,0,0.0000,1,17,94,86,-8,22.2055,2026-03,2026-03-01,"Retrospective March 2026 snapshot; use revised cost/date only as outcome labels, not predictive features."
23,"Development of Lal Bahadur Shastri International airport, Varanasi including C/o New Terminal Building, Apron Extension, Runway Extension, PTT and allied works.",Airport Authority of India [AAI],701113,N04000114,Uttar Pradesh,07/2024,07/2024,07/2027,07/2027,2869.65,2869.65,544.48,25.0,56,2026-03-31,https://ipm.mospi.gov.in/Content/PDF/FlashReport_March_2026.pdf,0,0.0000,0,0,20,36,16,18.9737,2026-03,2026-03-01,"Retrospective March 2026 snapshot; use revised cost/date only as outcome labels, not predictive features."
24,Development of New Integrated Civil Enclave at Agra Airport,Airport Authority of India [AAI],701122,N04000113,Uttar Pradesh,06/2024,07/2024,07/2026,11/2026,579.0,579.0,193.18,38.35,56,2026-03-31,https://ipm.mospi.gov.in/Content/PDF/FlashReport_March_2026.pdf,0,0.0000,1,4,21,25,4,33.3644,2026-03,2026-03-01,"Retrospective March 2026 snapshot; use revised cost/date only as outcome labels, not predictive features."
25,Development of New Civil Enclave at Bagdogra Airport,Airport Authority of India [AAI],611495,N04000115,West Bengal,08/2024,09/2024,03/2027,01/2027,1549.0,1549.0,437.74,21.58,56,2026-03-31,https://ipm.mospi.gov.in/Content/PDF/FlashReport_March_2026.pdf,0,0.0000,0,-2,19,31,12,28.2595,2026-03,2026-03-01,"Retrospective March 2026 snapshot; use revised cost/date only as outcome labels, not predictive features."
26,"Re-Construction of Rigid portions of Secondary Runway, K and A Taxiway and Strengthening of C Taxiway at NSCBI Airport Kolkata.",Airport Authority of India [AAI],612791,N04000109,West Bengal,03/2023,12/2023,10/2025,08/2026,328.3,328.3,130.5,58.0,56,2026-03-31,https://ipm.mospi.gov.in/Content/PDF/FlashReport_March_2026.pdf,0,0.0000,1,10,36,31,-5,39.7502,2026-03,2026-03-01,"Retrospective March 2026 snapshot; use revised cost/date only as outcome labels, not predictive features."
27,Coal TIKAK EXTENSION OCP,MIS MoCoal Integration Logins,615820,N06000290,Assam,07/2022,07/2022,07/2031,,159.77,159.77,92.47,89.0,56,2026-03-31,https://ipm.mospi.gov.in/Content/PDF/FlashReport_March_2026.pdf,0,0.0000,,,44,108,64,57.8769,2026-03,2026-03-01,"Retrospective March 2026 snapshot; use revised cost/date only as outcome labels, not predictive features."
28,TIRAP OCP,MIS MoCoal Integration Logins,615821,N06000291,Assam,11/2022,11/2022,11/2030,,289.46,289.46,105.61,3.4,56,2026-03-31,https://ipm.mospi.gov.in/Content/PDF/FlashReport_March_2026.pdf,0,0.0000,,,40,96,56,36.4852,2026-03,2026-03-01,"Retrospective March 2026 snapshot; use revised cost/date only as outcome labels, not predictive features."
29,PORDA CHIMTAPANI OCP [10 MTY],South Eastern Coalfields Limited [SECL],400144,N06000199,Chhattisgarh,12/2020,12/2020,03/2029,,2310.12,2310.12,113.45,10.36,56,2026-03-31,https://ipm.mospi.gov.in/Content/PDF/FlashReport_March_2026.pdf,0,0.0000,,,63,99,36,4.9110,2026-03,2026-03-01,"Retrospective March 2026 snapshot; use revised cost/date only as outcome labels, not predictive features."
30,BAROUD OC EXPANSION [3.0-10.0M,South Eastern Coalfields Limited [SECL],400149,N06000197,Chhattisgarh,08/2020,08/2020,03/2029,,2309.8,2309.8,993.49,55.95,56,2026-03-31,https://ipm.mospi.gov.in/Content/PDF/FlashReport_March_2026.pdf,0,0.0000,,,67,103,36,43.0119,2026-03,2026-03-01,"Retrospective March 2026 snapshot; use revised cost/date only as outcome labels, not predictive features."
31,DIPKA EXPANSION OCP [40 MTY],South Eastern Coalfields Limited [SECL],400354,N06000200,Chhattisgarh,12/2020,12/2020,03/2029,,5241.4,5241.4,2905.11,37.32,56,2026-03-31,https://ipm.mospi.gov.in/Content/PDF/FlashReport_March_2026.pdf,0,0.0000,,,63,99,36,55.4262,2026-03,2026-03-01,"Retrospective March 2026 snapshot; use revised cost/date only as outcome labels, not predictive features."
32,GEVRA OC [70 MTY],South Eastern Coalfields Limited [SECL],400424,060100093,Chhattisgarh,03/2016,03/2016,03/2023,03/2027,11816.4,11816.4,6905.46,78.48,56,2026-03-31,https://ipm.mospi.gov.in/Content/PDF/FlashReport_March_2026.pdf,0,0.0000,1,48,120,84,-36,58.4396,2026-03,2026-03-01,"Retrospective March 2026 snapshot; use revised cost/date only as outcome labels, not predictive features."
33,AMERA OC RCE [1.0 MTY],South Eastern Coalfields Limited [SECL],613798,N06000123,Chhattisgarh,02/2015,02/2015,03/2026,,335.97,335.97,90.88,42.47,56,2026-03-31,https://ipm.mospi.gov.in/Content/PDF/FlashReport_March_2026.pdf,0,0.0000,,,133,133,0,27.0500,2026-03,2026-03-01,"Retrospective March 2026 snapshot; use revised cost/date only as outcome labels, not predictive features."
34,AMGAON OC RCE [1.0 MTY],South Eastern Coalfields Limited [SECL],613799,N06000135,Chhattisgarh,07/2015,07/2015,03/2026,,316.11,316.11,191.5,78.86,56,2026-03-31,https://ipm.mospi.gov.in/Content/PDF/FlashReport_March_2026.pdf,0,0.0000,,,128,128,0,60.5802,2026-03,2026-03-01,"Retrospective March 2026 snapshot; use revised cost/date only as outcome labels, not predictive features."
35,JAGANNATHPUR OC RCE PROJECT,South Eastern Coalfields Limited [SECL],613800,N06000232,Chhattisgarh,07/2016,07/2016,03/2025,03/2027,459.49,459.49,275.97,96.15,56,2026-03-31,https://ipm.mospi.gov.in/Content/PDF/FlashReport_March_2026.pdf,0,0.0000,1,24,116,104,-12,60.0601,2026-03,2026-03-01,"Retrospective March 2026 snapshot; use revised cost/date only as outcome labels, not predictive features."
36,MAHAMAYA OCP [1.50 MTY],South Eastern Coalfields Limited [SECL],613801,N06000164,Chhattisgarh,05/2018,05/2018,03/2026,03/2028,410.26,410.26,187.54,54.6,56,2026-03-31,https://ipm.mospi.gov.in/Content/PDF/FlashReport_March_2026.pdf,0,0.0000,1,24,94,94,0,45.7125,2026-03,2026-03-01,"Retrospective March 2026 snapshot; use revised cost/date only as outcome labels, not predictive features."
37,KATKONA RO UG MINE,South Eastern Coalfields Limited [SECL],615191,N06000274,Chhattisgarh,01/2023,01/2023,03/2029,,329.21,329.21,62.03,2.01,56,2026-03-31,https://ipm.mospi.gov.in/Content/PDF/FlashReport_March_2026.pdf,0,0.0000,,,38,74,36,18.8421,2026-03,2026-03-01,"Retrospective March 2026 snapshot; use revised cost/date only as outcome labels, not predictive features."
38,PELMA OC MDO,South Eastern Coalfields Limited [SECL],616234,N06000045,Chhattisgarh,10/2022,10/2022,03/2033,,1725.04,1725.04,16.71,40.34,56,2026-03-31,https://ipm.mospi.gov.in/Content/PDF/FlashReport_March_2026.pdf,0,0.0000,,,41,125,84,0.9687,2026-03,2026-03-01,"Retrospective March 2026 snapshot; use revised cost/date only as outcome labels, not predictive features."
39,KUSMUNDA OC EXPANSION PROJECT,SECL - CIL,617287,-,Chhattisgarh,11/2024,11/2024,03/2030,,4516.88,4516.88,816.56,21.28,56,2026-03-31,https://ipm.mospi.gov.in/Content/PDF/FlashReport_March_2026.pdf,0,0.0000,,,16,64,48,18.0780,2026-03,2026-03-01,"Retrospective March 2026 snapshot; use revised cost/date only as outcome labels, not predictive features."
40,MANIKPUR OC EXPANSION PROJECT,South Eastern Coalfields Limited [SECL],617288,-,Chhattisgarh,01/2025,01/2025,03/2029,,382.61,382.61,116.09,21.29,56,2026-03-31,https://ipm.mospi.gov.in/Content/PDF/FlashReport_March_2026.pdf,0,0.0000,,,14,50,36,30.3416,2026-03,2026-03-01,"Retrospective March 2026 snapshot; use revised cost/date only as outcome labels, not predictive features."
41,RPR FOR DURGAPUR OCP 10 MTY,SECL - CIL,619171,,Chhattisgarh,09/2025,09/2025,03/2032,,2415.91,2415.91,2.25,0.01,56,2026-03-31,https://ipm.mospi.gov.in/Content/PDF/FlashReport_March_2026.pdf,0,0.0000,,,6,78,72,0.0931,2026-03,2026-03-01,"Retrospective March 2026 snapshot; use revised cost/date only as outcome labels, not predictive features."
42,MADANNAGAR OCP 12 MTY - MDO,SECL - CIL,619172,-,Chhattisgarh,12/2024,12/2024,03/2029,,1859.19,1859.19,0.45,0.0,57,2026-03-31,https://ipm.mospi.gov.in/Content/PDF/FlashReport_March_2026.pdf,0,0.0000,,,15,51,36,0.0242,2026-03,2026-03-01,"Retrospective March 2026 snapshot; use revised cost/date only as outcome labels, not predictive features."
43,HURA C OCP,ECL - CIL,400018,N06000275,Jharkhand,08/2022,08/2022,03/2029,,859.41,859.41,455.31,63.22,57,2026-03-31,https://ipm.mospi.gov.in/Content/PDF/FlashReport_March_2026.pdf,0,0.0000,,,43,79,36,52.9794,2026-03,2026-03-01,"Retrospective March 2026 snapshot; use revised cost/date only as outcome labels, not predictive features."
44,KONAR EXPANSION OCP,Ministry of Coal,400073,N06000245,Jharkhand,01/2022,01/2022,03/2032,,799.34,799.34,429.61,46.25,57,2026-03-31,https://ipm.mospi.gov.in/Content/PDF/FlashReport_March_2026.pdf,0,0.0000,,,50,122,72,53.7456,2026-03,2026-03-01,"Retrospective March 2026 snapshot; use revised cost/date only as outcome labels, not predictive features."
45,KARO EXPANSION OCP,Ministry of Coal,400074,N06000246,Jharkhand,01/2022,01/2022,03/2029,,908.47,908.47,283.86,22.38,57,2026-03-31,https://ipm.mospi.gov.in/Content/PDF/FlashReport_March_2026.pdf,0,0.0000,,,50,86,36,31.2459,2026-03,2026-03-01,"Retrospective March 2026 snapshot; use revised cost/date only as outcome labels, not predictive features."
46,SANGHMITRA OC,Ministry of Coal,400136,-,Jharkhand,03/2024,03/2024,03/2032,,2660.0,2660.0,9.36,16.72,57,2026-03-31,https://ipm.mospi.gov.in/Content/PDF/FlashReport_March_2026.pdf,0,0.0000,,,24,96,72,0.3519,2026-03,2026-03-01,"Retrospective March 2026 snapshot; use revised cost/date only as outcome labels, not predictive features."
47,CHANDRAGUPT OCP,Ministry of Coal,400138,N06000238,Jharkhand,08/2020,08/2020,03/2032,,973.5,973.5,440.75,24.75,57,2026-03-31,https://ipm.mospi.gov.in/Content/PDF/FlashReport_March_2026.pdf,0,0.0000,,,67,139,72,45.2748,2026-03,2026-03-01,"Retrospective March 2026 snapshot; use revised cost/date only as outcome labels, not predictive features."
48,KOTRE BASANTPUR PACHMO OCP,Ministry of Coal,400139,N06000237,Jharkhand,08/2020,08/2020,03/2032,,861.06,625.4,464.57,43.1,57,2026-03-31,https://ipm.mospi.gov.in/Content/PDF/FlashReport_March_2026.pdf,0,-27.3686,,,67,139,72,53.9533,2026-03,2026-03-01,"Retrospective March 2026 snapshot; use revised cost/date only as outcome labels, not predictive features."
49,Pachwara South Coal Block,NLC India Limited [NLCIL],400142,N06000193,Jharkhand,03/2016,11/2019,09/2028,,2242.9,2242.9,1326.95,87.0,57,2026-03-31,https://ipm.mospi.gov.in/Content/PDF/FlashReport_March_2026.pdf,0,0.0000,,,120,150,30,59.1622,2026-03,2026-03-01,"Retrospective March 2026 snapshot; use revised cost/date only as outcome labels, not predictive features."
50,RPR MAGADH EXP OCP,Ministry of Coal,400150,N06000216,Jharkhand,08/2020,08/2020,03/2028,,7254.37,7254.37,1700.48,38.86,57,2026-03-31,https://ipm.mospi.gov.in/Content/PDF/FlashReport_March_2026.pdf,0,0.0000,,,67,91,24,23.4408,2026-03,2026-03-01,"Retrospective March 2026 snapshot; use revised cost/date only as outcome labels, not predictive features."
51,NORTH URIMARI EXPANSION OCP,Ministry of Coal,400151,N06000218,Jharkhand,07/2021,07/2021,03/2029,,778.8,778.8,605.0,68.91,57,2026-03-31,https://ipm.mospi.gov.in/Content/PDF/FlashReport_March_2026.pdf,0,0.0000,,,56,92,36,77.6836,2026-03,2026-03-01,"Retrospective March 2026 snapshot; use revised cost/date only as outcome labels, not predictive features."
52,EPR ROHINI - KARKETTA OCP,Ministry of Coal,400153,N06000243,Jharkhand,01/2021,01/2021,03/2028,,1020.42,1020.42,85.45,21.74,57,2026-03-31,https://ipm.mospi.gov.in/Content/PDF/FlashReport_March_2026.pdf,0,0.0000,,,62,86,24,8.3740,2026-03,2026-03-01,"Retrospective March 2026 snapshot; use revised cost/date only as outcome labels, not predictive features."
53,EPR PUNDI OCP,Ministry of Coal,400154,N06000242,Jharkhand,11/2020,11/2020,03/2027,,713.35,713.35,236.58,10.19,57,2026-03-31,https://ipm.mospi.gov.in/Content/PDF/FlashReport_March_2026.pdf,0,0.0000,,,64,76,12,33.1646,2026-03,2026-03-01,"Retrospective March 2026 snapshot; use revised cost/date only as outcome labels, not predictive features."
54,EPR ASHOK OC,Ministry of Coal,400155,N06000247,Jharkhand,05/2021,05/2021,03/2031,,2898.28,2898.28,186.16,26.86,57,2026-03-31,https://ipm.mospi.gov.in/Content/PDF/FlashReport_March_2026.pdf,0,0.0000,,,58,118,60,6.4231,2026-03,2026-03-01,"Retrospective March 2026 snapshot; use revised cost/date only as outcome labels, not predictive features."
55,EPR AMRAPALI OCP,Ministry of Coal,400156,N06000217,Jharkhand,02/2020,02/2020,03/2028,,5136.15,5136.15,1324.96,43.57,57,2026-03-31,https://ipm.mospi.gov.in/Content/PDF/FlashReport_March_2026.pdf,0,0.0000,,,73,97,24,25.7968,2026-03,2026-03-01,"Retrospective March 2026 snapshot; use revised cost/date only as outcome labels, not predictive features."
56,RAJRAPPA RCE OCP,Ministry of Coal,400160,N06000087,Jharkhand,12/2009,12/2009,03/2016,03/2027,510.85,510.85,488.71,77.19,57,2026-03-31,https://ipm.mospi.gov.in/Content/PDF/FlashReport_March_2026.pdf,0,0.0000,1,132,195,75,-120,95.6660,2026-03,2026-03-01,"Retrospective March 2026 snapshot; use revised cost/date only as outcome labels, not predictive features."
57,CHITRA EAST OC,Eastern Coal Fields Limited [ECL],400172,N06000169,Jharkhand,08/2018,08/2018,03/2026,03/2028,513.99,513.99,234.28,53.03,57,2026-03-31,https://ipm.mospi.gov.in/Content/PDF/FlashReport_March_2026.pdf,0,0.0000,1,24,91,91,0,45.5807,2026-03,2026-03-01,"Retrospective March 2026 snapshot; use revised cost/date only as outcome labels, not predictive features."
58,JHARKHAND-LAIYO OCP,Ministry of Coal,400352,N06000240,Jharkhand,08/2020,08/2020,03/2031,,764.57,764.57,145.81,29.39,57,2026-03-31,https://ipm.mospi.gov.in/Content/PDF/FlashReport_March_2026.pdf,0,0.0000,,,67,127,60,19.0709,2026-03,2026-03-01,"Retrospective March 2026 snapshot; use revised cost/date only as outcome labels, not predictive features."
59,MOONIDIH XV SEAM UG,Ministry of Coal,400425,N06000098,Jharkhand,08/2011,08/2011,03/2019,08/2026,1230.27,1230.27,657.71,82.42,57,2026-03-31,https://ipm.mospi.gov.in/Content/PDF/FlashReport_March_2026.pdf,0,0.0000,1,89,175,91,-84,53.4606,2026-03,2026-03-01,"Retrospective March 2026 snapshot; use revised cost/date only as outcome labels, not predictive features."
60,2.5 MTPA PATHERDIH NLW WASHERY,Ministry of Coal,611017,N06000194,Jharkhand,10/2015,04/2016,04/2018,12/2026,334.27,334.27,161.5,51.44,57,2026-03-31,https://ipm.mospi.gov.in/Content/PDF/FlashReport_March_2026.pdf,0,0.0000,1,104,125,30,-95,48.3142,2026-03,2026-03-01,"Retrospective March 2026 snapshot; use revised cost/date only as outcome labels, not predictive features."
61,AMALAGAMATED NTST KUJAMA OCP 8.5MTY,Ministry of Coal,611864,N06000273,Jharkhand,01/2023,01/2023,03/2030,,4011.85,4011.85,414.93,28.85,57,2026-03-31,https://ipm.mospi.gov.in/Content/PDF/FlashReport_March_2026.pdf,0,0.0000,,,38,86,48,10.3426,2026-03,2026-03-01,"Retrospective March 2026 snapshot; use revised cost/date only as outcome labels, not predictive features."
62,MURAIDIH UG PROJECT,Ministry of Coal,613808,N06000096,Jharkhand,02/2011,02/2011,04/2014,12/2026,339.87,339.87,191.0,70.39,57,2026-03-31,https://ipm.mospi.gov.in/Content/PDF/FlashReport_March_2026.pdf,0,0.0000,1,152,181,38,-143,56.1980,2026-03,2026-03-01,"Retrospective March 2026 snapshot; use revised cost/date only as outcome labels, not predictive features."
63,TAPIN SOUTH EXPN,Ministry of Coal,615349,N06000241,Jharkhand,11/2020,11/2020,03/2028,,230.41,230.41,22.02,21.47,57,2026-03-31,https://ipm.mospi.gov.in/Content/PDF/FlashReport_March_2026.pdf,0,0.0000,,,64,88,24,9.5569,2026-03,2026-03-01,"Retrospective March 2026 snapshot; use revised cost/date only as outcome labels, not predictive features."
64,SIRKA OC,Ministry of Coal,615822,N06000239,Jharkhand,05/2020,05/2020,03/2028,,222.82,222.82,140.72,54.26,57,2026-03-31,https://ipm.mospi.gov.in/Content/PDF/FlashReport_March_2026.pdf,0,0.0000,,,70,94,24,63.1541,2026-03,2026-03-01,"Retrospective March 2026 snapshot; use revised cost/date only as outcome labels, not predictive features."
66,CHUPERBHITA SIMLONG OCP MDO 6,Eastern Coal Fields Limited [ECL],616225,N06000280,Jharkhand,12/2023,12/2023,03/2037,,979.08,979.08,0.0,0.05,58,2026-03-31,https://ipm.mospi.gov.in/Content/PDF/FlashReport_March_2026.pdf,0,0.0000,,,27,159,132,0.0000,2026-03,2026-03-01,"Retrospective March 2026 snapshot; use revised cost/date only as outcome labels, not predictive features."
67,JARANGDIH EXPN. OCP 1.5 MTY,CCL - CIL,616236,N06000295,Jharkhand,02/2020,02/2020,03/2029,,414.37,414.37,85.6,33.27,58,2026-03-31,https://ipm.mospi.gov.in/Content/PDF/FlashReport_March_2026.pdf,0,0.0000,,,73,109,36,20.6579,2026-03,2026-03-01,"Retrospective March 2026 snapshot; use revised cost/date only as outcome labels, not predictive features."
68,BLOCK E OCP,Ministry of Coal,616253,N06000287,Jharkhand,03/2024,03/2024,03/2029,,5850.83,5850.83,20.32,4.16,58,2026-03-31,https://ipm.mospi.gov.in/Content/PDF/FlashReport_March_2026.pdf,0,0.0000,,,24,60,36,0.3473,2026-03,2026-03-01,"Retrospective March 2026 snapshot; use revised cost/date only as outcome labels, not predictive features."
69,"Revised Jharia Master Plan for Dealing with Fire, Subsidence & Rehabilitation of affected families in Jharia Coalfield- Reg.",Bharat Coking Coal Limited [BCCL],617416,-,Jharkhand,06/2025,07/2025,12/2028,,5940.47,5940.47,255.01,23.0,58,2026-03-31,https://ipm.mospi.gov.in/Content/PDF/FlashReport_March_2026.pdf,0,0.0000,,,9,42,33,4.2928,2026-03,2026-03-01,"Retrospective March 2026 snapshot; use revised cost/date only as outcome labels, not predictive features."
70,AMADAND OCP[4.0MTY],Ministry of Coal,400148,N06000148,Madhya Pradesh,03/2016,03/2016,03/2021,03/2027,869.44,869.44,325.4,75.15,58,2026-03-31,https://ipm.mospi.gov.in/Content/PDF/FlashReport_March_2026.pdf,0,0.0000,1,72,120,60,-60,37.4264,2026-03,2026-03-01,"Retrospective March 2026 snapshot; use revised cost/date only as outcome labels, not predictive features."
71,BLOCK B EXPANSION [3.5 TO 8.0,Northern Coalfields Limited [NCL],400162,N06000184,Madhya Pradesh,07/2019,07/2019,03/2023,03/2027,998.71,998.71,517.68,50.0,58,2026-03-31,https://ipm.mospi.gov.in/Content/PDF/FlashReport_March_2026.pdf,0,0.0000,1,48,80,44,-36,51.8349,2026-03,2026-03-01,"Retrospective March 2026 snapshot; use revised cost/date only as outcome labels, not predictive features."
72,NIGAHI EXPANSION [15 TO 25 MTP,Northern Coalfields Limited [NCL],400321,N06000196,Madhya Pradesh,11/2020,11/2020,03/2025,03/2028,1729.68,1729.68,920.75,48.52,58,2026-03-31,https://ipm.mospi.gov.in/Content/PDF/FlashReport_March_2026.pdf,0,0.0000,1,36,64,52,-12,53.2324,2026-03,2026-03-01,"Retrospective March 2026 snapshot; use revised cost/date only as outcome labels, not predictive features."
73,KANCHAN OC EXP,South Eastern Coalfields Limited [SECL],613802,N06000125,Madhya Pradesh,12/2014,12/2014,03/2026,03/2028,371.04,371.04,148.08,58.2,58,2026-03-31,https://ipm.mospi.gov.in/Content/PDF/FlashReport_March_2026.pdf,0,0.0000,1,24,135,135,0,39.9094,2026-03,2026-03-01,"Retrospective March 2026 snapshot; use revised cost/date only as outcome labels, not predictive features."
74,JHIRIA WEST OCP [1.5 MTY],South Eastern Coalfields Limited [SECL],613803,N06000166,Madhya Pradesh,01/2024,01/2024,03/2029,,366.94,366.94,35.57,41.29,58,2026-03-31,https://ipm.mospi.gov.in/Content/PDF/FlashReport_March_2026.pdf,0,0.0000,,,26,62,36,9.6937,2026-03,2026-03-01,"Retrospective March 2026 snapshot; use revised cost/date only as outcome labels, not predictive features."
75,RPR TAWA-III UG 0.84 MTY,Western Coalfields Limited [WCL],613804,N06000250,Madhya Pradesh,12/2021,12/2021,03/2027,,314.09,314.09,16.38,17.78,58,2026-03-31,https://ipm.mospi.gov.in/Content/PDF/FlashReport_March_2026.pdf,0,0.0000,,,51,63,12,5.2151,2026-03,2026-03-01,"Retrospective March 2026 snapshot; use revised cost/date only as outcome labels, not predictive features."
76,AMALGAMATED DHANKASA & JAMUNIA,Western Coalfields Limited [WCL],615185,N06000257,Madhya Pradesh,09/2022,09/2022,03/2027,,399.2,399.2,99.3,67.13,58,2026-03-31,https://ipm.mospi.gov.in/Content/PDF/FlashReport_March_2026.pdf,0,0.0000,,,42,54,12,24.8747,2026-03,2026-03-01,"Retrospective March 2026 snapshot; use revised cost/date only as outcome labels, not predictive features."
77,RPR OF VISHNUPURI UG TO OC,Western Coalfields Limited [WCL],615187,N06000260,Madhya Pradesh,11/2022,11/2022,03/2029,,220.62,220.62,0.0,11.2,58,2026-03-31,https://ipm.mospi.gov.in/Content/PDF/FlashReport_March_2026.pdf,0,0.0000,,,40,76,36,0.0000,2026-03,2026-03-01,"Retrospective March 2026 snapshot; use revised cost/date only as outcome labels, not predictive features."
78,URDHAN EXPANSION OC COST PLUS,Western Coalfields Limited [WCL],615194,N06000265,Madhya Pradesh,07/2022,01/2023,03/2031,,206.88,206.88,27.19,2.02,58,2026-03-31,https://ipm.mospi.gov.in/Content/PDF/FlashReport_March_2026.pdf,0,0.0000,,,44,104,60,13.1429,2026-03,2026-03-01,"Retrospective March 2026 snapshot; use revised cost/date only as outcome labels, not predictive features."
79,SHARDA UG MINE,Western Coalfields Limited [WCL],615195,N06000266,Madhya Pradesh,07/2022,09/2023,03/2028,,166.25,166.25,5.4,9.39,58,2026-03-31,https://ipm.mospi.gov.in/Content/PDF/FlashReport_March_2026.pdf,0,0.0000,,,44,68,24,3.2481,2026-03,2026-03-01,"Retrospective March 2026 snapshot; use revised cost/date only as outcome labels, not predictive features."
80,GANDHIGRAM UG MINE,Western Coalfields Limited [WCL],615206,N06000183,Madhya Pradesh,08/2019,08/2019,03/2026,,414.15,414.15,20.59,56.88,58,2026-03-31,https://ipm.mospi.gov.in/Content/PDF/FlashReport_March_2026.pdf,0,0.0000,,,79,79,0,4.9716,2026-03,2026-03-01,"Retrospective March 2026 snapshot; use revised cost/date only as outcome labels, not predictive features."
81,JAYANT EXPN. [20 TO 38 MTPA],Northern Coalfields Limited [NCL],619032,-,Madhya Pradesh,02/2025,02/2025,03/2032,,25560.48,25560.5,94.23,1.32,58,2026-03-31,https://ipm.mospi.gov.in/Content/PDF/FlashReport_March_2026.pdf,1,0.0001,,,13,85,72,0.3687,2026-03,2026-03-01,"Retrospective March 2026 snapshot; use revised cost/date only as outcome labels, not predictive features."
82,RPR FOR RAMPUR BATURA OCP,SECL - CIL,619053,-,Madhya Pradesh,05/2025,05/2025,03/2030,,1604.69,1604.69,74.71,0.3,58,2026-03-31,https://ipm.mospi.gov.in/Content/PDF/FlashReport_March_2026.pdf,0,0.0000,,,10,58,48,4.6557,2026-03,2026-03-01,"Retrospective March 2026 snapshot; use revised cost/date only as outcome labels, not predictive features."
83,BHATADI EXPANSION OC,Western Coalfields Limited [WCL],400033,N06000254,Maharashtra,02/2020,05/2022,03/2028,,580.61,580.61,111.65,33.15,58,2026-03-31,https://ipm.mospi.gov.in/Content/PDF/FlashReport_March_2026.pdf,0,0.0000,,,73,97,24,19.2298,2026-03,2026-03-01,"Retrospective March 2026 snapshot; use revised cost/date only as outcome labels, not predictive features."
84,AMALGAMATED YEKONA I & YEKONA,Western Coalfields Limited [WCL],400177,N06000132,Maharashtra,08/2015,08/2015,03/2025,03/2026,727.28,727.28,544.08,80.77,58,2026-03-31,https://ipm.mospi.gov.in/Content/PDF/FlashReport_March_2026.pdf,0,0.0000,1,12,127,115,-12,74.8103,2026-03,2026-03-01,"Retrospective March 2026 snapshot; use revised cost/date only as outcome labels, not predictive features."
85,DINESH[MAKARDHOKRA-III] OC,Western Coalfields Limited [WCL],400178,N06000222,Maharashtra,02/2020,02/2020,03/2027,,822.88,822.88,631.34,37.01,58,2026-03-31,https://ipm.mospi.gov.in/Content/PDF/FlashReport_March_2026.pdf,0,0.0000,,,73,85,12,76.7232,2026-03,2026-03-01,"Retrospective March 2026 snapshot; use revised cost/date only as outcome labels, not predictive features."
86,DHUPTALA OC [SASTI UG TO OC ],Western Coalfields Limited [WCL],400353,N06000209,Maharashtra,02/2019,10/2021,03/2028,,711.01,711.01,174.41,19.02,58,2026-03-31,https://ipm.mospi.gov.in/Content/PDF/FlashReport_March_2026.pdf,0,0.0000,,,85,109,24,24.5299,2026-03,2026-03-01,"Retrospective March 2026 snapshot; use revised cost/date only as outcome labels, not predictive features."
87,SAONER UG MINE -1 EXPANSION 1.,Western Coalfields Limited [WCL],615184,N06000251,Maharashtra,01/2022,01/2022,03/2028,,228.64,228.64,149.21,69.33,58,2026-03-31,https://ipm.mospi.gov.in/Content/PDF/FlashReport_March_2026.pdf,0,0.0000,,,50,74,24,65.2598,2026-03,2026-03-01,"Retrospective March 2026 snapshot; use revised cost/date only as outcome labels, not predictive features."
88,SASTI EXPANSION OPENCAST,Western Coalfields Limited [WCL],615186,,Maharashtra,08/2020,08/2020,03/2026,,319.04,319.04,98.84,20.75,58,2026-03-31,https://ipm.mospi.gov.in/Content/PDF/FlashReport_March_2026.pdf,0,0.0000,,,67,67,0,30.9804,2026-03,2026-03-01,"Retrospective March 2026 snapshot; use revised cost/date only as outcome labels, not predictive features."
89,NEW MAJRI UG TO OC 3 MTY COST,Western Coalfields Limited [WCL],615188,N06000255,Maharashtra,05/2019,09/2022,03/2027,,402.27,402.27,67.74,24.17,59,2026-03-31,https://ipm.mospi.gov.in/Content/PDF/FlashReport_March_2026.pdf,0,0.0000,,,82,94,12,16.8394,2026-03,2026-03-01,"Retrospective March 2026 snapshot; use revised cost/date only as outcome labels, not predictive features."
90,MAKARDHOKRA EXPN OC 4.9 MTY,Western Coalfields Limited [WCL],615189,N06000253,Maharashtra,06/2022,06/2022,03/2026,,361.87,361.87,88.69,12.2,59,2026-03-31,https://ipm.mospi.gov.in/Content/PDF/FlashReport_March_2026.pdf,0,0.0000,,,45,45,0,24.5088,2026-03,2026-03-01,"Retrospective March 2026 snapshot; use revised cost/date only as outcome labels, not predictive features."
91,SINGHORI DEEP OC MIN 2.0 MTY,Western Coalfields Limited [WCL],615190,N06000252,Maharashtra,05/2022,05/2022,03/2029,,335.75,335.75,45.04,9.56,59,2026-03-31,https://ipm.mospi.gov.in/Content/PDF/FlashReport_March_2026.pdf,0,0.0000,,,46,82,36,13.4147,2026-03,2026-03-01,"Retrospective March 2026 snapshot; use revised cost/date only as outcome labels, not predictive features."
92,GOKUL EXTENSION OC MINE,Western Coalfields Limited [WCL],615192,N06000264,Maharashtra,04/2021,04/2021,03/2026,,309.58,309.58,51.32,8.44,59,2026-03-31,https://ipm.mospi.gov.in/Content/PDF/FlashReport_March_2026.pdf,0,0.0000,,,59,59,0,16.5773,2026-03,2026-03-01,"Retrospective March 2026 snapshot; use revised cost/date only as outcome labels, not predictive features."
93,KOLGAON EXPANSION DEEP OC MINE,Western Coalfields Limited [WCL],615199,N06000267,Maharashtra,01/2023,09/2023,03/2027,,198.71,198.71,22.77,2.82,59,2026-03-31,https://ipm.mospi.gov.in/Content/PDF/FlashReport_March_2026.pdf,0,0.0000,,,38,50,12,11.4589,2026-03,2026-03-01,"Retrospective March 2026 snapshot; use revised cost/date only as outcome labels, not predictive features."
94,BALLARPUR NORTH WEST OC MINE,Western Coalfields Limited [WCL],615330,N06000282,Maharashtra,12/2022,12/2022,03/2029,,360.81,360.81,0.02,5.17,59,2026-03-31,https://ipm.mospi.gov.in/Content/PDF/FlashReport_March_2026.pdf,0,0.0000,,,39,75,36,0.0055,2026-03,2026-03-01,"Retrospective March 2026 snapshot; use revised cost/date only as outcome labels, not predictive features."
95,GADEGAON OC 3 MTY,Western Coalfields Limited [WCL],615331,-,Maharashtra,10/2023,10/2023,03/2030,,497.41,497.41,17.06,2.19,59,2026-03-31,https://ipm.mospi.gov.in/Content/PDF/FlashReport_March_2026.pdf,0,0.0000,,,29,77,48,3.4298,2026-03,2026-03-01,"Retrospective March 2026 snapshot; use revised cost/date only as outcome labels, not predictive features."
96,GHONSA EXPANSION DEEP OC MINE,Western Coalfields Limited [WCL],615914,N06000205,Maharashtra,03/2021,03/2021,03/2029,,184.71,184.71,15.35,12.62,59,2026-03-31,https://ipm.mospi.gov.in/Content/PDF/FlashReport_March_2026.pdf,0,0.0000,,,60,96,36,8.3103,2026-03,2026-03-01,"Retrospective March 2026 snapshot; use revised cost/date only as outcome labels, not predictive features."
97,AMLG GAURI PAUNI EXPANSION OC,Western Coalfields Limited [WCL],615916,N06000271,Maharashtra,04/2024,04/2024,03/2030,,1225.21,1225.21,85.32,3.0,59,2026-03-31,https://ipm.mospi.gov.in/Content/PDF/FlashReport_March_2026.pdf,0,0.0000,,,23,71,48,6.9637,2026-03,2026-03-01,"Retrospective March 2026 snapshot; use revised cost/date only as outcome labels, not predictive features."
98,GAURIDEEP/GAURI CENTRAL OCP 7.,Western Coalfields Limited [WCL],615917,N06000278,Maharashtra,08/2023,06/2024,03/2030,,973.07,973.07,1.37,2.31,59,2026-03-31,https://ipm.mospi.gov.in/Content/PDF/FlashReport_March_2026.pdf,0,0.0000,,,31,79,48,0.1408,2026-03,2026-03-01,"Retrospective March 2026 snapshot; use revised cost/date only as outcome labels, not predictive features."
99,RPR OF BHANEGAON OC,Western Coalfields Limited [WCL],615918,N06000256,Maharashtra,02/2017,09/2022,03/2028,,405.2,405.2,32.82,15.46,59,2026-03-31,https://ipm.mospi.gov.in/Content/PDF/FlashReport_March_2026.pdf,0,0.0000,,,109,133,24,8.0997,2026-03,2026-03-01,"Retrospective March 2026 snapshot; use revised cost/date only as outcome labels, not predictive features."
100,N. EXTN. MUNGOLI NIRGUDA D OCP,Western Coalfields Limited [WCL],615919,N06000283,Maharashtra,06/2024,06/2024,03/2029,,1024.91,1024.91,211.13,27.92,59,2026-03-31,https://ipm.mospi.gov.in/Content/PDF/FlashReport_March_2026.pdf,0,0.0000,,,21,57,36,20.5999,2026-03,2026-03-01,"Retrospective March 2026 snapshot; use revised cost/date only as outcome labels, not predictive features."
101,NILJAI EXPANSION DEEP OCP,Western Coalfields Limited [WCL],615982,N06000154,Maharashtra,08/2016,08/2016,03/2022,03/2026,319.75,319.75,194.87,79.83,59,2026-03-31,https://ipm.mospi.gov.in/Content/PDF/FlashReport_March_2026.pdf,0,0.0000,1,48,115,67,-48,60.9445,2026-03,2026-03-01,"Retrospective March 2026 snapshot; use revised cost/date only as outcome labels, not predictive features."
102,UKNI DEEP OC MINE -COST PLUS,Western Coalfields Limited [WCL],616044,N06000179,Maharashtra,11/2018,01/2019,03/2021,03/2026,237.06,237.06,166.09,93.25,59,2026-03-31,https://ipm.mospi.gov.in/Content/PDF/FlashReport_March_2026.pdf,0,0.0000,1,60,88,28,-60,70.0624,2026-03,2026-03-01,"Retrospective March 2026 snapshot; use revised cost/date only as outcome labels, not predictive features."
103,AMALGAMATED INDER-KAMPTEE DEEP,Western Coalfields Limited [WCL],616050,N06000226,Maharashtra,09/2018,09/2018,03/2024,03/2026,235.9,235.9,127.21,98.91,59,2026-03-31,https://ipm.mospi.gov.in/Content/PDF/FlashReport_March_2026.pdf,0,0.0000,1,24,90,66,-24,53.9254,2026-03,2026-03-01,"Retrospective March 2026 snapshot; use revised cost/date only as outcome labels, not predictive features."
104,ADASA UG TO OC MINE,Western Coalfields Limited [WCL],616223,N06000219,Maharashtra,11/2018,11/2018,03/2024,03/2026,316.0,316.0,209.24,86.49,59,2026-03-31,https://ipm.mospi.gov.in/Content/PDF/FlashReport_March_2026.pdf,0,0.0000,1,24,88,64,-24,66.2152,2026-03,2026-03-01,"Retrospective March 2026 snapshot; use revised cost/date only as outcome labels, not predictive features."
105,AMAL GONDEGAON GHATROHANA EXPN,Western Coalfields Limited [WCL],616229,N06000284,Maharashtra,09/2024,09/2024,03/2029,,668.54,668.54,2.94,2.52,59,2026-03-31,https://ipm.mospi.gov.in/Content/PDF/FlashReport_March_2026.pdf,0,0.0000,,,18,54,36,0.4398,2026-03,2026-03-01,"Retrospective March 2026 snapshot; use revised cost/date only as outcome labels, not predictive features."
106,WAGHODA UG MINE [1.02 MTY],Western Coalfields Limited [WCL],617233,N06000293,Maharashtra,01/2024,01/2025,03/2030,,379.3,379.3,0.0,0.01,59,2026-03-31,https://ipm.mospi.gov.in/Content/PDF/FlashReport_March_2026.pdf,0,0.0000,,,26,74,48,0.0000,2026-03,2026-03-01,"Retrospective March 2026 snapshot; use revised cost/date only as outcome labels, not predictive features."
107,KOLARPIMPRI EXPANSION OC [2.5,Western Coalfields Limited [WCL],617278,N06000294,Maharashtra,06/2024,02/2025,03/2030,,630.37,630.37,0.24,0.26,59,2026-03-31,https://ipm.mospi.gov.in/Content/PDF/FlashReport_March_2026.pdf,0,0.0000,,,21,69,48,0.0381,2026-03,2026-03-01,"Retrospective March 2026 snapshot; use revised cost/date only as outcome labels, not predictive features."
108,SAONER-III EXPN UG MINE 1.54,Western Coalfields Limited [WCL],619055,-,Maharashtra,08/2025,08/2025,03/2032,,444.42,444.42,0.0,0.0,59,2026-03-31,https://ipm.mospi.gov.in/Content/PDF/FlashReport_March_2026.pdf,0,0.0000,,,7,79,72,0.0000,2026-03,2026-03-01,"Retrospective March 2026 snapshot; use revised cost/date only as outcome labels, not predictive features."
109,Master Plan for Jharia and Raniganj Coalfields,Bharat Coking Coal Limited [BCCL],400313,N06000163,Multi-States West Bengal),08/2009,08/2009,08/2019,12/2028,2661.73,2661.73,799.12,43.6,59,2026-03-31,https://ipm.mospi.gov.in/Content/PDF/FlashReport_March_2026.pdf,0,0.0000,1,112,199,120,-79,30.0226,2026-03,2026-03-01,"Retrospective March 2026 snapshot; use revised cost/date only as outcome labels, not predictive features."
110,BINA KAKRI AMALGAMATION EXPANS,Northern Coalfields Limited [NCL],400369,N06000192,"Multi-States Pradesh, Uttar Pradesh)",08/2020,08/2020,03/2024,03/2027,836.42,836.42,835.34,89.9,59,2026-03-31,https://ipm.mospi.gov.in/Content/PDF/FlashReport_March_2026.pdf,0,0.0000,1,36,67,43,-24,99.8709,2026-03,2026-03-01,"Retrospective March 2026 snapshot; use revised cost/date only as outcome labels, not predictive features."
111,KHADIA EXPANSION [10 TO 16 MTP,Northern Coalfields Limited [NCL],615183,N06000208,"Multi-States Pradesh, Uttar Pradesh)",06/2021,06/2021,03/2025,03/2027,491.67,491.67,276.75,55.57,59,2026-03-31,https://ipm.mospi.gov.in/Content/PDF/FlashReport_March_2026.pdf,0,0.0000,1,24,57,45,-12,56.2878,2026-03,2026-03-01,"Retrospective March 2026 snapshot; use revised cost/date only as outcome labels, not predictive features."
113,SIARMAL OCP,Mahanadi Coalfields Limited [MCL],400166,N06000113,Odisha,02/2021,02/2021,03/2029,,5194.95,5194.95,3489.68,58.78,60,2026-03-31,https://ipm.mospi.gov.in/Content/PDF/FlashReport_March_2026.pdf,0,0.0000,,,61,97,36,67.1745,2026-03,2026-03-01,"Retrospective March 2026 snapshot; use revised cost/date only as outcome labels, not predictive features."
114,BALARAM EXPANSION OCP,Mahanadi Coalfields Limited [MCL],400183,N06000230,Odisha,08/2020,08/2020,03/2029,,3504.21,3504.21,955.87,55.65,60,2026-03-31,https://ipm.mospi.gov.in/Content/PDF/FlashReport_March_2026.pdf,0,0.0000,,,67,103,36,27.2778,2026-03,2026-03-01,"Retrospective March 2026 snapshot; use revised cost/date only as outcome labels, not predictive features."
115,GOPALJI KANIHA OCP [10 TO 30 M,MCL - CIL,400185,N06000229,Odisha,04/2022,04/2022,03/2030,,8416.19,6107.87,1769.22,55.98,60,2026-03-31,https://ipm.mospi.gov.in/Content/PDF/FlashReport_March_2026.pdf,0,-27.4271,,,47,95,48,21.0216,2026-03,2026-03-01,"Retrospective March 2026 snapshot; use revised cost/date only as outcome labels, not predictive features."
116,INTEGRATED LAKHANPUR-BELPAHAR-,Mahanadi Coalfields Limited [MCL],400187,N06000167,Odisha,05/2018,05/2018,03/2027,,2434.75,2434.75,1995.95,76.34,60,2026-03-31,https://ipm.mospi.gov.in/Content/PDF/FlashReport_March_2026.pdf,0,0.0000,,,94,106,12,81.9776,2026-03,2026-03-01,"Retrospective March 2026 snapshot; use revised cost/date only as outcome labels, not predictive features."
117,BHARATPUR RE-ORGANIZATION OCP,Mahanadi Coalfields Limited [MCL],400392,N06000171,Odisha,11/2018,11/2018,03/2029,,2838.86,2838.86,1711.62,51.58,60,2026-03-31,https://ipm.mospi.gov.in/Content/PDF/FlashReport_March_2026.pdf,0,0.0000,,,88,124,36,60.2925,2026-03,2026-03-01,"Retrospective March 2026 snapshot; use revised cost/date only as outcome labels, not predictive features."
118,BASUNDHARA WEST EXTENSION OPEN,MCL - CIL,615193,N06000112,Odisha,05/2014,05/2014,03/2019,03/2029,479.15,479.15,281.62,67.35,60,2026-03-31,https://ipm.mospi.gov.in/Content/PDF/FlashReport_March_2026.pdf,0,0.0000,1,120,142,58,-84,58.7749,2026-03,2026-03-01,"Retrospective March 2026 snapshot; use revised cost/date only as outcome labels, not predictive features."
119,Naini Coal Mine,Singareni Collieries Company Limited [SCCL],615857,N06000203,Odisha,03/2020,03/2020,03/2026,,494.3,494.3,491.33,80.0,60,2026-03-31,https://ipm.mospi.gov.in/Content/PDF/FlashReport_March_2026.pdf,0,0.0000,,,72,72,0,99.3992,2026-03,2026-03-01,"Retrospective March 2026 snapshot; use revised cost/date only as outcome labels, not predictive features."
120,INTEGRATED KULDA GARJANBAHAL O,Mahanadi Coalfields Limited [MCL],616226,N06000289,Odisha,04/2023,04/2023,03/2033,,3563.5,3563.5,660.13,4.99,60,2026-03-31,https://ipm.mospi.gov.in/Content/PDF/FlashReport_March_2026.pdf,0,0.0000,,,35,119,84,18.5248,2026-03,2026-03-01,"Retrospective March 2026 snapshot; use revised cost/date only as outcome labels, not predictive features."
121,BHUBANESWARI EXPN OCP 50 MTY,MCL - CIL,616231,N06000286,Odisha,03/2024,03/2024,03/2033,,5366.27,5366.27,473.42,31.61,60,2026-03-31,https://ipm.mospi.gov.in/Content/PDF/FlashReport_March_2026.pdf,0,0.0000,,,24,108,84,8.8221,2026-03,2026-03-01,"Retrospective March 2026 snapshot; use revised cost/date only as outcome labels, not predictive features."
122,HINGULA II OC EXPN PH III 15 M,MCL - CIL,616232,N06000285,Odisha,11/2022,11/2022,03/2029,,1561.85,1561.85,278.91,28.9,60,2026-03-31,https://ipm.mospi.gov.in/Content/PDF/FlashReport_March_2026.pdf,0,0.0000,,,40,76,36,17.8577,2026-03,2026-03-01,"Retrospective March 2026 snapshot; use revised cost/date only as outcome labels, not predictive features."
123,BALABHADRA OCP,MCL - CIL,616233,N06000288,Odisha,04/2023,04/2023,03/2030,,978.44,978.44,249.93,14.49,60,2026-03-31,https://ipm.mospi.gov.in/Content/PDF/FlashReport_March_2026.pdf,0,0.0000,,,35,83,48,25.5437,2026-03,2026-03-01,"Retrospective March 2026 snapshot; use revised cost/date only as outcome labels, not predictive features."
124,Talabira II & III OCP - FMC,NLC India Limited [NLCIL],618982,-,Odisha,10/2022,05/2023,06/2026,,522.45,522.45,324.74,72.15,60,2026-03-31,https://ipm.mospi.gov.in/Content/PDF/FlashReport_March_2026.pdf,0,0.0000,,,41,44,3,62.1571,2026-03,2026-03-01,"Retrospective March 2026 snapshot; use revised cost/date only as outcome labels, not predictive features."
125,Jawahar Khani Open Cast Mine,Singareni Collieries Company Limited [SCCL],615818,N06000259,Telangana,12/2021,12/2021,03/2025,03/2027,297.88,297.88,47.48,20.0,60,2026-03-31,https://ipm.mospi.gov.in/Content/PDF/FlashReport_March_2026.pdf,0,0.0000,1,24,51,39,-12,15.9393,2026-03,2026-03-01,"Retrospective March 2026 snapshot; use revised cost/date only as outcome labels, not predictive features."
126,Kalyanikhani Opencast Project,Singareni Collieries Company Limited [SCCL],615858,N06000213,Telangana,03/2016,05/2017,03/2026,,384.32,384.32,286.03,75.0,60,2026-03-31,https://ipm.mospi.gov.in/Content/PDF/FlashReport_March_2026.pdf,0,0.0000,,,120,120,0,74.4250,2026-03,2026-03-01,"Retrospective March 2026 snapshot; use revised cost/date only as outcome labels, not predictive features."
127,Godavarikhani Coal Mine - 5,Singareni Collieries Company Limited [SCCL],615860,N06000202,Telangana,07/2019,05/2019,03/2025,03/2026,607.04,607.04,197.43,71.0,60,2026-03-31,https://ipm.mospi.gov.in/Content/PDF/FlashReport_March_2026.pdf,0,0.0000,1,12,80,68,-12,32.5234,2026-03,2026-03-01,"Retrospective March 2026 snapshot; use revised cost/date only as outcome labels, not predictive features."
128,Indaram Opencast Project,Singareni Collieries Company Limited [SCCL],615861,N06000211,Telangana,08/2017,12/2022,03/2025,03/2026,424.81,424.81,405.76,81.0,60,2026-03-31,https://ipm.mospi.gov.in/Content/PDF/FlashReport_March_2026.pdf,0,0.0000,1,12,103,91,-12,95.5156,2026-03,2026-03-01,"Retrospective March 2026 snapshot; use revised cost/date only as outcome labels, not predictive features."
129,Goleti Opencast Mine,Singareni Collieries Company Limited [SCCL],615862,N06000258,Telangana,07/2021,08/2021,03/2026,,345.6,345.6,100.62,29.0,60,2026-03-31,https://ipm.mospi.gov.in/Content/PDF/FlashReport_March_2026.pdf,0,0.0000,,,56,56,0,29.1146,2026-03,2026-03-01,"Retrospective March 2026 snapshot; use revised cost/date only as outcome labels, not predictive features."
130,Venkatesh Khani Coal Mine,Singareni Collieries Company Limited [SCCL],615863,N06000204,Telangana,10/2020,06/2020,03/2026,,484.5,484.5,477.14,97.0,60,2026-03-31,https://ipm.mospi.gov.in/Content/PDF/FlashReport_March_2026.pdf,0,0.0000,,,65,65,0,98.4809,2026-03,2026-03-01,"Retrospective March 2026 snapshot; use revised cost/date only as outcome labels, not predictive features."
131,Kakatiyakhani OC - 2 Project,Singareni Collieries Company Limited [SCCL],615865,N06000214,Telangana,08/2017,09/2017,03/2025,03/2026,442.42,442.42,234.21,63.0,60,2026-03-31,https://ipm.mospi.gov.in/Content/PDF/FlashReport_March_2026.pdf,0,0.0000,1,12,103,91,-12,52.9384,2026-03,2026-03-01,"Retrospective March 2026 snapshot; use revised cost/date only as outcome labels, not predictive features."
132,MOHANPUR EXPANSION OC -PHASE I,Eastern Coal Fields Limited [ECL],400173,N06000236,West Bengal,11/2020,11/2020,03/2026,03/2030,888.99,888.99,139.57,31.52,60,2026-03-31,https://ipm.mospi.gov.in/Content/PDF/FlashReport_March_2026.pdf,0,0.0000,1,48,64,64,0,15.6998,2026-03,2026-03-01,"Retrospective March 2026 snapshot; use revised cost/date only as outcome labels, not predictive features."
133,BONJEMEHARI EXPANSION OCP,Eastern Coal Fields Limited [ECL],400180,N06000244,West Bengal,08/2021,08/2021,03/2026,03/2030,570.11,570.11,88.17,17.09,60,2026-03-31,https://ipm.mospi.gov.in/Content/PDF/FlashReport_March_2026.pdf,0,0.0000,1,48,55,55,0,15.4654,2026-03,2026-03-01,"Retrospective March 2026 snapshot; use revised cost/date only as outcome labels, not predictive features."
134,NAKRAKONDA KUMARDIH- B OCP,Eastern Coal Fields Limited [ECL],400181,N06000170,West Bengal,08/2018,08/2018,03/2029,,502.68,502.67,83.16,27.52,60,2026-03-31,https://ipm.mospi.gov.in/Content/PDF/FlashReport_March_2026.pdf,0,-0.0020,,,91,127,36,16.5433,2026-03,2026-03-01,"Retrospective March 2026 snapshot; use revised cost/date only as outcome labels, not predictive features."
135,SIDULI [OC & UG],ECL - CIL,400182,N06000165,West Bengal,05/2018,05/2018,03/2027,03/2030,535.18,535.17,5.71,14.61,60,2026-03-31,https://ipm.mospi.gov.in/Content/PDF/FlashReport_March_2026.pdf,0,-0.0019,1,36,94,106,12,1.0669,2026-03,2026-03-01,"Retrospective March 2026 snapshot; use revised cost/date only as outcome labels, not predictive features."
137,JHANJRA EXPANSION UG,Eastern Coal Fields Limited [ECL],400312,N06000223,West Bengal,04/2020,04/2020,03/2029,,1210.12,1210.12,615.85,45.43,61,2026-03-31,https://ipm.mospi.gov.in/Content/PDF/FlashReport_March_2026.pdf,0,0.0000,,,71,107,36,50.8916,2026-03,2026-03-01,"Retrospective March 2026 snapshot; use revised cost/date only as outcome labels, not predictive features."
138,SONEPUR BAZARI EXPANSION OCP [,Eastern Coal Fields Limited [ECL],400315,N06000220,West Bengal,07/2021,07/2021,03/2029,,5365.88,5365.88,622.69,18.47,61,2026-03-31,https://ipm.mospi.gov.in/Content/PDF/FlashReport_March_2026.pdf,0,0.0000,,,56,92,36,11.6046,2026-03,2026-03-01,"Retrospective March 2026 snapshot; use revised cost/date only as outcome labels, not predictive features."
139,2.0 MTPA BHOJUDIH NLW WASHERY,Ministry of Coal,611016,N06000195,West Bengal,12/2015,03/2019,09/2020,04/2026,384.57,384.57,360.66,97.55,61,2026-03-31,https://ipm.mospi.gov.in/Content/PDF/FlashReport_March_2026.pdf,0,0.0000,1,67,123,57,-66,93.7827,2026-03,2026-03-01,"Retrospective March 2026 snapshot; use revised cost/date only as outcome labels, not predictive features."
140,ITAPARA OCP,Eastern Coal Fields Limited [ECL],612816,N06000272,West Bengal,12/2023,12/2023,03/2030,,929.1,929.1,71.23,8.34,61,2026-03-31,https://ipm.mospi.gov.in/Content/PDF/FlashReport_March_2026.pdf,0,0.0000,,,27,75,48,7.6666,2026-03,2026-03-01,"Retrospective March 2026 snapshot; use revised cost/date only as outcome labels, not predictive features."
141,SHYAMSUNDARPUR UG INCLUDING SA,Eastern Coal Fields Limited [ECL],613793,N06000191,West Bengal,04/2020,04/2020,03/2026,03/2028,483.65,483.65,69.92,16.79,61,2026-03-31,https://ipm.mospi.gov.in/Content/PDF/FlashReport_March_2026.pdf,0,0.0000,1,24,71,71,0,14.4567,2026-03,2026-03-01,"Retrospective March 2026 snapshot; use revised cost/date only as outcome labels, not predictive features."
142,PARASEA-BELBAID UG PROJECT,Eastern Coal Fields Limited [ECL],613794,N06000277,West Bengal,01/2023,01/2023,03/2028,,389.1,389.1,132.48,22.13,61,2026-03-31,https://ipm.mospi.gov.in/Content/PDF/FlashReport_March_2026.pdf,0,0.0000,,,38,62,24,34.0478,2026-03,2026-03-01,"Retrospective March 2026 snapshot; use revised cost/date only as outcome labels, not predictive features."
143,PARASCOLE JAMBAD OCP,Eastern Coal Fields Limited [ECL],616230,N06000281,West Bengal,11/2024,11/2024,03/2037,,1193.55,1193.55,11.35,0.22,61,2026-03-31,https://ipm.mospi.gov.in/Content/PDF/FlashReport_March_2026.pdf,0,0.0000,,,16,148,132,0.9509,2026-03,2026-03-01,"Retrospective March 2026 snapshot; use revised cost/date only as outcome labels, not predictive features."
144,Electricity Generation 50 MW Wind Power Project,NLC India Limited [NLCIL],617299,N06000292,Gujarat,07/2022,01/2024,06/2025,01/2026,383.84,383.84,328.56,51.0,61,2026-03-31,https://ipm.mospi.gov.in/Content/PDF/FlashReport_March_2026.pdf,0,0.0000,1,7,44,35,-9,85.5982,2026-03,2026-03-01,"Retrospective March 2026 snapshot; use revised cost/date only as outcome labels, not predictive features."
145,600 MW Khavda Solar Power Project,NLC India Limited [NLCIL],617730,-,Gujarat,08/2023,06/2024,06/2026,,3335.85,3335.85,2095.54,31.0,61,2026-03-31,https://ipm.mospi.gov.in/Content/PDF/FlashReport_March_2026.pdf,0,0.0000,,,31,34,3,62.8188,2026-03,2026-03-01,"Retrospective March 2026 snapshot; use revised cost/date only as outcome labels, not predictive features."
146,200 MW SPP part of 510 MW CPSU scheme,NLC India Limited [NLCIL],618991,-,Gujarat,07/2022,03/2024,12/2026,,1221.41,1221.41,64.03,0.0,61,2026-03-31,https://ipm.mospi.gov.in/Content/PDF/FlashReport_March_2026.pdf,0,0.0000,,,44,53,9,5.2423,2026-03,2026-03-01,"Retrospective March 2026 snapshot; use revised cost/date only as outcome labels, not predictive features."
147,100 MW SPP part of SECI 150 MW Hybrid,NLC India Limited [NLCIL],618992,-,Gujarat,07/2022,04/2024,12/2026,,480.68,480.68,2.62,1.2,61,2026-03-31,https://ipm.mospi.gov.in/Content/PDF/FlashReport_March_2026.pdf,0,0.0000,,,44,53,9,0.5451,2026-03,2026-03-01,"Retrospective March 2026 snapshot; use revised cost/date only as outcome labels, not predictive features."
148,NLC Talabira Thermal Power Project,NLC India Limited [NLCIL],400231,N06000270,Odisha,01/2017,01/2024,03/2030,,27212.96,27213.0,3450.52,2.1,61,2026-03-31,https://ipm.mospi.gov.in/Content/PDF/FlashReport_March_2026.pdf,1,0.0001,,,110,158,48,12.6797,2026-03,2026-03-01,"Retrospective March 2026 snapshot; use revised cost/date only as outcome labels, not predictive features."
149,300 MW SPP part of 510 MW CPSU scheme,NLC India Limited [NLCIL],612819,N06000269,Rajasthan,07/2022,03/2023,09/2024,12/2025,1813.0,1813.0,1753.07,100.0,61,2026-03-31,https://ipm.mospi.gov.in/Content/PDF/FlashReport_March_2026.pdf,0,0.0000,1,15,44,26,-18,96.6944,2026-03,2026-03-01,"Retrospective March 2026 snapshot; use revised cost/date only as outcome labels, not predictive features."
150,50 MW Solar PP Minedout Area,NLC India Limited [NLCIL],615327,N06000279,Tamil Nadu,08/2023,02/2024,03/2025,12/2025,218.03,218.03,169.95,100.0,61,2026-03-31,https://ipm.mospi.gov.in/Content/PDF/FlashReport_March_2026.pdf,0,0.0000,1,9,31,19,-12,77.9480,2026-03,2026-03-01,"Retrospective March 2026 snapshot; use revised cost/date only as outcome labels, not predictive features."
151,Ghatampur Thermal Power Plant 3 X 660 MW,NLC India Limited [NLCIL],400259,N06000152,Uttar Pradesh,07/2016,08/2016,11/2020,03/2026,17237.8,21129.14,,95.01,61,2026-03-31,https://ipm.mospi.gov.in/Content/PDF/FlashReport_March_2026.pdf,1,22.5745,1,64,116,52,-64,,2026-03,2026-03-01,"Retrospective March 2026 snapshot; use revised cost/date only as outcome labels, not predictive features."
152,Railways Dharamjaigarh-Korba,Railway,400203,-,Chhattisgarh,05/2018,03/2017,12/2026,08/2026,1686.22,2438.53,618.64,43.2,61,2026-03-31,https://ipm.mospi.gov.in/Content/PDF/FlashReport_March_2026.pdf,1,44.6152,0,-4,94,103,9,36.6880,2026-03,2026-03-01,"Retrospective March 2026 snapshot; use revised cost/date only as outcome labels, not predictive features."
153,Shivpur-Kathautia New Rail [BG] Line [49 km] [Package II of Tori-Shivpur-Kathautia line],Ministry of Coal,400416,-,Jharkhand,02/2018,05/2022,06/2025,06/2026,1799.64,2564.34,1663.13,66.0,61,2026-03-31,https://ipm.mospi.gov.in/Content/PDF/FlashReport_March_2026.pdf,1,42.4918,1,12,97,88,-9,92.4146,2026-03,2026-03-01,"Retrospective March 2026 snapshot; use revised cost/date only as outcome labels, not predictive features."
154,Coal Tubed Coal Mine,Damodar Valley Corporation,400192,-,Jharkhand,07/2016,10/2016,05/2026,05/2026,1581.0,1581.0,600.47,36.0,61,2026-03-31,https://ipm.mospi.gov.in/Content/PDF/FlashReport_March_2026.pdf,0,0.0000,0,0,116,118,2,37.9804,2026-03,2026-03-01,"Retrospective March 2026 snapshot; use revised cost/date only as outcome labels, not predictive features."
155,Badam Coal Mining project of NTPC,National Thermal Power Corporation [NTPC],603293,N18000367,Jharkhand,02/2019,09/2019,12/2056,04/2027,502.0,784.0,406.86,59.54,61,2026-03-31,https://ipm.mospi.gov.in/Content/PDF/FlashReport_March_2026.pdf,1,56.1753,0,-356,85,454,369,81.0478,2026-03,2026-03-01,"Retrospective March 2026 snapshot; use revised cost/date only as outcome labels, not predictive features."
156,Electricity Generation Dibang Multipurpose Project,National Hydroelectric Power Corporation Limited [NHPC],,,Pradesh,02/2023,,02/2032,,31876.39,,4540.83,17.25,61,2026-03-31,https://ipm.mospi.gov.in/Content/PDF/FlashReport_March_2026.pdf,,,,,37,108,71,14.2451,2026-03,2026-03-01,"Retrospective March 2026 snapshot; use revised cost/date only as outcome labels, not predictive features."
157,240MW Heo HE Project,North Eastern Electric Power Corporation Limited,611698,-,Pradesh,12/2024,05/2025,07/2029,,1938.85,1938.85,96.6,3.47,62,2026-03-31,https://ipm.mospi.gov.in/Content/PDF/FlashReport_March_2026.pdf,0,0.0000,,,15,55,40,4.9823,2026-03,2026-03-01,"Retrospective March 2026 snapshot; use revised cost/date only as outcome labels, not predictive features."
158,186 MW Tato-I H E Project,North Eastern Electric Power Corporation Limited,611699,-,Pradesh,12/2024,05/2025,07/2029,,1750.07,1750.07,73.67,2.21,62,2026-03-31,https://ipm.mospi.gov.in/Content/PDF/FlashReport_March_2026.pdf,0,0.0000,,,15,55,40,4.2095,2026-03,2026-03-01,"Retrospective March 2026 snapshot; use revised cost/date only as outcome labels, not predictive features."
159,Buxar Thermal Power Project [1320 MW],Satluj Jal Vidyut Nigam [SJVN] Thermal Limited,602579,N18000194,Bihar,03/2019,06/2019,01/2024,05/2026,10439.09,13252.96,,94.1,62,2026-03-31,https://ipm.mospi.gov.in/Content/PDF/FlashReport_March_2026.pdf,1,26.9551,1,28,84,58,-26,,2026-03,2026-03-01,"Retrospective March 2026 snapshot; use revised cost/date only as outcome labels, not predictive features."
160,"Nabinagar Super Thermal Power Project, Stage-II [3x800 MW]",National Thermal Power Corporation [NTPC],619051,-,Bihar,11/2024,03/2025,07/2030,,29948.0,29948.0,2547.19,9.15,62,2026-03-31,https://ipm.mospi.gov.in/Content/PDF/FlashReport_March_2026.pdf,0,0.0000,,,16,68,52,8.5054,2026-03,2026-03-01,"Retrospective March 2026 snapshot; use revised cost/date only as outcome labels, not predictive features."
161,Lara Super Thermal Power Project Stage-II [2 x 800 MW],National Thermal Power Corporation [NTPC],611930,N18000381,Chhattisgarh,08/2023,08/2023,06/2028,09/2028,15530.0,16106.0,4606.12,27.0,62,2026-03-31,https://ipm.mospi.gov.in/Content/PDF/FlashReport_March_2026.pdf,1,3.7090,1,3,31,58,27,29.6595,2026-03,2026-03-01,"Retrospective March 2026 snapshot; use revised cost/date only as outcome labels, not predictive features."
162,"Sipat Super Thermal Power Project, Stage-III [1x800 MW]",National Thermal Power Corporation [NTPC],617188,-,Chhattisgarh,09/2024,09/2024,09/2029,,9791.0,9791.0,1556.39,18.7,62,2026-03-31,https://ipm.mospi.gov.in/Content/PDF/FlashReport_March_2026.pdf,0,0.0000,,,18,60,42,15.8961,2026-03,2026-03-01,"Retrospective March 2026 snapshot; use revised cost/date only as outcome labels, not predictive features."
163,Bagodara Solar Power Project,Satluj Jal Vidyut Nigam [SJVN] Thermal Limited,709747,N18000297,Gujarat,03/2021,05/2021,12/2025,12/2025,339.35,339.35,370.0,51.86,62,2026-03-31,https://ipm.mospi.gov.in/Content/PDF/FlashReport_March_2026.pdf,0,0.0000,0,0,60,57,-3,109.0320,2026-03,2026-03-01,"Retrospective March 2026 snapshot; use revised cost/date only as outcome labels, not predictive features."
164,Dhaulasidh Hydro Electric Project [66 MW],Satluj Jal Vidyut Nigam [SJVN] Thermal Limited,602582,N18000291,Pradesh,10/2020,05/2021,11/2025,03/2027,687.97,1561.21,1091.0,76.18,62,2026-03-31,https://ipm.mospi.gov.in/Content/PDF/FlashReport_March_2026.pdf,1,126.9300,1,16,65,61,-4,158.5825,2026-03,2026-03-01,"Retrospective March 2026 snapshot; use revised cost/date only as outcome labels, not predictive features."
165,Luhri Stage-I Hydro Electric Project [210 MW],Satluj Jal Vidyut Nigam [SJVN] Thermal Limited,602593,N18000279,Pradesh,11/2020,11/2020,01/2026,02/2030,1810.56,4681.64,1916.37,51.32,62,2026-03-31,https://ipm.mospi.gov.in/Content/PDF/FlashReport_March_2026.pdf,1,158.5741,1,49,64,62,-2,105.8440,2026-03,2026-03-01,"Retrospective March 2026 snapshot; use revised cost/date only as outcome labels, not predictive features."
166,Sunni Dam Hydro Electric Project [382 MW],Satluj Jal Vidyut Nigam [SJVN] Thermal Limited,611586,N18000344,Pradesh,01/2023,01/2023,04/2028,12/2029,2614.51,4925.87,1075.31,33.56,62,2026-03-31,https://ipm.mospi.gov.in/Content/PDF/FlashReport_March_2026.pdf,1,88.4051,1,20,38,63,25,41.1285,2026-03,2026-03-01,"Retrospective March 2026 snapshot; use revised cost/date only as outcome labels, not predictive features."
167,"Pakal Dul [Drangdhuran] Hydroelectric Project, 1000 MW",National Hydroelectric Power Corporation Limited [NHPC],602525,N18000172,Jammu and Kashmir,10/2014,02/2018,04/2020,12/2026,8112.12,12728.0,8871.22,80.0,62,2026-03-31,https://ipm.mospi.gov.in/Content/PDF/FlashReport_March_2026.pdf,1,56.9010,1,80,137,66,-71,109.3576,2026-03,2026-03-01,"Retrospective March 2026 snapshot; use revised cost/date only as outcome labels, not predictive features."
168,Kiru HE Project,National Hydroelectric Power Corporation Limited [NHPC],602532,N18000278,Jammu and Kashmir,03/2019,02/2020,09/2023,12/2026,4287.59,5409.0,3681.19,82.19,62,2026-03-31,https://ipm.mospi.gov.in/Content/PDF/FlashReport_March_2026.pdf,1,26.1548,1,39,84,54,-30,85.8569,2026-03,2026-03-01,"Retrospective March 2026 snapshot; use revised cost/date only as outcome labels, not predictive features."
169,"Ratle HE Project - 850 MW, Ratle Hydroelectric Power Corporation Limited.",National Hydroelectric Power Corporation Limited [NHPC],602535,N18000324,Jammu and Kashmir,02/2021,01/2022,02/2026,11/2028,5281.94,5281.94,1526.09,28.79,62,2026-03-31,https://ipm.mospi.gov.in/Content/PDF/FlashReport_March_2026.pdf,0,0.0000,1,33,61,60,-1,28.8926,2026-03,2026-03-01,"Retrospective March 2026 snapshot; use revised cost/date only as outcome labels, not predictive features."
170,Kwar HE Project,National Hydroelectric Power Corporation Limited [NHPC],605155,N18000363,Jammu and Kashmir,05/2022,11/2022,11/2026,03/2028,4526.12,4526.12,1516.68,32.82,62,2026-03-31,https://ipm.mospi.gov.in/Content/PDF/FlashReport_March_2026.pdf,0,0.0000,1,16,46,54,8,33.5095,2026-03,2026-03-01,"Retrospective March 2026 snapshot; use revised cost/date only as outcome labels, not predictive features."
171,Patratu Thermal Power Station Expansion Project Phase-I [3x800 MW],National Thermal Power Corporation [NTPC],400261,N18000275,Jharkhand,11/2017,11/2017,03/2023,02/2027,18668.0,20302.0,18630.0,88.7,62,2026-03-31,https://ipm.mospi.gov.in/Content/PDF/FlashReport_March_2026.pdf,1,8.7529,1,47,100,64,-36,99.7964,2026-03,2026-03-01,"Retrospective March 2026 snapshot; use revised cost/date only as outcome labels, not predictive features."
172,"Koderma Thermal Power Station Phase II [2X800 MW] At Koderma, Jharkhand",Damodar Valley Corporation,611509,-,Jharkhand,04/2023,11/2024,03/2029,,14358.0,14358.0,1777.92,10.88,62,2026-03-31,https://ipm.mospi.gov.in/Content/PDF/FlashReport_March_2026.pdf,0,0.0000,,,35,71,36,12.3828,2026-03,2026-03-01,"Retrospective March 2026 snapshot; use revised cost/date only as outcome labels, not predictive features."
173,"Gadarwara Super Thermal Power Project, Stage-II [2x800 MW]",National Thermal Power Corporation [NTPC],618976,-,Madhya Pradesh,11/2024,05/2025,03/2030,,20446.0,20446.0,1617.84,6.0,62,2026-03-31,https://ipm.mospi.gov.in/Content/PDF/FlashReport_March_2026.pdf,0,0.0000,,,16,64,48,7.9127,2026-03,2026-03-01,"Retrospective March 2026 snapshot; use revised cost/date only as outcome labels, not predictive features."
174,Subansiri Lower HE Project [2000 MW],National Hydroelectric Power Corporation Limited [NHPC],602096,180100221,"Multi-States (Arunachal Pradesh, Assam)",09/2003,01/2005,09/2010,05/2026,6285.33,26119.27,,97.57,62,2026-03-31,https://ipm.mospi.gov.in/Content/PDF/FlashReport_March_2026.pdf,1,315.5592,1,188,270,84,-186,,2026-03,2026-03-01,"Retrospective March 2026 snapshot; use revised cost/date only as outcome labels, not predictive features."
175,Talcher Thermal Power Station Stage III [2 x 660 MW] Expansion,National Thermal Power Corporation [NTPC],602961,N18000364,Odisha,08/2022,09/2022,05/2027,03/2028,11843.75,12543.0,6222.91,48.2,62,2026-03-31,https://ipm.mospi.gov.in/Content/PDF/FlashReport_March_2026.pdf,1,5.9040,1,10,43,57,14,52.5417,2026-03,2026-03-01,"Retrospective March 2026 snapshot; use revised cost/date only as outcome labels, not predictive features."
176,"TEESTA-VI HE PROJECT, SIKKIM [500 MW], executed by LANCO TEESTA HYDRO POWER LIMITED [A wholly owned Subsidiary of NHPC LTD. acquired through NCLT]",National Hydroelectric Power Corporation Limited [NHPC],602181,N18000325,Sikkim,03/2019,03/2020,03/2024,12/2027,5748.04,5748.04,4298.28,72.08,62,2026-03-31,https://ipm.mospi.gov.in/Content/PDF/FlashReport_March_2026.pdf,0,0.0000,1,45,84,60,-24,74.7782,2026-03,2026-03-01,"Retrospective March 2026 snapshot; use revised cost/date only as outcome labels, not predictive features."
177,Rangit-IV HE Project [120 MW] executed by Jal Power Corporation Ltd. [JPCL] - A wholly owned subsidiary of NHPC Ltd. acquired through NCLT,National Hydroelectric Power Corporation Limited [NHPC],605156,N18000326,Sikkim,03/2021,08/2021,05/2024,12/2025,938.29,1828.11,1620.15,96.32,62,2026-03-31,https://ipm.mospi.gov.in/Content/PDF/FlashReport_March_2026.pdf,1,94.8342,1,19,60,38,-22,172.6705,2026-03,2026-03-01,"Retrospective March 2026 snapshot; use revised cost/date only as outcome labels, not predictive features."
178,"Singrauli Super Thermal Power Project, Stage-III [2x800 MW]",National Thermal Power Corporation [NTPC],612142,N18000382,Uttar Pradesh,03/2024,03/2024,02/2030,,17195.0,17195.0,3131.62,18.4,62,2026-03-31,https://ipm.mospi.gov.in/Content/PDF/FlashReport_March_2026.pdf,0,0.0000,,,24,71,47,18.2124,2026-03,2026-03-01,"Retrospective March 2026 snapshot; use revised cost/date only as outcome labels, not predictive features."
179,Tapovan-Vishnugad HEP [4x130 MW],National Thermal Power Corporation [NTPC],602185,,Uttarakhand,11/2006,,03/2013,04/2029,2978.0,10907.3,7608.82,77.0,62,2026-03-31,https://ipm.mospi.gov.in/Content/PDF/FlashReport_March_2026.pdf,1,266.2626,1,193,232,76,-156,255.5010,2026-03,2026-03-01,"Retrospective March 2026 snapshot; use revised cost/date only as outcome labels, not predictive features."
180,Vishnugad Pipalkoti Hydro Electric Project [444 MW],THDC India Limited,602195,N18000042,Uttarakhand,08/2008,01/2014,12/2022,09/2027,3860.35,6405.08,5366.01,79.0,63,2026-03-31,https://ipm.mospi.gov.in/Content/PDF/FlashReport_March_2026.pdf,1,65.9197,1,57,211,172,-39,139.0032,2026-03,2026-03-01,"Retrospective March 2026 snapshot; use revised cost/date only as outcome labels, not predictive features."
181,"Raghunathpur Thermal Power Station Phase II [2X660 MW] at Raghunathpur, Purulia, West Bengal",Damodar Valley Corporation,400062,-,West Bengal,01/2023,02/2025,06/2029,,17673.0,17673.0,1791.7,8.7,63,2026-03-31,https://ipm.mospi.gov.in/Content/PDF/FlashReport_March_2026.pdf,0,0.0000,,,38,77,39,10.1381,2026-03,2026-03-01,"Retrospective March 2026 snapshot; use revised cost/date only as outcome labels, not predictive features."
182,Rammam-III HEPP [3x40 MW],National Thermal Power Corporation [NTPC],602184,N18000178,West Bengal,09/2014,09/2014,09/2019,03/2029,1381.84,2865.56,1550.11,54.71,63,2026-03-31,https://ipm.mospi.gov.in/Content/PDF/FlashReport_March_2026.pdf,1,107.3728,1,114,138,60,-78,112.1772,2026-03,2026-03-01,"Retrospective March 2026 snapshot; use revised cost/date only as outcome labels, not predictive features."
183,Installation of FGD for 4x210 & 2x250 MW MTPS U 1-6,Damodar Valley Corporation,602538,-,West Bengal,06/2019,02/2021,01/2024,05/2026,1037.0,1106.0,1129.14,96.0,63,2026-03-31,https://ipm.mospi.gov.in/Content/PDF/FlashReport_March_2026.pdf,1,6.6538,1,28,81,55,-26,108.8852,2026-03,2026-03-01,"Retrospective March 2026 snapshot; use revised cost/date only as outcome labels, not predictive features."
184,Transmission & Distribution Implementation of LILO of both circuits of 400KV vindhyachal PS-Sasan D/C Line at Hindalco Switchyard,Power Grid Corporation of India Limited [POWERGRID],617272,N18000420,,06/2024,06/2024,12/2026,,370.0,370.0,101.75,24.39,63,2026-03-31,https://ipm.mospi.gov.in/Content/PDF/FlashReport_March_2026.pdf,0,0.0000,,,21,30,9,27.5000,2026-03,2026-03-01,"Retrospective March 2026 snapshot; use revised cost/date only as outcome labels, not predictive features."
185,Transmission Scheme for Solar Energy Zone in Ananthpuram 2500MW and Kurnool 1000MW,Power Grid Corporation of India Limited [POWERGRID],611967,N18000380,Andhra Pradesh,09/2023,09/2023,09/2025,04/2026,1248.69,1248.69,1198.74,97.52,63,2026-03-31,https://ipm.mospi.gov.in/Content/PDF/FlashReport_March_2026.pdf,0,0.0000,1,7,30,24,-6,95.9998,2026-03,2026-03-01,"Retrospective March 2026 snapshot; use revised cost/date only as outcome labels, not predictive features."
186,Transmission system strengthening at Kurnool- III PS for integration of additional RE generation projects [POWERGRID Kurnool III PS RE Transmission Limited],Power Grid Corporation of India Limited [POWERGRID],617183,N18000416,Andhra Pradesh,03/2025,03/2025,12/2027,,2886.0,2886.0,519.48,20.2,63,2026-03-31,https://ipm.mospi.gov.in/Content/PDF/FlashReport_March_2026.pdf,0,0.0000,,,12,33,21,18.0000,2026-03,2026-03-01,"Retrospective March 2026 snapshot; use revised cost/date only as outcome labels, not predictive features."
187,North Eastern Region Expansion Scheme-XXIII [NERES-XXIII],Power Grid Corporation of India Limited [POWERGRID],617375,-,Pradesh,08/2025,08/2025,02/2028,,209.38,209.38,2.09,1.1,63,2026-03-31,https://ipm.mospi.gov.in/Content/PDF/FlashReport_March_2026.pdf,0,0.0000,,,7,30,23,0.9982,2026-03,2026-03-01,"Retrospective March 2026 snapshot; use revised cost/date only as outcome labels, not predictive features."
188,Transmission system for Evacuation of Additional 7 GW RE power from Khavda RE park under Phase-III Part B [Vataman Transmission Limited],Power Grid Corporation of India Limited [POWERGRID],612139,N18000384,Gujarat,12/2023,12/2023,12/2025,12/2026,3751.82,3751.82,2194.81,55.23,63,2026-03-31,https://ipm.mospi.gov.in/Content/PDF/FlashReport_March_2026.pdf,0,0.0000,1,12,27,24,-3,58.4999,2026-03,2026-03-01,"Retrospective March 2026 snapshot; use revised cost/date only as outcome labels, not predictive features."
189,Transmission System for Evacuation of Power from potential Renewable Energy zone in Khavda Area of Gujarat under Phase IV [7 GW] Part E3,Power Grid Corporation of India Limited [POWERGRID],612151,N18000383,Gujarat,07/2023,07/2023,07/2025,04/2026,334.0,334.0,327.32,99.6,63,2026-03-31,https://ipm.mospi.gov.in/Content/PDF/FlashReport_March_2026.pdf,0,0.0000,1,9,32,24,-8,98.0000,2026-03,2026-03-01,"Retrospective March 2026 snapshot; use revised cost/date only as outcome labels, not predictive features."
190,Transmission System for Evacuation of Power from Potential Energy Renewable Zone in Khavda Area of Gujarat under Ph-IV [7GW] Part E2,Power Grid Corporation of India Limited [POWERGRID],612855,N18000390,Gujarat,05/2024,05/2024,05/2026,06/2026,679.0,679.0,291.97,48.0,63,2026-03-31,https://ipm.mospi.gov.in/Content/PDF/FlashReport_March_2026.pdf,0,0.0000,1,1,22,24,2,43.0000,2026-03,2026-03-01,"Retrospective March 2026 snapshot; use revised cost/date only as outcome labels, not predictive features."
191,Augmentation of Transformation Capacity at jam Khambhaliya PS [GIS] [SPV Name POWERGRID Jam Khambhaliya Transmission Limited],Power Grid Corporation of India Limited [POWERGRID],615342,N18000398,Gujarat,10/2024,10/2024,07/2026,04/2027,329.0,329.0,23.03,8.1,63,2026-03-31,https://ipm.mospi.gov.in/Content/PDF/FlashReport_March_2026.pdf,0,0.0000,1,9,17,21,4,7.0000,2026-03,2026-03-01,"Retrospective March 2026 snapshot; use revised cost/date only as outcome labels, not predictive features."
192,Provision of Dynamic Reactive Compensation at Khavda pooling Station 1 [KPS1] and Khavda Pooling station 3 [KPS3],Power Grid Corporation of India Limited [POWERGRID],615343,N18000402,Gujarat,11/2024,11/2024,11/2026,,501.0,501.0,20.04,5.0,63,2026-03-31,https://ipm.mospi.gov.in/Content/PDF/FlashReport_March_2026.pdf,0,0.0000,,,16,24,8,4.0000,2026-03,2026-03-01,"Retrospective March 2026 snapshot; use revised cost/date only as outcome labels, not predictive features."
193,Transmission System for Evacuation of Power from Potential Renewable Energy Zone in Khavda area of Gujarat under Phase-IV [7GW] Part B [SPV Name POWERGRID South Olpad Transmission Limited],Power Grid Corporation of India Limited [POWERGRID],615345,N18000400,Gujarat,10/2024,10/2024,10/2026,10/2027,4766.0,4766.0,1167.67,22.08,63,2026-03-31,https://ipm.mospi.gov.in/Content/PDF/FlashReport_March_2026.pdf,0,0.0000,1,12,17,24,7,24.5000,2026-03,2026-03-01,"Retrospective March 2026 snapshot; use revised cost/date only as outcome labels, not predictive features."
194,Augmentation of Transformation Capacity at KPS1 [GIS] and KPS2 [GIS] [Phase-V Part B1 and Part B2 Scheme] [SPV Name- POWERGRID KPS1 and 2 Augmentation Transmission Limited],Power Grid Corporation of India Limited [POWERGRID],617069,N18000411,Gujarat,02/2025,02/2025,02/2027,,466.0,466.0,69.9,18.0,63,2026-03-31,https://ipm.mospi.gov.in/Content/PDF/FlashReport_March_2026.pdf,0,0.0000,,,13,24,11,15.0000,2026-03,2026-03-01,"Retrospective March 2026 snapshot; use revised cost/date only as outcome labels, not predictive features."
195,Augmentation of Banaskantha [Raghanesda] PS [GIS] [POWERGRID Banaskantha Transco Limited],Power Grid Corporation of India Limited [POWERGRID],617182,N18000412,Gujarat,03/2025,03/2025,03/2027,,172.0,172.0,48.16,30.0,63,2026-03-31,https://ipm.mospi.gov.in/Content/PDF/FlashReport_March_2026.pdf,0,0.0000,,,12,24,12,28.0000,2026-03,2026-03-01,"Retrospective March 2026 snapshot; use revised cost/date only as outcome labels, not predictive features."
196,Augmentation of Transformation Capacity at Bhuj-II PS [GIS],Power Grid Corporation of India Limited [POWERGRID],617391,-,Gujarat,02/2025,02/2025,11/2026,06/2027,488.29,488.29,4.88,1.0,63,2026-03-31,https://ipm.mospi.gov.in/Content/PDF/FlashReport_March_2026.pdf,0,0.0000,1,7,13,21,8,0.9994,2026-03,2026-03-01,"Retrospective March 2026 snapshot; use revised cost/date only as outcome labels, not predictive features."
197,Jamnagar Transmission Limited,Adani Transmission Limited,617405,-,Gujarat,NA,10/2024,10/2026,,4000.0,4000.0,540.0,17.0,63,2026-03-31,https://ipm.mospi.gov.in/Content/PDF/FlashReport_March_2026.pdf,0,0.0000,,,,,7,13.5000,2026-03,2026-03-01,"Retrospective March 2026 snapshot; use revised cost/date only as outcome labels, not predictive features."
198,Provision of ICT Augmentation & Bus Reactor at Bhuj-II PS,Power Grid Corporation of India Limited [POWERGRID],617801,-,Gujarat,03/2025,03/2025,12/2026,06/2027,581.74,581.74,6.98,1.2,63,2026-03-31,https://ipm.mospi.gov.in/Content/PDF/FlashReport_March_2026.pdf,0,0.0000,1,6,12,21,9,1.1998,2026-03,2026-03-01,"Retrospective March 2026 snapshot; use revised cost/date only as outcome labels, not predictive features."
200,Transmission System for Reliable Power Supply to Dholera,Power Grid Corporation of India Limited [POWERGRID],619029,-,Gujarat,09/2024,09/2024,03/2026,12/2026,319.42,319.42,46.31,15.0,64,2026-03-31,https://ipm.mospi.gov.in/Content/PDF/FlashReport_March_2026.pdf,0,0.0000,1,9,18,18,0,14.4982,2026-03,2026-03-01,"Retrospective March 2026 snapshot; use revised cost/date only as outcome labels, not predictive features."
201,Khavda IVA Power Transmission Limited,Adani Transmission Limited,619049,-,Gujarat,08/2024,08/2024,08/2026,,4500.0,4500.0,2352.01,58.0,64,2026-03-31,https://ipm.mospi.gov.in/Content/PDF/FlashReport_March_2026.pdf,0,0.0000,,,19,24,5,52.2669,2026-03,2026-03-01,"Retrospective March 2026 snapshot; use revised cost/date only as outcome labels, not predictive features."
202,Transmission Scheme for evacuation of Power from Ratle HEP [850 MW] & kiru [624 MW] Part B,Power Grid Corporation of India Limited [POWERGRID],617179,N18000417,Jammu and Kashmir,07/2024,07/2024,07/2026,06/2027,218.6,218.6,3.28,1.5,64,2026-03-31,https://ipm.mospi.gov.in/Content/PDF/FlashReport_March_2026.pdf,0,0.0000,1,11,20,24,4,1.5005,2026-03,2026-03-01,"Retrospective March 2026 snapshot; use revised cost/date only as outcome labels, not predictive features."
203,Implementation of Transmission Systems in the State of Jharkhand consisting of 400/220/132/33 kV transmission lines and substations under Jharkhand Consultancy Project,Power Grid Corporation of India Limited [POWERGRID],617326,-,Jharkhand,02/2012,02/2012,03/2026,08/2026,1842.25,1842.25,1648.05,95.4,64,2026-03-31,https://ipm.mospi.gov.in/Content/PDF/FlashReport_March_2026.pdf,0,0.0000,1,5,169,169,0,89.4585,2026-03,2026-03-01,"Retrospective March 2026 snapshot; use revised cost/date only as outcome labels, not predictive features."
204,Transmission Scheme for Integration of Renewable Energy Zone [Phase II] in Koppal II [Phase A&B] and gadag II[Phase A] in Karnataka [POWERGRID KOPPAL GADAG TRANSMISSION LIMITED],Power Grid Corporation of India Limited [POWERGRID],612140,N18000385,Karnataka,12/2023,12/2023,12/2025,09/2026,2889.39,2889.39,2224.83,80.41,64,2026-03-31,https://ipm.mospi.gov.in/Content/PDF/FlashReport_March_2026.pdf,0,0.0000,1,9,27,24,-3,77.0000,2026-03,2026-03-01,"Retrospective March 2026 snapshot; use revised cost/date only as outcome labels, not predictive features."
205,System Strengthening at Koppal-II and GadagII for integration of RE generation projects [SPV Name POWERGRID Koppal Gadag Augmentation Transmission Limited],Power Grid Corporation of India Limited [POWERGRID],616672,N18000409,Karnataka,01/2025,01/2025,06/2027,,1354.0,1354.0,203.1,17.22,64,2026-03-31,https://ipm.mospi.gov.in/Content/PDF/FlashReport_March_2026.pdf,0,0.0000,,,14,29,15,15.0000,2026-03,2026-03-01,"Retrospective March 2026 snapshot; use revised cost/date only as outcome labels, not predictive features."
206,"Augmentation of Transformation Capacity by 3x500 MVA, 400/220 KV ICTS [6th-8th] and 1x1500 MVA, 765/400 KV ICT [4th] at Bidar PS [SPV Name- POWERGRID Bidar Augmentation Transmission Limited]",Power Grid Corporation of India Limited [POWERGRID],617068,N18000410,Karnataka,02/2025,02/2025,06/2027,,288.0,288.0,14.4,6.0,64,2026-03-31,https://ipm.mospi.gov.in/Content/PDF/FlashReport_March_2026.pdf,0,0.0000,,,13,28,15,5.0000,2026-03,2026-03-01,"Retrospective March 2026 snapshot; use revised cost/date only as outcome labels, not predictive features."
207,Transmission Scheme for integration of Davanagere/ Chitradurga and Bellary REZ in Karnataka [POWERGRID Chitradurga Bellary REZ Transmission Limited],Power Grid Corporation of India Limited [POWERGRID],617184,N18000419,Karnataka,03/2025,03/2025,09/2027,,3453.0,3453.0,345.3,11.53,64,2026-03-31,https://ipm.mospi.gov.in/Content/PDF/FlashReport_March_2026.pdf,0,0.0000,,,12,30,18,10.0000,2026-03,2026-03-01,"Retrospective March 2026 snapshot; use revised cost/date only as outcome labels, not predictive features."
208,Transmission System Strengthening at Davanagere for Integration of RE Generation [SPV Name - POWERGRID Davanagere Power Transmission Limited],Power Grid Corporation of India Limited [POWERGRID],617803,-,Karnataka,09/2025,09/2025,09/2027,,379.0,379.0,15.91,2.2,64,2026-03-31,https://ipm.mospi.gov.in/Content/PDF/FlashReport_March_2026.pdf,0,0.0000,,,6,24,18,4.1979,2026-03,2026-03-01,"Retrospective March 2026 snapshot; use revised cost/date only as outcome labels, not predictive features."
209,Augmentation of 1x500 MVA 400/220kV ICT [3rd] at Thrissur VSC HVDC Station in Kerala,Power Grid Corporation of India Limited [POWERGRID],619028,-,Kerala,08/2025,08/2025,08/2027,,173.14,173.14,1.73,1.0,64,2026-03-31,https://ipm.mospi.gov.in/Content/PDF/FlashReport_March_2026.pdf,0,0.0000,,,7,24,17,0.9992,2026-03,2026-03-01,"Retrospective March 2026 snapshot; use revised cost/date only as outcome labels, not predictive features."
210,Transmission System for Evacuation of Power from Rajasthan REZ Ph-IV [Part-2 5.5GW] [Jaisalmer/Barmer Complex] Part H1 [POWERGRID KURAWAR TRANSMISSION LIMITED],Power Grid Corporation of India Limited [POWERGRID],615344,N18000399,Madhya Pradesh,10/2024,10/2024,10/2026,06/2027,3674.0,3674.0,1304.27,35.17,64,2026-03-31,https://ipm.mospi.gov.in/Content/PDF/FlashReport_March_2026.pdf,0,0.0000,1,8,17,24,7,35.5000,2026-03,2026-03-01,"Retrospective March 2026 snapshot; use revised cost/date only as outcome labels, not predictive features."
211,Transmission System for Evacuation of Power from Rajasthan REZ Ph-IV [Part-2 5.5 GW] [Jaisalmer/Barmer Complex] Part C [SPV Name POWERGRID Mandsaur Transmission Limited],Power Grid Corporation of India Limited [POWERGRID],615346,N18000392,Madhya Pradesh,08/2024,08/2024,08/2026,02/2027,2708.0,2708.0,1462.32,55.0,64,2026-03-31,https://ipm.mospi.gov.in/Content/PDF/FlashReport_March_2026.pdf,0,0.0000,1,6,19,24,5,54.0000,2026-03,2026-03-01,"Retrospective March 2026 snapshot; use revised cost/date only as outcome labels, not predictive features."
212,Transmission System for evacuation of power from Mahan Energen Limited Generating Station in Madhya Pradesh [SPV Name - POWERGRID MEL Power Transmission Limited],Power Grid Corporation of India Limited [POWERGRID],617279,-,Madhya Pradesh,06/2025,06/2025,12/2027,,558.0,558.0,41.85,5.67,64,2026-03-31,https://ipm.mospi.gov.in/Content/PDF/FlashReport_March_2026.pdf,0,0.0000,,,9,30,21,7.5000,2026-03,2026-03-01,"Retrospective March 2026 snapshot; use revised cost/date only as outcome labels, not predictive features."
213,Augmentation of Transformation Capacity and Implementation of Line Bays at Mandsaur S/S for RE Interconnection [SPV Name- POWERGRID Mandsaur I RE Transmission Limited],Power Grid Corporation of India Limited [POWERGRID],617802,-,Madhya Pradesh,10/2025,10/2025,03/2028,,319.0,319.0,10.21,2.2,64,2026-03-31,https://ipm.mospi.gov.in/Content/PDF/FlashReport_March_2026.pdf,0,0.0000,,,5,29,24,3.2006,2026-03,2026-03-01,"Retrospective March 2026 snapshot; use revised cost/date only as outcome labels, not predictive features."
214,Mahan Transmission Limited,Adani Transmission Limited,619024,-,Madhya Pradesh,03/2025,03/2025,04/2027,,3125.32,3125.32,260.79,16.0,64,2026-03-31,https://ipm.mospi.gov.in/Content/PDF/FlashReport_March_2026.pdf,0,0.0000,,,12,25,13,8.3444,2026-03,2026-03-01,"Retrospective March 2026 snapshot; use revised cost/date only as outcome labels, not predictive features."
215,Transmission System for Evacuation of power from Potential RE Zone in Khavda Area of Gujarat under phase IV 7GW-Part E4,Power Grid Corporation of India Limited [POWERGRID],611966,N18000377,Maharashtra,11/2023,11/2023,07/2025,04/2026,224.41,224.41,197.47,90.8,64,2026-03-31,https://ipm.mospi.gov.in/Content/PDF/FlashReport_March_2026.pdf,0,0.0000,1,9,28,20,-8,87.9952,2026-03,2026-03-01,"Retrospective March 2026 snapshot; use revised cost/date only as outcome labels, not predictive features."
216,WRNES Talegaon Power Transmission Limited,Adani Transmission Limited,619027,-,Maharashtra,NA,05/2025,01/2028,,2000.0,2000.0,1.0,5.0,64,2026-03-31,https://ipm.mospi.gov.in/Content/PDF/FlashReport_March_2026.pdf,0,0.0000,,,,,22,0.0500,2026-03,2026-03-01,"Retrospective March 2026 snapshot; use revised cost/date only as outcome labels, not predictive features."
217,Transmission System for Integration of Kurnool-IV REZ Phase-I [for 4.5 GW] [POWERGRID Kurnool-IV Transmission Limited],Power Grid Corporation of India Limited [POWERGRID],617185,,"Multi-States Pradesh, Karnataka)",03/2025,03/2025,03/2027,09/2027,5550.0,5550.0,860.25,15.07,64,2026-03-31,https://ipm.mospi.gov.in/Content/PDF/FlashReport_March_2026.pdf,0,0.0000,1,6,12,24,12,15.5000,2026-03,2026-03-01,"Retrospective March 2026 snapshot; use revised cost/date only as outcome labels, not predictive features."
218,Name Anantapuram 2 REZ Transmission Ltd,Sterlite Power,617806,-,"Multi-States Pradesh, Karnataka)",08/2024,03/2025,03/2027,,4535.99,4535.99,677.57,40.0,65,2026-03-31,https://ipm.mospi.gov.in/Content/PDF/FlashReport_March_2026.pdf,0,0.0000,,,19,31,12,14.9376,2026-03,2026-03-01,"Retrospective March 2026 snapshot; use revised cost/date only as outcome labels, not predictive features."
219,Inter-Regional Strengthening between SR Grid and ER Grid,Power Grid Corporation of India Limited [POWERGRID],619030,-,"Multi-States Pradesh, Odisha)",02/2026,02/2026,08/2028,,2722.5,2722.5,5.4,0.5,65,2026-03-31,https://ipm.mospi.gov.in/Content/PDF/FlashReport_March_2026.pdf,0,0.0000,,,1,30,29,0.1983,2026-03,2026-03-01,"Retrospective March 2026 snapshot; use revised cost/date only as outcome labels, not predictive features."
220,Transmission System for Kurnool Wind Energy Zone/ Solar Energy Zone Part-A and Part-B,Power Grid Corporation of India Limited [POWERGRID],900808,N18000352,"Multi-States Pradesh, Telangana)",11/2022,03/2023,11/2024,05/2026,3546.94,3546.94,3529.2,99.68,65,2026-03-31,https://ipm.mospi.gov.in/Content/PDF/FlashReport_March_2026.pdf,0,0.0000,1,18,40,24,-16,99.4999,2026-03,2026-03-01,"Retrospective March 2026 snapshot; use revised cost/date only as outcome labels, not predictive features."
221,Comprehensive Scheme for Strengthening of Transmission and Distribution [T&D] Systems [CSST&DS] in Arunachal Pradesh and Sikkim,Power Grid Corporation of India Limited [POWERGRID],602223,N18000249,"Multi-States (Arunachal Pradesh, Sikkim)",10/2014,10/2014,12/2018,03/2027,4754.42,9129.32,8033.8,83.3,65,2026-03-31,https://ipm.mospi.gov.in/Content/PDF/FlashReport_March_2026.pdf,1,92.0175,1,99,137,50,-87,168.9754,2026-03,2026-03-01,"Retrospective March 2026 snapshot; use revised cost/date only as outcome labels, not predictive features."
222,"NORTH EASTERN REGION POWER SYSTEM IMPROVEMENT PROJECT [NERPSIP] (Assam,",Power Grid Corporation of India Limited [POWERGRID],607709,N18000250,"Multi-States Manipur, Meghalaya, Mizoram, Tripura)",12/2014,03/2016,12/2018,03/2027,5111.33,6700.0,5577.75,98.87,65,2026-03-31,https://ipm.mospi.gov.in/Content/PDF/FlashReport_March_2026.pdf,1,31.0813,1,99,135,48,-87,109.1252,2026-03,2026-03-01,"Retrospective March 2026 snapshot; use revised cost/date only as outcome labels, not predictive features."
223,Eastern Region Expansion Scheme-43 [ERES-43],Power Grid Corporation of India Limited [POWERGRID],617271,N18000421,"Multi-States (Bihar, Odisha, West Bengal)",09/2024,09/2024,03/2026,06/2026,342.69,342.69,97.66,29.36,65,2026-03-31,https://ipm.mospi.gov.in/Content/PDF/FlashReport_March_2026.pdf,0,0.0000,1,3,18,18,0,28.4981,2026-03,2026-03-01,"Retrospective March 2026 snapshot; use revised cost/date only as outcome labels, not predictive features."
224,Inter-regional [NR-WR] Transmission System strengthening to relieve the loading of 765 kV Vindhyachal-Varanasi D/c line,Power Grid Corporation of India Limited [POWERGRID],617807,-,"Multi-States (Bihar, Uttar Pradesh)",10/2025,10/2025,10/2027,,2368.0,2368.0,28.41,1.8,65,2026-03-31,https://ipm.mospi.gov.in/Content/PDF/FlashReport_March_2026.pdf,0,0.0000,,,5,24,19,1.1997,2026-03,2026-03-01,"Retrospective March 2026 snapshot; use revised cost/date only as outcome labels, not predictive features."
225,Eastern Region Expansion Scheme-44 [ERES-44],Power Grid Corporation of India Limited [POWERGRID],617270,N18000422,"Multi-States (Bihar, West Bengal)",11/2024,11/2024,05/2026,06/2027,408.94,408.94,4.09,1.1,65,2026-03-31,https://ipm.mospi.gov.in/Content/PDF/FlashReport_March_2026.pdf,0,0.0000,1,13,16,18,2,1.0001,2026-03,2026-03-01,"Retrospective March 2026 snapshot; use revised cost/date only as outcome labels, not predictive features."
226,Transmission Network Expansion in Gujarat to increase its ATC from ISTS Part B,Power Grid Corporation of India Limited [POWERGRID],400005,N18000337,"Multi-States (Dadra & Nagar and Daman & Diu, Gujarat, Maharashtra)",01/2022,07/2022,06/2023,05/2026,4546.26,4546.26,4523.49,99.65,65,2026-03-31,https://ipm.mospi.gov.in/Content/PDF/FlashReport_March_2026.pdf,0,0.0000,1,35,50,17,-33,99.4991,2026-03,2026-03-01,"Retrospective March 2026 snapshot; use revised cost/date only as outcome labels, not predictive features."
227,Transmission system for evacuation of power from REZ in Rajasthan 20GW under Phase-III Part J Multi-States,Power Grid Corporation of India Limited [POWERGRID],611735,N18000378,"(Delhi, Rajasthan)",12/2022,12/2022,03/2025,12/2026,331.0,331.0,195.29,49.0,65,2026-03-31,https://ipm.mospi.gov.in/Content/PDF/FlashReport_March_2026.pdf,0,0.0000,1,21,39,27,-12,59.0000,2026-03,2026-03-01,"Retrospective March 2026 snapshot; use revised cost/date only as outcome labels, not predictive features."
228,Transmission Scheme for Evacuation of power from REZ in Rajasthan [20 GW] under Phase-III Part D Phase I [Sikar Khetri Transmission Ltd] Multi-States,Power Grid Corporation of India Limited [POWERGRID],612132,N18000389,"(Delhi, Rajasthan)",02/2024,02/2024,08/2025,09/2026,2000.0,2000.0,1640.0,83.79,65,2026-03-31,https://ipm.mospi.gov.in/Content/PDF/FlashReport_March_2026.pdf,0,0.0000,1,13,25,18,-7,82.0000,2026-03,2026-03-01,"Retrospective March 2026 snapshot; use revised cost/date only as outcome labels, not predictive features."
229,TRANSMISSION SYSTEM FOR EVACUATION OF POWER FROM POTENTIAL RENEWABLE ENERGY ZONE IN KHAVDA AREA OF GUJARAT UNDER PHASE-V [8 GW] PART A [SPV Name POWERGRID West Central Transmission Limited],Power Grid Corporation of India Limited [POWERGRID],615347,N18000405,"Multi-States (Gujarat, Maharashtra)",11/2024,11/2024,05/2029,,24819.0,24819.0,2258.53,8.2,65,2026-03-31,https://ipm.mospi.gov.in/Content/PDF/FlashReport_March_2026.pdf,0,0.0000,,,16,54,38,9.1000,2026-03,2026-03-01,"Retrospective March 2026 snapshot; use revised cost/date only as outcome labels, not predictive features."
230,"Transmission system for evacuation of power from Rajasthan REZ Ph-IV [Part- 3/6GW] [Bikaner complex] Part A [SPV Name POWERGRID Bikaner IV Transmission Limited] (Haryana,",Power Grid Corporation of India Limited [POWERGRID],615339,N18000403,"Multi-States Punjab, Rajasthan)",11/2024,11/2024,11/2026,04/2027,5969.0,5969.0,1193.8,21.69,65,2026-03-31,https://ipm.mospi.gov.in/Content/PDF/FlashReport_March_2026.pdf,0,0.0000,1,5,16,24,8,20.0000,2026-03,2026-03-01,"Retrospective March 2026 snapshot; use revised cost/date only as outcome labels, not predictive features."
231,TRANSMISSION SYSTEM FOR EVACUATION OF POWER FROM RAJASTHAN REZ PH-IV [PART-3/ 6 GW] [BIKANER COMPLEX] PART B [SPV Name POWERGRID Siwani Transmission Limited],Power Grid Corporation of India Limited [POWERGRID],615340,N18000404,"Multi-States (Haryana, Rajasthan)",11/2024,11/2024,11/2026,06/2027,5357.0,5357.0,1339.25,26.07,65,2026-03-31,https://ipm.mospi.gov.in/Content/PDF/FlashReport_March_2026.pdf,0,0.0000,1,7,16,24,8,25.0000,2026-03,2026-03-01,"Retrospective March 2026 snapshot; use revised cost/date only as outcome labels, not predictive features."
232,Inter-Regional Strengthening between SR Grid and WR Grid,Power Grid Corporation of India Limited [POWERGRID],617808,-,"Multi-States (Karnataka, Maharashtra)",10/2025,10/2025,10/2027,,1007.0,1007.0,18.1,2.0,65,2026-03-31,https://ipm.mospi.gov.in/Content/PDF/FlashReport_March_2026.pdf,0,0.0000,,,5,24,19,1.7974,2026-03,2026-03-01,"Retrospective March 2026 snapshot; use revised cost/date only as outcome labels, not predictive features."
233,"Transmission Scheme for Solar Energy Zone in Bidar [2500 MW], Karnataka [Bidar Transmission Ltd]",Power Grid Corporation of India Limited [POWERGRID],612138,N18000388,"Multi-States (Karnataka, Telangana)",02/2024,02/2024,02/2026,06/2026,2147.62,2147.62,1825.47,87.32,65,2026-03-31,https://ipm.mospi.gov.in/Content/PDF/FlashReport_March_2026.pdf,0,0.0000,1,4,25,24,-1,84.9997,2026-03,2026-03-01,"Retrospective March 2026 snapshot; use revised cost/date only as outcome labels, not predictive features."
234,Transmission System for Evacuation of Power from Rajasthan REZ Ph-IV [Part-2 5.5 GW] [Jaisalmer/Barmer Complex] Part D [SPV Name POWERGRID Beawar Mandsaur Transmission Limited] (Madhya,Power Grid Corporation of India Limited [POWERGRID],615333,N18000393,"Multi-States Pradesh, Rajasthan)",08/2024,08/2024,08/2026,12/2026,2227.0,2227.0,957.61,36.57,65,2026-03-31,https://ipm.mospi.gov.in/Content/PDF/FlashReport_March_2026.pdf,0,0.0000,1,4,19,24,5,43.0000,2026-03,2026-03-01,"Retrospective March 2026 snapshot; use revised cost/date only as outcome labels, not predictive features."
235,Transmission System for Evacuation of Power from Rajasthan REZ Ph-IV [Part-2 5.5 GW] [Jaisalmer/Barmer Complex] Part E [SPV Name POWERGRID Mewar Transmission Limited] (Madhya,Power Grid Corporation of India Limited [POWERGRID],615334,N18000394,"Multi-States Pradesh, Rajasthan)",08/2024,08/2024,08/2026,04/2027,3251.0,3251.0,1592.99,37.17,65,2026-03-31,https://ipm.mospi.gov.in/Content/PDF/FlashReport_March_2026.pdf,0,0.0000,1,8,19,24,5,49.0000,2026-03,2026-03-01,"Retrospective March 2026 snapshot; use revised cost/date only as outcome labels, not predictive features."
236,Rajasthan REZ Ph-V [Part-1- 4 GW] [Sirohi/Nagaur] Complex [Rajasthan V Power Transmission Limited],Power Grid Corporation of India Limited [POWERGRID],,,"Multi-States Pradesh,",03/2025,,03/2027,06/2027,5028.0,5028.0,754.2,17.49,65,2026-03-31,https://ipm.mospi.gov.in/Content/PDF/FlashReport_March_2026.pdf,0,0.0000,1,3,12,24,12,15.0000,2026-03,2026-03-01,"Retrospective March 2026 snapshot; use revised cost/date only as outcome labels, not predictive features."
237,RAJASTHAN PART I POWER TRANSMISSION LIMITED,Adani Transmission Limited,619025,-,"Multi-States Pradesh, Rajasthan, Uttar Pradesh)",01/2025,01/2025,07/2029,,25000.0,25000.0,227.05,1.0,66,2026-03-31,https://ipm.mospi.gov.in/Content/PDF/FlashReport_March_2026.pdf,0,0.0000,,,14,54,40,0.9082,2026-03,2026-03-01,"Retrospective March 2026 snapshot; use revised cost/date only as outcome labels, not predictive features."
238,Transmission System for Evacuation of power from Rajasthan REZ Ph-IV [Part-1] [Bikaner Complex] Part D [Neemrana Bareilly Transmission Ltd],Power Grid Corporation of India Limited [POWERGRID],612133,N18000387,"Multi-States (Rajasthan, Uttar Pradesh)",12/2023,12/2023,12/2025,12/2026,2056.0,2056.0,1706.48,71.69,66,2026-03-31,https://ipm.mospi.gov.in/Content/PDF/FlashReport_March_2026.pdf,0,0.0000,1,12,27,24,-3,83.0000,2026-03,2026-03-01,"Retrospective March 2026 snapshot; use revised cost/date only as outcome labels, not predictive features."
239,Transmission System for evacuation of Power from Rajasthan REZ Ph-IV [Part-4 3.5 GW] Part A [SPV name POWERGRID Ghiror Transmission Limited],Power Grid Corporation of India Limited [POWERGRID],616670,N18000407,"Multi-States (Rajasthan, Uttar Pradesh)",12/2024,12/2024,12/2026,06/2027,5846.0,5846.0,1461.5,27.54,66,2026-03-31,https://ipm.mospi.gov.in/Content/PDF/FlashReport_March_2026.pdf,0,0.0000,1,6,15,24,9,25.0000,2026-03,2026-03-01,"Retrospective March 2026 snapshot; use revised cost/date only as outcome labels, not predictive features."
240,Transmission System for Evacuation of Power from REZ in Rajasthan 20GW under Phase III- Part E2,Power Grid Corporation of India Limited [POWERGRID],611947,N18000379,Rajasthan,11/2023,11/2023,06/2025,06/2026,428.3,428.3,406.88,97.4,66,2026-03-31,https://ipm.mospi.gov.in/Content/PDF/FlashReport_March_2026.pdf,0,0.0000,1,12,28,19,-9,94.9988,2026-03,2026-03-01,"Retrospective March 2026 snapshot; use revised cost/date only as outcome labels, not predictive features."
241,Transmission system for evacuation of power from REZ in Rajasthan 20 GW under Phase-III part H,Power Grid Corporation of India Limited [POWERGRID],611948,N18000374,Rajasthan,10/2023,10/2023,04/2025,06/2026,2211.29,2211.29,2122.84,97.68,66,2026-03-31,https://ipm.mospi.gov.in/Content/PDF/FlashReport_March_2026.pdf,0,0.0000,1,14,29,18,-11,96.0001,2026-03,2026-03-01,"Retrospective March 2026 snapshot; use revised cost/date only as outcome labels, not predictive features."
242,Transmission system for evacuation of power from REZ in Rajasthan 20 GW under Phase-III part C1,Power Grid Corporation of India Limited [POWERGRID],611949,N18000375,Rajasthan,10/2023,10/2023,04/2025,05/2026,1796.02,1796.02,1724.17,98.47,66,2026-03-31,https://ipm.mospi.gov.in/Content/PDF/FlashReport_March_2026.pdf,0,0.0000,1,13,29,18,-11,95.9995,2026-03,2026-03-01,"Retrospective March 2026 snapshot; use revised cost/date only as outcome labels, not predictive features."
243,Transmission system for evacuation of power from REZ in Rajasthan 20GW under Phase-III Part E1,Power Grid Corporation of India Limited [POWERGRID],611951,N18000373,Rajasthan,12/2021,08/2023,02/2025,04/2026,688.74,688.74,686.67,99.7,66,2026-03-31,https://ipm.mospi.gov.in/Content/PDF/FlashReport_March_2026.pdf,0,0.0000,1,14,51,38,-13,99.6995,2026-03,2026-03-01,"Retrospective March 2026 snapshot; use revised cost/date only as outcome labels, not predictive features."
244,Transmission System for Evacuation of power from Rajasthan REZ Ph-IV [Part-1] [Bikaner Complex] Part A [Bikaner Neemrana Transmission Ltd],Power Grid Corporation of India Limited [POWERGRID],612134,N18000386,Rajasthan,12/2023,12/2023,12/2025,12/2026,2998.34,2998.34,2278.73,68.21,66,2026-03-31,https://ipm.mospi.gov.in/Content/PDF/FlashReport_March_2026.pdf,0,0.0000,1,12,27,24,-3,75.9997,2026-03,2026-03-01,"Retrospective March 2026 snapshot; use revised cost/date only as outcome labels, not predictive features."
245,Transmission System for Evacuation of Power from Rajasthan REZ Ph-IV [Part-2 5.5 GW][Jaisalmer/Barmer Complex] Part B [SPV Name POWERGRID Sirohi Transmission Limited],Power Grid Corporation of India Limited [POWERGRID],615332,N18000391,Rajasthan,08/2024,08/2024,08/2026,03/2027,3279.0,3279.0,1442.76,43.68,66,2026-03-31,https://ipm.mospi.gov.in/Content/PDF/FlashReport_March_2026.pdf,0,0.0000,1,7,19,24,5,44.0000,2026-03,2026-03-01,"Retrospective March 2026 snapshot; use revised cost/date only as outcome labels, not predictive features."
246,Transmission System Strengthening for Interconnections of Bhadla-III & Bikaner III Complex [SPV Name POWERGRID BHADLA BIKANER TRANSMISSION LIMITED],Power Grid Corporation of India Limited [POWERGRID],615335,N18000397,Rajasthan,08/2024,08/2024,08/2026,03/2027,1382.0,1382.0,511.34,39.59,66,2026-03-31,https://ipm.mospi.gov.in/Content/PDF/FlashReport_March_2026.pdf,0,0.0000,1,7,19,24,5,37.0000,2026-03,2026-03-01,"Retrospective March 2026 snapshot; use revised cost/date only as outcome labels, not predictive features."
247,Additional Transmission System for evacuation of Power from Bhadla-III PS as part of Rajasthan REZ Phase III Scheme [20 GW] [SPV Name POWERGRID Bhadla-III Power Transmission Limited],Power Grid Corporation of India Limited [POWERGRID],615337,N18000396,Rajasthan,08/2024,08/2024,02/2026,09/2026,369.0,369.0,206.64,58.75,66,2026-03-31,https://ipm.mospi.gov.in/Content/PDF/FlashReport_March_2026.pdf,0,0.0000,1,7,19,18,-1,56.0000,2026-03,2026-03-01,"Retrospective March 2026 snapshot; use revised cost/date only as outcome labels, not predictive features."
248,TRANSMISSION SYSTEM FOR EVACUATION OF POWER FROM RAJASTHAN REZ PH -IV [PART-2 5.5 GW] [JAISALMER/BARMER COMPLEX] PART F [SPV Name POWERGRID BARMER I TRANSMISSION LIMITED],Power Grid Corporation of India Limited [POWERGRID],615338,N18000401,Rajasthan,11/2024,11/2024,11/2026,06/2027,2735.0,2735.0,847.85,30.42,66,2026-03-31,https://ipm.mospi.gov.in/Content/PDF/FlashReport_March_2026.pdf,0,0.0000,1,7,16,24,8,31.0000,2026-03,2026-03-01,"Retrospective March 2026 snapshot; use revised cost/date only as outcome labels, not predictive features."
249,"Augmentation at Fatehgarh-II PS, Fatehgarh-IV PS [Section-II] and Barmer-I PS [POWERGRID Fatehgarh Barmer Augmentation Transmission Limited]",Power Grid Corporation of India Limited [POWERGRID],617181,N18000415,Rajasthan,03/2025,03/2025,12/2026,06/2027,404.0,404.0,26.26,6.8,66,2026-03-31,https://ipm.mospi.gov.in/Content/PDF/FlashReport_March_2026.pdf,0,0.0000,1,6,12,21,9,6.5000,2026-03,2026-03-01,"Retrospective March 2026 snapshot; use revised cost/date only as outcome labels, not predictive features."
250,Transmission System under ISTS for evacuation of Power from Kudankulam Unit-3&4 [2x1000 MW] [SPV Name POWERGRID Kudankulam Tarnsmission Limited],Power Grid Corporation of India Limited [POWERGRID],616671,N18000408,Tamil Nadu,01/2025,01/2025,12/2026,03/2027,548.0,548.0,117.82,17.28,66,2026-03-31,https://ipm.mospi.gov.in/Content/PDF/FlashReport_March_2026.pdf,0,0.0000,1,3,14,23,9,21.5000,2026-03,2026-03-01,"Retrospective March 2026 snapshot; use revised cost/date only as outcome labels, not predictive features."
251,Transmission System for Strengthening to facilitate evacuation of power from Bhadla/Bikaner Complex,Power Grid Corporation of India Limited [POWERGRID],617269,N18000423,Uttar Pradesh,12/2024,12/2024,06/2026,08/2026,212.81,212.81,5.32,3.0,66,2026-03-31,https://ipm.mospi.gov.in/Content/PDF/FlashReport_March_2026.pdf,0,0.0000,1,2,15,18,3,2.4999,2026-03,2026-03-01,"Retrospective March 2026 snapshot; use revised cost/date only as outcome labels, not predictive features."
252,"Construction Construction of One Tower of Office Complex and another Tower of Residential quarters consisting of 10Nos. Type-V, 10Nos. Type-VI & 1No.Type-VII Quarters i/c internal water supply, sanitary installation and all development and bulk services, Horticulture works on EPC Mode-I basis i/c comprehensive operation and maintenance of Civil, E&M services for 7 years after completion of original construction work for Ranga Reddy, Secunderabad, Medchal, AuditI, Audit-II Commissionerates of Central Tax at Khajaguda, Serilingampally, Hyderabad.",Central Public Works Department - CPWD,617412,,Telangana,03/2024,11/2024,09/2027,,644.0,644.0,161.57,17.0,66,2026-03-31,https://ipm.mospi.gov.in/Content/PDF/FlashReport_March_2026.pdf,0,0.0000,,,24,42,18,25.0885,2026-03,2026-03-01,"Retrospective March 2026 snapshot; use revised cost/date only as outcome labels, not predictive features."
253,"Integrated Command control Center [ICCC] - Construction and Development of Integrated Command Control Center with Security, Surveillance, ITMS, Connecting Port, Ship Service, Smart Solid Waste Management, Smart Public Transport System",ministry of housing and urban affairs,707229,-,Andaman & Nicobar,07/2021,11/2021,05/2023,,209.88,209.88,0.0,70.0,67,2026-03-31,https://ipm.mospi.gov.in/Content/PDF/FlashReport_March_2026.pdf,0,0.0000,,,56,22,-34,0.0000,2026-03,2026-03-01,"Retrospective March 2026 snapshot; use revised cost/date only as outcome labels, not predictive features."
254,Redevelopment of Seven General Pool Residential Accommodation [GPRA] Colonies in Delhi,National Buildings Construction Corporation [NBCC],400188,-,Delhi,07/2016,05/2018,12/2025,12/2025,32850.0,13885.72,,46.5,67,2026-03-31,https://ipm.mospi.gov.in/Content/PDF/FlashReport_March_2026.pdf,0,-57.7299,0,0,116,113,-3,,2026-03,2026-03-01,"Retrospective March 2026 snapshot; use revised cost/date only as outcome labels, not predictive features."
255,Rehablitation in Junavadaj Area Smart City Project,ministry of housing and urban affairs,701719,-,Gujarat,02/2016,06/2016,07/2022,,539.0,539.0,39.63,50.0,67,2026-03-31,https://ipm.mospi.gov.in/Content/PDF/FlashReport_March_2026.pdf,0,0.0000,,,121,77,-44,7.3525,2026-03,2026-03-01,"Retrospective March 2026 snapshot; use revised cost/date only as outcome labels, not predictive features."
256,Green Building Development Project,ministry of housing and urban affairs,701766,-,Uttarakhand,11/2019,08/2019,11/2023,,150.97,150.97,18.95,31.0,67,2026-03-31,https://ipm.mospi.gov.in/Content/PDF/FlashReport_March_2026.pdf,0,0.0000,,,76,48,-28,12.5522,2026-03,2026-03-01,"Retrospective March 2026 snapshot; use revised cost/date only as outcome labels, not predictive features."
257,Urban Public Transport Patna Metro Rail Project,Patna Metro Rail Corporation Ltd. [PMRCL],702627,N28000148,Bihar,02/2019,02/2019,02/2024,06/2027,13365.77,13365.8,5068.37,49.79,67,2026-03-31,https://ipm.mospi.gov.in/Content/PDF/FlashReport_March_2026.pdf,1,0.0002,1,40,85,60,-25,37.9205,2026-03,2026-03-01,"Retrospective March 2026 snapshot; use revised cost/date only as outcome labels, not predictive features."
258,Delhi Metro Rail Phase-IV [2 Corridors],Delhi Metro Rail Corporation Limited [DMRC],617207,-,Delhi,03/2024,03/2024,03/2029,,8399.81,8399.81,89.43,2.12,67,2026-03-31,https://ipm.mospi.gov.in/Content/PDF/FlashReport_March_2026.pdf,0,0.0000,,,24,60,36,1.0647,2026-03,2026-03-01,"Retrospective March 2026 snapshot; use revised cost/date only as outcome labels, not predictive features."
259,Delhi Metro Rail Phase V A,Delhi Metro Rail Corporation Limited [DMRC],619031,-,Delhi,01/2026,01/2026,12/2028,,12014.91,12014.9,17.31,0.0,67,2026-03-31,https://ipm.mospi.gov.in/Content/PDF/FlashReport_March_2026.pdf,0,-0.0001,,,2,35,33,0.1441,2026-03,2026-03-01,"Retrospective March 2026 snapshot; use revised cost/date only as outcome labels, not predictive features."
260,DMRTS Phase - IV [3 Priority Corridors],Delhi Metro Rail Corporation Limited [DMRC],702632,N28000135,Delhi,07/2019,07/2019,03/2025,12/2026,24948.65,20109.66,,79.57,67,2026-03-31,https://ipm.mospi.gov.in/Content/PDF/FlashReport_March_2026.pdf,0,-19.3958,1,21,80,68,-12,,2026-03,2026-03-01,"Retrospective March 2026 snapshot; use revised cost/date only as outcome labels, not predictive features."
261,Surat Metro Rail Project,Gujarat Metro Rail Corporation Limited [GMRCL],702630,N28000138,Gujarat,03/2019,04/2019,03/2024,06/2026,12020.32,12020.3,8898.74,78.8,67,2026-03-31,https://ipm.mospi.gov.in/Content/PDF/FlashReport_March_2026.pdf,0,-0.0002,1,27,84,60,-24,74.0308,2026-03,2026-03-01,"Retrospective March 2026 snapshot; use revised cost/date only as outcome labels, not predictive features."
262,Ahmedabad Metro Rail Project [Phase-I],Gujarat Metro Rail Corporation Limited [GMRCL],702639,N28000122,Gujarat,11/2014,02/2015,03/2018,04/2026,10773.0,12410.84,,99.99,67,2026-03-31,https://ipm.mospi.gov.in/Content/PDF/FlashReport_March_2026.pdf,1,15.2032,1,97,136,40,-96,,2026-03,2026-03-01,"Retrospective March 2026 snapshot; use revised cost/date only as outcome labels, not predictive features."
263,"Metro connectivity from Millennium City Centre to Cyber City with Spur to Dwarka Expressway, Gurugram.",Gurugram Metro Rail Limited [GMRL],619022,-,Haryana,07/2023,08/2024,07/2027,,5452.72,5452.72,92.12,0.0,67,2026-03-31,https://ipm.mospi.gov.in/Content/PDF/FlashReport_March_2026.pdf,0,0.0000,,,32,48,16,1.6894,2026-03,2026-03-01,"Retrospective March 2026 snapshot; use revised cost/date only as outcome labels, not predictive features."
264,Construction of Bangalore Metro Rail Project Phase 2.,Bengaluru Metro Rail,702635,N28000058,Karnataka,02/2014,02/2016,03/2021,09/2026,26405.14,29782.97,,95.4,67,2026-03-31,https://ipm.mospi.gov.in/Content/PDF/FlashReport_March_2026.pdf,1,12.7923,1,66,145,85,-60,,2026-03,2026-03-01,"Retrospective March 2026 snapshot; use revised cost/date only as outcome labels, not predictive features."
265,Construction Bangalore Metro Rail Project Phase-2A & 2B,Bengaluru Metro Rail,702665,N28000151,Karnataka,06/2021,01/2019,06/2026,06/2026,14788.1,10341.33,,64.0,67,2026-03-31,https://ipm.mospi.gov.in/Content/PDF/FlashReport_March_2026.pdf,0,-30.0699,0,0,57,60,3,,2026-03,2026-03-01,"Retrospective March 2026 snapshot; use revised cost/date only as outcome labels, not predictive features."
266,Kochi Metro Rail Phase 2 Development Project,CSPCC Projects,702664,N28000158,Kerala,11/2022,11/2022,11/2026,11/2026,1957.05,1957.05,641.83,30.85,67,2026-03-31,https://ipm.mospi.gov.in/Content/PDF/FlashReport_March_2026.pdf,0,0.0000,0,0,40,48,8,32.7958,2026-03,2026-03-01,"Retrospective March 2026 snapshot; use revised cost/date only as outcome labels, not predictive features."
267,Bhopal Metro Rail Project,Madhya Pradesh Metro Rail Co Limited [MPMRCL],702625,N28000124,Madhya Pradesh,11/2018,11/2018,11/2022,06/2028,6941.4,6941.4,4250.95,57.85,67,2026-03-31,https://ipm.mospi.gov.in/Content/PDF/FlashReport_March_2026.pdf,0,0.0000,1,67,88,48,-40,61.2405,2026-03,2026-03-01,"Retrospective March 2026 snapshot; use revised cost/date only as outcome labels, not predictive features."
268,Indore Metro Rail Project,Madhya Pradesh Metro Rail Co Limited [MPMRCL],702626,N28000125,Madhya Pradesh,11/2018,11/2018,11/2022,12/2028,7500.8,7500.8,4866.16,63.65,67,2026-03-31,https://ipm.mospi.gov.in/Content/PDF/FlashReport_March_2026.pdf,0,0.0000,1,73,88,48,-40,64.8752,2026-03,2026-03-01,"Retrospective March 2026 snapshot; use revised cost/date only as outcome labels, not predictive features."
269,PCMC To Nigdi- Extension Of North South Corridor Of Phase-1,Maharashtra Metro Rail Corporation Limited [MMRCL],617225,N28000157,Maharashtra,10/2023,10/2023,01/2027,,910.18,960.18,263.93,40.04,67,2026-03-31,https://ipm.mospi.gov.in/Content/PDF/FlashReport_March_2026.pdf,1,5.4934,,,29,39,10,28.9976,2026-03,2026-03-01,"Retrospective March 2026 snapshot; use revised cost/date only as outcome labels, not predictive features."
270,Pune Metro Phase-1 Extension line towards south from Swargate to Katraj,Maharashtra Metro Rail Corporation Limited [MMRCL],617226,N28000160,Maharashtra,09/2024,09/2024,03/2029,,2954.53,2954.53,45.69,5.09,67,2026-03-31,https://ipm.mospi.gov.in/Content/PDF/FlashReport_March_2026.pdf,0,0.0000,,,18,54,36,1.5464,2026-03,2026-03-01,"Retrospective March 2026 snapshot; use revised cost/date only as outcome labels, not predictive features."
271,Thane Integral Ring Metro Rail Project,Maharashtra Metro Rail Corporation Limited [MMRCL],617327,-,Maharashtra,09/2024,09/2024,09/2029,,12200.1,12200.1,79.3,7.26,67,2026-03-31,https://ipm.mospi.gov.in/Content/PDF/FlashReport_March_2026.pdf,0,0.0000,,,18,60,42,0.6500,2026-03,2026-03-01,"Retrospective March 2026 snapshot; use revised cost/date only as outcome labels, not predictive features."
272,Pune Metro Rail Project Phase-2 Corridor 2A Vanaz to Chandani Chowk and Corridor 2B Ramwadi to Wagholi/Vitthalwadi,Maharashtra Metro Rail Corporation Limited [MMRCL],618971,-,Maharashtra,07/2025,07/2025,07/2029,,3626.24,3626.24,2.19,1.09,67,2026-03-31,https://ipm.mospi.gov.in/Content/PDF/FlashReport_March_2026.pdf,0,0.0000,,,8,48,40,0.0604,2026-03,2026-03-01,"Retrospective March 2026 snapshot; use revised cost/date only as outcome labels, not predictive features."
273,Pune Metro Rail Project Phase-2 Line-4 Kharadi to Khadakwasla with Spur Line 4A Nal Stop - Warje - Manikbaug,Maharashtra Metro Rail Corporation Limited [MMRCL],,,Maharashtra,12/2025,,12/2030,,9857.85,9857.85,2.97,0.45,67,2026-03-31,https://ipm.mospi.gov.in/Content/PDF/FlashReport_March_2026.pdf,0,0.0000,,,3,60,57,0.0301,2026-03,2026-03-01,"Retrospective March 2026 snapshot; use revised cost/date only as outcome labels, not predictive features."
274,New Suburba Station Development Project,ministry of housing and urban affairs,701745,-,Maharashtra,04/2018,03/2019,07/2022,,262.76,262.76,17.62,6.0,68,2026-03-31,https://ipm.mospi.gov.in/Content/PDF/FlashReport_March_2026.pdf,0,0.0000,,,95,51,-44,6.7057,2026-03,2026-03-01,"Retrospective March 2026 snapshot; use revised cost/date only as outcome labels, not predictive features."
275,Kalyan Station Precinct Imporvement Project,ministry of housing and urban affairs,701991,-,Maharashtra,04/2018,07/2020,07/2023,,600.0,600.0,272.42,70.0,68,2026-03-31,https://ipm.mospi.gov.in/Content/PDF/FlashReport_March_2026.pdf,0,0.0000,,,95,63,-32,45.4033,2026-03,2026-03-01,"Retrospective March 2026 snapshot; use revised cost/date only as outcome labels, not predictive features."
276,Mumbai Metro Line 3,Mumbai Metro Rail Corporation Limited [MMRC],702637,N28000086,Maharashtra,07/2013,06/2016,03/2023,08/2025,23136.0,33308.88,,97.76,68,2026-03-31,https://ipm.mospi.gov.in/Content/PDF/FlashReport_March_2026.pdf,1,43.9699,1,29,152,116,-36,,2026-03,2026-03-01,"Retrospective March 2026 snapshot; use revised cost/date only as outcome labels, not predictive features."
277,Nagpur Metro Rail Phase II Development Project,Maharashtra Metro Rail Corporation Limited [MMRCL],702658,N28000155,Maharashtra,12/2022,12/2022,12/2027,,6708.0,6708.0,1876.99,36.76,68,2026-03-31,https://ipm.mospi.gov.in/Content/PDF/FlashReport_March_2026.pdf,0,0.0000,,,39,60,21,27.9814,2026-03,2026-03-01,"Retrospective March 2026 snapshot; use revised cost/date only as outcome labels, not predictive features."
278,Delhi Metro Rail Phase-IV [Rithala - Kundli Corridor],Delhi Metro Rail Corporation Limited [DMRC],617206,-,"(Delhi, Haryana)",01/2025,01/2025,01/2029,,6230.99,6230.99,72.89,0.0,68,2026-03-31,https://ipm.mospi.gov.in/Content/PDF/FlashReport_March_2026.pdf,0,0.0000,,,14,48,34,1.1698,2026-03,2026-03-01,"Retrospective March 2026 snapshot; use revised cost/date only as outcome labels, not predictive features."
279,Chennai Metro Rail Phase-II Development Project,Chennai Metro Rail Limited [CMRL],702668,-,Tamil Nadu,10/2024,11/2020,08/2029,,63246.0,63246.0,32503.4,51.86,68,2026-03-31,https://ipm.mospi.gov.in/Content/PDF/FlashReport_March_2026.pdf,0,0.0000,,,17,58,41,51.3920,2026-03,2026-03-01,"Retrospective March 2026 snapshot; use revised cost/date only as outcome labels, not predictive features."
280,LUCKNOW METRO RAIL PROJECT PHASE-1B EAST WEST CORRIDOR,Uttar Pradesh metro rail corporation [UPMRC],619052,-,Uttar Pradesh,09/2025,05/2026,04/2031,,5801.05,5801.05,0.0,0.0,68,2026-03-31,https://ipm.mospi.gov.in/Content/PDF/FlashReport_March_2026.pdf,0,0.0000,,,6,67,61,0.0000,2026-03,2026-03-01,"Retrospective March 2026 snapshot; use revised cost/date only as outcome labels, not predictive features."
281,Kanpur Metro Rail Project,Uttar Pradesh metro rail corporation [UPMRC],702628,N28000144,Uttar Pradesh,05/2019,11/2019,05/2024,03/2027,11076.48,11076.5,9098.65,80.5,68,2026-03-31,https://ipm.mospi.gov.in/Content/PDF/FlashReport_March_2026.pdf,1,0.0002,1,34,82,60,-22,82.1439,2026-03,2026-03-01,"Retrospective March 2026 snapshot; use revised cost/date only as outcome labels, not predictive features."
282,Agra Metro Rail Project,Uttar Pradesh metro rail corporation [UPMRC],702629,N28000145,Uttar Pradesh,05/2019,12/2020,05/2024,06/2027,8379.62,8379.62,6069.78,68.6,68,2026-03-31,https://ipm.mospi.gov.in/Content/PDF/FlashReport_March_2026.pdf,0,0.0000,1,37,82,60,-22,72.4350,2026-03,2026-03-01,"Retrospective March 2026 snapshot; use revised cost/date only as outcome labels, not predictive features."
283,"Waste & Water ESR - 8 nos., distribution system - 216 Km, new house service connections - 38760 nos. upgrading of feeder mains, pumping station etc. - Phase II",Ministry of Housing & Urban Affairs,702674,-,Andhra Pradesh,02/2017,07/2018,03/2023,06/2026,172.22,172.22,88.86,82.0,68,2026-03-31,https://ipm.mospi.gov.in/Content/PDF/FlashReport_March_2026.pdf,0,0.0000,1,39,109,73,-36,51.5968,2026-03,2026-03-01,"Retrospective March 2026 snapshot; use revised cost/date only as outcome labels, not predictive features."
284,Muzaffarpur Storm Water Drainage Phase-I Project,Ministry of Housing & Urban Affairs,702699,-,Bihar,11/2016,02/2019,10/2023,06/2026,158.78,158.78,93.35,84.0,68,2026-03-31,https://ipm.mospi.gov.in/Content/PDF/FlashReport_March_2026.pdf,0,0.0000,1,32,112,83,-29,58.7920,2026-03,2026-03-01,"Retrospective March 2026 snapshot; use revised cost/date only as outcome labels, not predictive features."
285,Storm water drainag Development Project,ministry of housing and urban affairs,702355,-,Dadra & Nagar and Daman & Diu,08/2020,12/2021,03/2024,,210.0,210.0,0.0,20.0,68,2026-03-31,https://ipm.mospi.gov.in/Content/PDF/FlashReport_March_2026.pdf,0,0.0000,,,67,43,-24,0.0000,2026-03,2026-03-01,"Retrospective March 2026 snapshot; use revised cost/date only as outcome labels, not predictive features."
286,Upgradation of Sewerage system in Gandhinagar City,ministry of housing and urban affairs,707267,-,Gujarat,07/2020,03/2021,06/2023,,200.0,200.0,100.0,10.0,68,2026-03-31,https://ipm.mospi.gov.in/Content/PDF/FlashReport_March_2026.pdf,0,0.0000,,,68,35,-33,50.0000,2026-03,2026-03-01,"Retrospective March 2026 snapshot; use revised cost/date only as outcome labels, not predictive features."
287,Sewerage Management Scheme Part-3 Implementation,Ministry of Housing & Urban Affairs,702734,-,Haryana,03/2017,11/2017,09/2023,09/2026,278.01,278.01,228.49,88.0,68,2026-03-31,https://ipm.mospi.gov.in/Content/PDF/FlashReport_March_2026.pdf,0,0.0000,1,36,108,78,-30,82.1877,2026-03,2026-03-01,"Retrospective March 2026 snapshot; use revised cost/date only as outcome labels, not predictive features."
288,Sewerage Management Scheme Part-3 Implementation,Ministry of Housing & Urban Affairs,702735,-,Haryana,03/2017,10/2018,03/2023,05/2026,213.19,213.19,180.32,100.0,68,2026-03-31,https://ipm.mospi.gov.in/Content/PDF/FlashReport_March_2026.pdf,0,0.0000,1,38,108,72,-36,84.5818,2026-03,2026-03-01,"Retrospective March 2026 snapshot; use revised cost/date only as outcome labels, not predictive features."
289,Dhanbad Water Supply Infrastructure Project,Ministry of Housing & Urban Affairs,702741,-,Jharkhand,02/2017,12/2018,03/2023,06/2026,216.55,216.55,129.16,76.0,68,2026-03-31,https://ipm.mospi.gov.in/Content/PDF/FlashReport_March_2026.pdf,0,0.0000,1,39,109,73,-36,59.6444,2026-03,2026-03-01,"Retrospective March 2026 snapshot; use revised cost/date only as outcome labels, not predictive features."
290,SAAP-3 Water Supply Infrastructure SAAP-3 Project,Ministry of Housing & Urban Affairs,702742,-,Jharkhand,02/2017,12/2018,10/2023,06/2026,159.31,159.31,87.5,67.0,68,2026-03-31,https://ipm.mospi.gov.in/Content/PDF/FlashReport_March_2026.pdf,0,0.0000,1,32,109,80,-29,54.9244,2026-03,2026-03-01,"Retrospective March 2026 snapshot; use revised cost/date only as outcome labels, not predictive features."
291,Augmentation and Strenghthning of Urban Water Supply Phase 1 - SAAP 3,Ministry of Housing & Urban Affairs,702746,-,Jharkhand,02/2017,12/2018,03/2023,06/2026,278.28,278.28,186.5,81.0,68,2026-03-31,https://ipm.mospi.gov.in/Content/PDF/FlashReport_March_2026.pdf,0,0.0000,1,39,109,73,-36,67.0188,2026-03,2026-03-01,"Retrospective March 2026 snapshot; use revised cost/date only as outcome labels, not predictive features."
292,Belgavi Improvement in Sewerage System Project,Ministry of Housing & Urban Affairs,702760,-,Karnataka,12/2015,10/2016,07/2023,06/2026,162.73,162.73,79.5,80.0,68,2026-03-31,https://ipm.mospi.gov.in/Content/PDF/FlashReport_March_2026.pdf,0,0.0000,1,35,123,91,-32,48.8539,2026-03,2026-03-01,"Retrospective March 2026 snapshot; use revised cost/date only as outcome labels, not predictive features."
293,24/7 water supply under AMRUT for Davanagere,Ministry of Housing & Urban Affairs,702764,-,Karnataka,11/2016,01/2018,03/2023,05/2026,174.96,174.96,103.73,65.0,68,2026-03-31,https://ipm.mospi.gov.in/Content/PDF/FlashReport_March_2026.pdf,0,0.0000,1,38,112,76,-36,59.2878,2026-03,2026-03-01,"Retrospective March 2026 snapshot; use revised cost/date only as outcome labels, not predictive features."
294,Indore Water Supply Infrastructure Project,Ministry of Housing & Urban Affairs,702793,-,Madhya Pradesh,12/2016,11/2017,03/2023,05/2026,287.17,287.17,252.5,99.0,68,2026-03-31,https://ipm.mospi.gov.in/Content/PDF/FlashReport_March_2026.pdf,0,0.0000,1,38,111,75,-36,87.9270,2026-03,2026-03-01,"Retrospective March 2026 snapshot; use revised cost/date only as outcome labels, not predictive features."
295,Jabalpur Sewerage Management and Treatment Infrastructure Project,Ministry of Housing & Urban Affairs,702798,-,Madhya Pradesh,10/2018,12/2017,03/2023,06/2026,362.31,362.31,332.05,100.0,68,2026-03-31,https://ipm.mospi.gov.in/Content/PDF/FlashReport_March_2026.pdf,0,0.0000,1,39,89,53,-36,91.6480,2026-03,2026-03-01,"Retrospective March 2026 snapshot; use revised cost/date only as outcome labels, not predictive features."
297,Singrauli Sewerage Management and Treatment Infrastructure Project,Ministry of Housing & Urban Affairs,702810,-,Madhya Pradesh,05/2016,11/2017,03/2023,05/2026,402.01,438.1,357.68,90.0,69,2026-03-31,https://ipm.mospi.gov.in/Content/PDF/FlashReport_March_2026.pdf,1,8.9774,1,38,118,82,-36,88.9729,2026-03,2026-03-01,"Retrospective March 2026 snapshot; use revised cost/date only as outcome labels, not predictive features."
298,Kalyan-Dombivali Water Supply Infrastructure Project,Ministry of Housing & Urban Affairs,702833,-,Maharashtra,07/2016,09/2019,10/2023,06/2026,194.2,194.2,136.56,75.0,69,2026-03-31,https://ipm.mospi.gov.in/Content/PDF/FlashReport_March_2026.pdf,0,0.0000,1,32,116,87,-29,70.3193,2026-03,2026-03-01,"Retrospective March 2026 snapshot; use revised cost/date only as outcome labels, not predictive features."
299,Mira-Bhayandar Water Supply Infrastructure Project,Ministry of Housing & Urban Affairs,702840,-,Maharashtra,11/2016,08/2018,03/2023,05/2026,204.55,204.55,186.13,99.0,69,2026-03-31,https://ipm.mospi.gov.in/Content/PDF/FlashReport_March_2026.pdf,0,0.0000,1,38,112,76,-36,90.9949,2026-03,2026-03-01,"Retrospective March 2026 snapshot; use revised cost/date only as outcome labels, not predictive features."
300,Pune Water Supply Infrastructure Project,Ministry of Housing & Urban Affairs,702851,-,Maharashtra,03/2017,07/2017,03/2023,05/2026,235.95,235.95,220.77,95.0,69,2026-03-31,https://ipm.mospi.gov.in/Content/PDF/FlashReport_March_2026.pdf,0,0.0000,1,38,108,72,-36,93.5664,2026-03,2026-03-01,"Retrospective March 2026 snapshot; use revised cost/date only as outcome labels, not predictive features."
301,Solapur Sewerage Management Infrastructure Project,Ministry of Housing & Urban Affairs,702854,-,Maharashtra,03/2017,04/2018,03/2023,05/2026,180.24,180.24,172.22,98.0,69,2026-03-31,https://ipm.mospi.gov.in/Content/PDF/FlashReport_March_2026.pdf,0,0.0000,1,38,108,72,-36,95.5504,2026-03,2026-03-01,"Retrospective March 2026 snapshot; use revised cost/date only as outcome labels, not predictive features."
302,Jalandhar Water Supply Infrastructure Project,Ministry of Housing & Urban Affairs,703021,-,Punjab,11/2016,08/2020,08/2023,06/2026,258.53,266.64,161.02,58.0,69,2026-03-31,https://ipm.mospi.gov.in/Content/PDF/FlashReport_March_2026.pdf,1,3.1370,1,34,112,81,-31,62.2829,2026-03,2026-03-01,"Retrospective March 2026 snapshot; use revised cost/date only as outcome labels, not predictive features."
303,Patiala Water Supply Infrastructure Part-2 Project,Ministry of Housing & Urban Affairs,703057,-,Punjab,11/2016,08/2020,10/2023,05/2026,287.0,287.0,213.64,99.0,69,2026-03-31,https://ipm.mospi.gov.in/Content/PDF/FlashReport_March_2026.pdf,0,0.0000,1,31,112,83,-29,74.4390,2026-03,2026-03-01,"Retrospective March 2026 snapshot; use revised cost/date only as outcome labels, not predictive features."
304,Jhansi Water Supply Infrastructure Phase-II Project,Ministry of Housing & Urban Affairs,702949,-,Uttar Pradesh,03/2017,06/2019,07/2023,05/2026,561.74,561.74,485.91,93.0,69,2026-03-31,https://ipm.mospi.gov.in/Content/PDF/FlashReport_March_2026.pdf,0,0.0000,1,34,108,76,-32,86.5009,2026-03,2026-03-01,"Retrospective March 2026 snapshot; use revised cost/date only as outcome labels, not predictive features."
305,"Construction Construction of Basement + Ground Floor+ 10 Storeyed building for State of the Art Director General, GSI Building at plot No.GN-40, Sector-V, Salt Lake, Kolkata",Central Public Works Department [CPWD],617280,N10000015,West Bengal,04/2019,02/2020,08/2026,,255.37,255.37,98.92,64.0,69,2026-03-31,https://ipm.mospi.gov.in/Content/PDF/FlashReport_March_2026.pdf,0,0.0000,,,83,88,5,38.7360,2026-03,2026-03-01,"Retrospective March 2026 snapshot; use revised cost/date only as outcome labels, not predictive features."
306,Metals & Mining Expansion of Malanjkhand Copper Project,Hindustan Copper Limited [HCL],400426,-,Madhya Pradesh,09/2011,04/2015,04/2020,04/2026,1856.36,1856.36,962.65,84.48,69,2026-03-31,https://ipm.mospi.gov.in/Content/PDF/FlashReport_March_2026.pdf,0,0.0000,1,72,174,103,-71,51.8569,2026-03,2026-03-01,"Retrospective March 2026 snapshot; use revised cost/date only as outcome labels, not predictive features."
307,Expansion of Alumina Refinery Plant with addition of 5th Stream having capacity enhancement of 1.0 Million Tonee Per Annum,National Aluminium Company Limited [NALCO],400141,N10000010,Odisha,04/2017,04/2017,12/2022,06/2026,4103.0,5677.4,4840.66,92.1,69,2026-03-31,https://ipm.mospi.gov.in/Content/PDF/FlashReport_March_2026.pdf,1,38.3719,1,42,107,68,-39,117.9786,2026-03,2026-03-01,"Retrospective March 2026 snapshot; use revised cost/date only as outcome labels, not predictive features."
308,Pottangi Bauxite Mines Project,National Aluminium Company Limited [NALCO],400299,N10000016,Odisha,05/2018,05/2018,03/2025,05/2026,1381.0,1960.77,770.08,52.0,69,2026-03-31,https://ipm.mospi.gov.in/Content/PDF/FlashReport_March_2026.pdf,1,41.9819,1,14,94,82,-12,55.7625,2026-03,2026-03-01,"Retrospective March 2026 snapshot; use revised cost/date only as outcome labels, not predictive features."
309,SOURCING OF BAUXITE ARRANGEMENT FOR 5TH STREAM ALUMINA REFINERY FROM SOUTH BLOCK MINING LEASE OF PANCHPATMAILI MINES,National Aluminium Company Limited [NALCO],709831,N10000013,Odisha,11/2017,11/2019,05/2025,06/2026,483.0,483.0,446.12,92.05,69,2026-03-31,https://ipm.mospi.gov.in/Content/PDF/FlashReport_March_2026.pdf,0,0.0000,1,13,100,90,-10,92.3644,2026-03,2026-03-01,"Retrospective March 2026 snapshot; use revised cost/date only as outcome labels, not predictive features."
310,25.5 MW WIND POWER PROJECT AT KAYATHAR IN TAMILNADU,National Aluminium Company Limited [NALCO],709832,N10000014,Tamil Nadu,09/2017,12/2017,03/2025,03/2026,166.0,166.0,135.0,66.73,69,2026-03-31,https://ipm.mospi.gov.in/Content/PDF/FlashReport_March_2026.pdf,0,0.0000,1,12,102,90,-12,81.3253,2026-03,2026-03-01,"Retrospective March 2026 snapshot; use revised cost/date only as outcome labels, not predictive features."
311,Education Construction of Permanent Campus of Central Tribal University of Andhra Pradesh Phase-1,Central Tribal University of Andhra Pradesh,613008,-,Andhra Pradesh,09/2019,12/2023,06/2027,,305.0,305.0,63.37,42.0,69,2026-03-31,https://ipm.mospi.gov.in/Content/PDF/FlashReport_March_2026.pdf,0,0.0000,,,78,93,15,20.7770,2026-03,2026-03-01,"Retrospective March 2026 snapshot; use revised cost/date only as outcome labels, not predictive features."
312,Construction of Permanent Campus of National Institute of Technology Arunachal Pradesh,"National Institute of Technology, Arunachal Pradesh",612898,-,Pradesh,09/2009,03/2013,08/2026,08/2024,592.61,592.61,551.3,80.0,69,2026-03-31,https://ipm.mospi.gov.in/Content/PDF/FlashReport_March_2026.pdf,0,0.0000,0,-24,198,203,5,93.0291,2026-03,2026-03-01,"Retrospective March 2026 snapshot; use revised cost/date only as outcome labels, not predictive features."
313,Tezpur University Projects,Tezpur University,606112,-,Assam,05/2019,06/2021,11/2023,12/2025,153.71,153.71,137.84,97.6,69,2026-03-31,https://ipm.mospi.gov.in/Content/PDF/FlashReport_March_2026.pdf,0,0.0000,1,25,82,54,-28,89.6754,2026-03,2026-03-01,"Retrospective March 2026 snapshot; use revised cost/date only as outcome labels, not predictive features."
314,Additional Campus of NITPatna,NIT Patna,606013,-,Bihar,07/2022,08/2022,07/2024,01/2026,499.21,499.21,449.39,98.2,69,2026-03-31,https://ipm.mospi.gov.in/Content/PDF/FlashReport_March_2026.pdf,0,0.0000,1,18,44,24,-20,90.0202,2026-03,2026-03-01,"Retrospective March 2026 snapshot; use revised cost/date only as outcome labels, not predictive features."
315,Phase B Construction of Permanent Campus of IIT Bhilai,"Indian Institute of Technology, Bhilai",617877,,Chhattisgarh,05/2025,01/2026,10/2028,,1188.97,1188.97,0.0,0.0,69,2026-03-31,https://ipm.mospi.gov.in/Content/PDF/FlashReport_March_2026.pdf,0,0.0000,,,10,41,31,0.0000,2026-03,2026-03-01,"Retrospective March 2026 snapshot; use revised cost/date only as outcome labels, not predictive features."
316,"Residence and External Development works at National Institute of Technology, Delhi Campus on Engineering, Procurement and Construction basis",National Institute of Technology Delhi,612851,-,Delhi,09/2009,11/2022,09/2025,01/2026,333.49,336.42,321.76,99.5,70,2026-03-31,https://ipm.mospi.gov.in/Content/PDF/FlashReport_March_2026.pdf,1,0.8786,1,4,198,192,-6,96.4827,2026-03,2026-03-01,"Retrospective March 2026 snapshot; use revised cost/date only as outcome labels, not predictive features."
317,Delhi University Eastern Campus at Surajmal Vihar,Delhi University,616886,-,Delhi,09/2024,03/2025,10/2026,,373.0,373.0,27.63,10.0,70,2026-03-31,https://ipm.mospi.gov.in/Content/PDF/FlashReport_March_2026.pdf,0,0.0000,,,18,25,7,7.4075,2026-03,2026-03-01,"Retrospective March 2026 snapshot; use revised cost/date only as outcome labels, not predictive features."
318,"Construction of permanent campus of Central University of Gujarat at Village kundhela, Dist. Vadodara, Gujarat.",Central University of Gujarat,612916,-,Gujarat,12/2020,02/2021,03/2025,03/2026,490.63,490.63,329.53,84.0,70,2026-03-31,https://ipm.mospi.gov.in/Content/PDF/FlashReport_March_2026.pdf,0,0.0000,1,12,63,51,-12,67.1647,2026-03,2026-03-01,"Retrospective March 2026 snapshot; use revised cost/date only as outcome labels, not predictive features."
319,Establishment of Permanent campus Phase 1 of IIM Sirmaur,"Indian Institute of Management, Sirmaur",602099,N42000008,Pradesh,09/2018,08/2020,10/2023,04/2026,392.51,454.78,335.33,97.1,70,2026-03-31,https://ipm.mospi.gov.in/Content/PDF/FlashReport_March_2026.pdf,1,15.8646,1,30,90,61,-29,85.4322,2026-03,2026-03-01,"Retrospective March 2026 snapshot; use revised cost/date only as outcome labels, not predictive features."
320,Hostel blocks & dining hall block,"Indian Institute of Technology, Mandi",612128,-,Pradesh,03/2023,03/2024,03/2026,07/2026,166.66,166.66,122.26,81.0,70,2026-03-31,https://ipm.mospi.gov.in/Content/PDF/FlashReport_March_2026.pdf,0,0.0000,1,4,36,36,0,73.3589,2026-03,2026-03-01,"Retrospective March 2026 snapshot; use revised cost/date only as outcome labels, not predictive features."
321,"Construction of Permanent Campus of Central University of Himachal Pradesh at Dehra, District - Kangra, [H.P.] on Engineering. Procurement and Construction [EPC Mode 1] Basis. Himachal","Central University, Himachal Pradesh",612894,N42000011,Pradesh,03/2021,08/2022,11/2024,03/2026,251.98,300.45,223.21,85.0,70,2026-03-31,https://ipm.mospi.gov.in/Content/PDF/FlashReport_March_2026.pdf,1,19.2357,1,16,60,44,-16,88.5824,2026-03,2026-03-01,"Retrospective March 2026 snapshot; use revised cost/date only as outcome labels, not predictive features."
322,"Construction of Permanent Campus for IIM Jammu Phase-1 at Jagti, Nagrota, Jammu, J&K","Indian Institute of Management, Jammu",602098,N28000130,Jammu and Kashmir,03/2019,10/2020,06/2023,11/2025,424.93,500.91,484.52,96.0,70,2026-03-31,https://ipm.mospi.gov.in/Content/PDF/FlashReport_March_2026.pdf,1,17.8806,1,29,84,51,-33,114.0235,2026-03,2026-03-01,"Retrospective March 2026 snapshot; use revised cost/date only as outcome labels, not predictive features."
323,CONSTRUCTION OF PERMANENT CAMPUS FOR IIT PALAKKAD UNDER PHASE 1A,INDIAN INSTITUTE OF TECHNOLOGY PALAKKAD,606431,N28000140,Kerala,07/2017,03/2020,06/2022,06/2026,1006.45,1217.4,672.46,85.0,70,2026-03-31,https://ipm.mospi.gov.in/Content/PDF/FlashReport_March_2026.pdf,1,20.9598,1,48,104,59,-45,66.8150,2026-03,2026-03-01,"Retrospective March 2026 snapshot; use revised cost/date only as outcome labels, not predictive features."
324,Phase B of Construction of Permanent Campus of IIT Palakkad,INDIAN INSTITUTE OF TECHNOLOGY PALAKKAD,617878,-,Kerala,05/2025,01/2026,10/2028,,1527.0,1527.0,9.8,0.0,70,2026-03-31,https://ipm.mospi.gov.in/Content/PDF/FlashReport_March_2026.pdf,0,0.0000,,,10,41,31,0.6418,2026-03,2026-03-01,"Retrospective March 2026 snapshot; use revised cost/date only as outcome labels, not predictive features."
325,"Phase III A works at IIT Indore [03 Hostels, 01 Studio Apartment, 01 Housing, Heavy & Sophisticated lab complex, Academic POD and Infrastructure for center of excellence]","Indian Institute of Technology, Indore",611957,-,Madhya Pradesh,12/2023,04/2024,02/2027,,496.28,496.28,78.35,57.0,70,2026-03-31,https://ipm.mospi.gov.in/Content/PDF/FlashReport_March_2026.pdf,0,0.0000,,,27,38,11,15.7875,2026-03,2026-03-01,"Retrospective March 2026 snapshot; use revised cost/date only as outcome labels, not predictive features."
326,Construction and Developement of National Institute of Technology Meghalaya Permanent Campus at Sohra,"National Institute of Technology, Meghalaya",612885,N42000001,Meghalaya,09/2009,09/2014,03/2022,10/2026,494.52,429.7,367.48,94.0,70,2026-03-31,https://ipm.mospi.gov.in/Content/PDF/FlashReport_March_2026.pdf,0,-13.1077,1,55,198,150,-48,74.3104,2026-03,2026-03-01,"Retrospective March 2026 snapshot; use revised cost/date only as outcome labels, not predictive features."
327,"Construction of Permanent Campus for NIT Mizoram at Lengpui, Aizawl",NIT Mizoram,612876,-,Mizoram,09/2009,06/2014,12/2029,03/2022,474.23,474.23,167.55,4.0,70,2026-03-31,https://ipm.mospi.gov.in/Content/PDF/FlashReport_March_2026.pdf,0,0.0000,0,-93,198,243,45,35.3310,2026-03,2026-03-01,"Retrospective March 2026 snapshot; use revised cost/date only as outcome labels, not predictive features."
328,Establishment of NIT Nagaland,NIT Nagaland,613013,-,Nagaland,09/2009,12/2014,12/2025,,275.63,275.63,262.53,98.0,70,2026-03-31,https://ipm.mospi.gov.in/Content/PDF/FlashReport_March_2026.pdf,0,0.0000,,,198,195,-3,95.2473,2026-03,2026-03-01,"Retrospective March 2026 snapshot; use revised cost/date only as outcome labels, not predictive features."
329,IISER BERHAMPUR,"Indian Institutes of Science Education and Research, Behrampur",610315,N28000126,Odisha,10/2018,09/2019,03/2021,06/2026,1229.32,843.09,874.09,98.0,70,2026-03-31,https://ipm.mospi.gov.in/Content/PDF/FlashReport_March_2026.pdf,0,-31.4182,1,63,89,29,-60,71.1035,2026-03,2026-03-01,"Retrospective March 2026 snapshot; use revised cost/date only as outcome labels, not predictive features."
330,"1000 seater Boys hostel, 500 seater Girls hostel, 1.5 MLD Sewage Treatment Plant and Faculty Residence - 72 nos. Flats",NIT Rourkela,619033,-,Odisha,09/2023,01/2024,06/2026,,198.97,198.97,42.55,40.0,70,2026-03-31,https://ipm.mospi.gov.in/Content/PDF/FlashReport_March_2026.pdf,0,0.0000,,,30,33,3,21.3851,2026-03,2026-03-01,"Retrospective March 2026 snapshot; use revised cost/date only as outcome labels, not predictive features."
331,Establishment of NIT Puducherry Permanent Campus [Phase-I and Phase-II],"National Institute of Technology, Puducherry",612877,-,Puducherry,09/2009,07/2013,12/2024,05/2026,618.34,544.34,543.74,98.5,70,2026-03-31,https://ipm.mospi.gov.in/Content/PDF/FlashReport_March_2026.pdf,0,-11.9675,1,17,198,183,-15,87.9354,2026-03,2026-03-01,"Retrospective March 2026 snapshot; use revised cost/date only as outcome labels, not predictive features."
332,"Construction of Permanent Campus of Indian Institute of Management [IIM] Amritsar, Punjab, Phase-I","Indian intitue of Management, Amritsar",605292,N28000142,Punjab,10/2019,07/2020,06/2023,09/2026,348.31,348.31,292.88,91.7,70,2026-03-31,https://ipm.mospi.gov.in/Content/PDF/FlashReport_March_2026.pdf,0,0.0000,1,39,77,44,-33,84.0860,2026-03,2026-03-01,"Retrospective March 2026 snapshot; use revised cost/date only as outcome labels, not predictive features."
333,"Construction of Girls Hostel 400 seater, Boys Hostel 600 seater, Academic Block, International Hostel 100 seater, VC Residence and Purchase of Equipment",Central University of Punjab,617221,-,Punjab,08/2024,04/2025,10/2027,,210.99,210.99,91.95,41.0,70,2026-03-31,https://ipm.mospi.gov.in/Content/PDF/FlashReport_March_2026.pdf,0,0.0000,,,19,38,19,43.5803,2026-03,2026-03-01,"Retrospective March 2026 snapshot; use revised cost/date only as outcome labels, not predictive features."
334,"Construction of Sikkim University Campus Phase-I Package-II at Yangang, South Sikkim",Sikkim University,609736,N44000002,Sikkim,08/2020,01/2022,01/2025,03/2026,314.06,314.06,292.0,93.0,70,2026-03-31,https://ipm.mospi.gov.in/Content/PDF/FlashReport_March_2026.pdf,0,0.0000,1,14,67,53,-14,92.9759,2026-03,2026-03-01,"Retrospective March 2026 snapshot; use revised cost/date only as outcome labels, not predictive features."
335,Establishment of Permanent Campus of NIT SIkkim at Khamdong-Gangtok District,NIT Sikkim,612883,,Sikkim,02/2024,03/2024,02/2028,12/2026,685.76,610.76,283.56,34.0,70,2026-03-31,https://ipm.mospi.gov.in/Content/PDF/FlashReport_March_2026.pdf,0,-10.9368,0,-14,25,48,23,41.3497,2026-03,2026-03-01,"Retrospective March 2026 snapshot; use revised cost/date only as outcome labels, not predictive features."
337,Banaras Hindu University [ Kayakalp of Institute of Medical Sciences],Banaras Hindu University,606479,-,Uttar Pradesh,06/2020,06/2020,09/2022,03/2026,246.0,246.0,207.02,99.0,71,2026-03-31,https://ipm.mospi.gov.in/Content/PDF/FlashReport_March_2026.pdf,0,0.0000,1,42,69,27,-42,84.1545,2026-03,2026-03-01,"Retrospective March 2026 snapshot; use revised cost/date only as outcome labels, not predictive features."
338,"Construction & Development of Infrastructural Facilities in the main campus of NIT Uttarakhand at Sumari, Pauri Garhwal",National Institute of Technology Uttarakhand,611963,-,Uttarakhand,06/2020,04/2024,09/2027,,650.85,650.85,355.83,54.0,71,2026-03-31,https://ipm.mospi.gov.in/Content/PDF/FlashReport_March_2026.pdf,0,0.0000,,,69,87,18,54.6716,2026-03,2026-03-01,"Retrospective March 2026 snapshot; use revised cost/date only as outcome labels, not predictive features."
339,"HEFA projects on development of student hostels, playgrounds, departmental buildings, class room complex and other campus facilities in IIT Kharagpur","Indian Institute of Technology, Kharagpur",609019,N28000146,West Bengal,06/2018,04/2019,03/2023,03/2026,500.0,442.0,411.4,95.8,71,2026-03-31,https://ipm.mospi.gov.in/Content/PDF/FlashReport_March_2026.pdf,0,-11.6000,1,36,93,57,-36,82.2800,2026-03,2026-03-01,"Retrospective March 2026 snapshot; use revised cost/date only as outcome labels, not predictive features."
340,"Education National Sports University [NSU], Imphal [Manipur]",Department of Sports & Youth Affairs,400081,-,Manipur,NA,01/2022,08/2024,08/2026,906.47,611.74,571.72,96.5,71,2026-03-31,https://ipm.mospi.gov.in/Content/PDF/FlashReport_March_2026.pdf,0,-32.5140,1,24,,,-19,63.0710,2026-03,2026-03-01,"Retrospective March 2026 snapshot; use revised cost/date only as outcome labels, not predictive features."
341,"Energy Storage Construction of LPG Facilities at Kamardanga, Assam",Hindustan Petroleum Corporation Limited,709754,N16000484,Assam,03/2023,03/2023,07/2027,07/2027,156.36,156.36,95.86,70.6,71,2026-03-31,https://ipm.mospi.gov.in/Content/PDF/FlashReport_March_2026.pdf,0,0.0000,0,0,36,52,16,61.3072,2026-03,2026-03-01,"Retrospective March 2026 snapshot; use revised cost/date only as outcome labels, not predictive features."
342,"Setting up of new rail fed POL facility at Kamardanga, Assam",Hindustan Petroleum Corporation Limited [HPCL],709755,N16000494,Assam,03/2023,03/2023,07/2027,07/2027,384.04,384.04,212.07,80.1,71,2026-03-31,https://ipm.mospi.gov.in/Content/PDF/FlashReport_March_2026.pdf,0,0.0000,0,0,36,52,16,55.2208,2026-03,2026-03-01,"Retrospective March 2026 snapshot; use revised cost/date only as outcome labels, not predictive features."
343,Capacity Augmentation of Kandla LPG Import Terminal [KLIT] from 0.6 MMTPA to 2.5 MMTPA,Ministry of Petroleum & Natural Gas,617839,-,Gujarat,05/2023,05/2023,07/2026,07/2026,356.86,304.4,63.42,65.0,71,2026-03-31,https://ipm.mospi.gov.in/Content/PDF/FlashReport_March_2026.pdf,0,-14.7004,0,0,34,38,4,17.7717,2026-03,2026-03-01,"Retrospective March 2026 snapshot; use revised cost/date only as outcome labels, not predictive features."
344,"Andheri Residential Towers, Mumbai",Ministry of Petroleum & Natural Gas,604833,N16000503,Maharashtra,06/2017,06/2017,05/2025,06/2026,281.35,389.67,265.21,79.0,71,2026-03-31,https://ipm.mospi.gov.in/Content/PDF/FlashReport_March_2026.pdf,1,38.5001,1,13,105,95,-10,94.2634,2026-03,2026-03-01,"Retrospective March 2026 snapshot; use revised cost/date only as outcome labels, not predictive features."
345,LPG Bottling Plant at Mualkhang,Ministry of Petroleum & Natural Gas,617829,-,Mizoram,07/2024,07/2024,10/2028,11/2027,225.71,225.71,19.82,31.0,71,2026-03-31,https://ipm.mospi.gov.in/Content/PDF/FlashReport_March_2026.pdf,0,0.0000,0,-11,20,51,31,8.7812,2026-03,2026-03-01,"Retrospective March 2026 snapshot; use revised cost/date only as outcome labels, not predictive features."
346,Srikakulam Angul Gas Pipeline Project,Ministry of Petroleum & Natural Gas,701343,N16000388,"Multi-States Pradesh, Odisha)",09/2019,09/2019,07/2022,06/2026,2658.34,2810.0,2310.2,97.2,71,2026-03-31,https://ipm.mospi.gov.in/Content/PDF/FlashReport_March_2026.pdf,1,5.7051,1,47,78,34,-44,86.9039,2026-03,2026-03-01,"Retrospective March 2026 snapshot; use revised cost/date only as outcome labels, not predictive features."
347,Paradip-Numaligarh Crude Oil Pipeline [PNCPL] & Crude Oil Import Terminal [COIT] at Paradip,Ministry of Petroleum & Natural Gas,701349,N16000394,"Multi-States (Assam, Bihar, Jharkhand, Odisha, West Bengal)",01/2019,01/2019,07/2024,10/2026,10228.0,10771.24,,92.1,71,2026-03-31,https://ipm.mospi.gov.in/Content/PDF/FlashReport_March_2026.pdf,1,5.3113,1,27,86,66,-20,,2026-03,2026-03-01,"Retrospective March 2026 snapshot; use revised cost/date only as outcome labels, not predictive features."
348,New Mundra Panipat Crude Oil Pipeline,Ministry of Petroleum & Natural Gas,400078,N16000435,"Multi-States Haryana, Rajasthan)",12/2021,12/2021,12/2024,06/2026,9028.0,9028.0,7132.48,90.8,71,2026-03-31,https://ipm.mospi.gov.in/Content/PDF/FlashReport_March_2026.pdf,0,0.0000,1,18,51,36,-15,79.0040,2026-03,2026-03-01,"Retrospective March 2026 snapshot; use revised cost/date only as outcome labels, not predictive features."
349,Kandla Gorakhpur LPG Pipeline,Ministry of Petroleum & Natural Gas,400012,-,"Multi-States (Gujarat, Madhya Pradesh, Uttar Pradesh)",12/2018,12/2018,12/2021,06/2026,10088.0,10088.0,8213.84,94.9,71,2026-03-31,https://ipm.mospi.gov.in/Content/PDF/FlashReport_March_2026.pdf,0,0.0000,1,54,87,36,-51,81.4219,2026-03,2026-03-01,"Retrospective March 2026 snapshot; use revised cost/date only as outcome labels, not predictive features."
350,Multi Product Pipeline from Irugur to Devangonthi,"Department of Water Resources, River Development & GR",400301,N16000234,Multi-States Tamil Nadu),11/2012,11/2012,02/2017,09/2026,678.0,1732.0,1087.93,81.6,71,2026-03-31,https://ipm.mospi.gov.in/Content/PDF/FlashReport_March_2026.pdf,1,155.4572,1,115,160,51,-109,160.4617,2026-03,2026-03-01,"Retrospective March 2026 snapshot; use revised cost/date only as outcome labels, not predictive features."
351,Rajasthan Refinery Project,MinistryofPetroleumNaturalGas,701263,N16000513,Rajasthan,10/2017,10/2017,10/2022,06/2026,43129.0,68837.69,,91.6,71,2026-03-31,https://ipm.mospi.gov.in/Content/PDF/FlashReport_March_2026.pdf,1,59.6088,1,44,101,60,-41,,2026-03,2026-03-01,"Retrospective March 2026 snapshot; use revised cost/date only as outcome labels, not predictive features."
352,"Petrochemical evacuation marketing terminal at Barmer, Rajasthan",Hindustan Petroleum Corporation Limited [HPCL],709759,N16000512,Rajasthan,12/2023,12/2023,12/2026,12/2026,461.05,461.05,216.91,86.1,71,2026-03-31,https://ipm.mospi.gov.in/Content/PDF/FlashReport_March_2026.pdf,0,0.0000,0,0,27,36,9,47.0470,2026-03,2026-03-01,"Retrospective March 2026 snapshot; use revised cost/date only as outcome labels, not predictive features."
353,Laying of POL Pipelines in Common Corridor for proposed grass root terminal at Vallur [Chennai],Ministry of Petroleum & Natural Gas,400043,N16000455,Tamil Nadu,01/2022,01/2022,05/2026,05/2026,829.0,829.0,350.21,75.3,71,2026-03-31,https://ipm.mospi.gov.in/Content/PDF/FlashReport_March_2026.pdf,0,0.0000,0,0,50,52,2,42.2449,2026-03,2026-03-01,"Retrospective March 2026 snapshot; use revised cost/date only as outcome labels, not predictive features."
354,"Grass Root Rail-fed Depot at Sekerkote, Agartala as resitement of existing Dharmanagar Depot",Indian Oil Corporation Limited [IOCL],400035,N16000495,Tripura,06/2022,06/2022,09/2025,06/2026,656.0,656.0,537.17,96.6,71,2026-03-31,https://ipm.mospi.gov.in/Content/PDF/FlashReport_March_2026.pdf,0,0.0000,1,9,45,39,-6,81.8857,2026-03,2026-03-01,"Retrospective March 2026 snapshot; use revised cost/date only as outcome labels, not predictive features."
355,"Grass-root Terminal at Mirzapur, Uttar Pradesh",Ministry of Petroleum & Natural Gas,604852,N16000506,Uttar Pradesh,09/2022,09/2022,11/2026,11/2026,980.45,980.45,289.03,75.0,71,2026-03-31,https://ipm.mospi.gov.in/Content/PDF/FlashReport_March_2026.pdf,0,0.0000,0,0,42,50,8,29.4793,2026-03,2026-03-01,"Retrospective March 2026 snapshot; use revised cost/date only as outcome labels, not predictive features."
356,KG-DWN-98/2 Cluster - II Development Project - NELP Block,Oil and Natural Gas Corporation Limited [ONGC],400120,N16000247,Andhra Pradesh,03/2016,03/2016,06/2020,06/2026,34012.0,32994.92,,96.5,72,2026-03-31,https://ipm.mospi.gov.in/Content/PDF/FlashReport_March_2026.pdf,0,-2.9904,1,72,120,51,-69,,2026-03,2026-03-01,"Retrospective March 2026 snapshot; use revised cost/date only as outcome labels, not predictive features."
357,Provision of four bitumen tanks with capacity of 5 TMT each at Visakh Refinery,Ministry of Petroleum and Natural Gas,619226,-,Andhra Pradesh,09/2025,09/2025,03/2028,,258.34,258.34,1.54,8.9,72,2026-03-31,https://ipm.mospi.gov.in/Content/PDF/FlashReport_March_2026.pdf,0,0.0000,,,6,30,24,0.5961,2026-03,2026-03-01,"Retrospective March 2026 snapshot; use revised cost/date only as outcome labels, not predictive features."
358,HP-COAT [Crude to Olefins and Aromatics Technology] demo unit at Visakh Refinery,Hindustan Petroleum Corporation Limited,709752,N16000432,Andhra Pradesh,09/2021,09/2021,06/2024,02/2027,160.0,220.0,132.39,91.1,72,2026-03-31,https://ipm.mospi.gov.in/Content/PDF/FlashReport_March_2026.pdf,1,37.5000,1,32,54,33,-21,82.7437,2026-03,2026-03-01,"Retrospective March 2026 snapshot; use revised cost/date only as outcome labels, not predictive features."
359,Numaligarh Refinery Expansion Project,Ministry of Petroleum & Natural Gas,604791,N16000379,Assam,07/2020,07/2020,07/2024,03/2027,12366.0,19417.97,,84.0,72,2026-03-31,https://ipm.mospi.gov.in/Content/PDF/FlashReport_March_2026.pdf,1,57.0271,1,32,68,48,-20,,2026-03,2026-03-01,"Retrospective March 2026 snapshot; use revised cost/date only as outcome labels, not predictive features."
360,Development of Surface Facilities for production and evacuation of Crude Oil and Natural Gas from Nadua and East Khagorija,Ministry of Petroleum & Natural Gas,604863,N16000331,Assam,01/2018,01/2018,02/2020,06/2026,682.9,726.93,597.74,94.3,72,2026-03-31,https://ipm.mospi.gov.in/Content/PDF/FlashReport_March_2026.pdf,1,6.4475,1,76,98,25,-73,87.5297,2026-03,2026-03-01,"Retrospective March 2026 snapshot; use revised cost/date only as outcome labels, not predictive features."
361,"Guwahati Refinery Expansion [1.0 to 1.2 MMTPA] along with installation of CRU, Guwahati Refinery",Ministry of Petroleum & Natural Gas,607701,N16000414,Assam,05/2021,05/2021,10/2023,05/2026,412.3,577.0,462.41,94.7,72,2026-03-31,https://ipm.mospi.gov.in/Content/PDF/FlashReport_March_2026.pdf,1,39.9466,1,31,58,29,-29,112.1538,2026-03,2026-03-01,"Retrospective March 2026 snapshot; use revised cost/date only as outcome labels, not predictive features."
362,"Construction of Field Gas Gathering Station at Baghjan area for collection, processing & transportation of natural Gas to be produced from Baghjan Field",Ministry of Petroleum & Natural Gas,616858,N16000450,Assam,12/2020,12/2020,03/2024,06/2026,430.76,430.76,346.88,91.6,72,2026-03-31,https://ipm.mospi.gov.in/Content/PDF/FlashReport_March_2026.pdf,0,0.0000,1,27,63,39,-24,80.5274,2026-03,2026-03-01,"Retrospective March 2026 snapshot; use revised cost/date only as outcome labels, not predictive features."
363,Coke Drum Structure Package,Ministry of Petroleum & Natural Gas,617836,-,Assam,12/2022,12/2022,12/2025,09/2026,635.28,635.28,412.7,56.5,72,2026-03-31,https://ipm.mospi.gov.in/Content/PDF/FlashReport_March_2026.pdf,0,0.0000,1,9,39,36,-3,64.9635,2026-03,2026-03-01,"Retrospective March 2026 snapshot; use revised cost/date only as outcome labels, not predictive features."
364,Augmentation/Revamping of Facilities at existing Guwahati Terminal at Betkuchi,MinistryofPetroleumNaturalGas,709776,N16000441,Assam,04/2022,04/2022,09/2026,09/2026,277.0,323.09,226.36,80.8,72,2026-03-31,https://ipm.mospi.gov.in/Content/PDF/FlashReport_March_2026.pdf,1,16.6390,0,0,47,53,6,81.7184,2026-03,2026-03-01,"Retrospective March 2026 snapshot; use revised cost/date only as outcome labels, not predictive features."
365,Capacity Expansion of Digboi Refinery from 0.65 to 1.0 MMTPA,MinistryofPetroleumNaturalGas,709779,N16000457,Assam,06/2022,06/2022,03/2026,07/2027,768.0,740.0,180.91,54.1,72,2026-03-31,https://ipm.mospi.gov.in/Content/PDF/FlashReport_March_2026.pdf,0,-3.6458,1,16,45,45,0,23.5560,2026-03,2026-03-01,"Retrospective March 2026 snapshot; use revised cost/date only as outcome labels, not predictive features."
366,Pipeline Network Project Rudrasagar,Ministry of Petroleum & Natural Gas,709847,N16000528,Assam,01/2023,01/2023,04/2026,04/2027,481.03,481.03,230.22,52.5,72,2026-03-31,https://ipm.mospi.gov.in/Content/PDF/FlashReport_March_2026.pdf,0,0.0000,1,12,38,39,1,47.8598,2026-03,2026-03-01,"Retrospective March 2026 snapshot; use revised cost/date only as outcome labels, not predictive features."
367,Borholla GGS Life Extension Project [BLEP],Ministry of Petroleum & Natural Gas,709850,N16000532,Assam,09/2023,09/2023,05/2026,09/2026,198.7,198.7,90.21,54.8,72,2026-03-31,https://ipm.mospi.gov.in/Content/PDF/FlashReport_March_2026.pdf,0,0.0000,1,4,30,32,2,45.4001,2026-03,2026-03-01,"Retrospective March 2026 snapshot; use revised cost/date only as outcome labels, not predictive features."
368,DCU Revamp Project,NRL,709864,N16000511,Assam,08/2021,08/2021,07/2024,10/2026,370.0,370.0,280.44,73.4,72,2026-03-31,https://ipm.mospi.gov.in/Content/PDF/FlashReport_March_2026.pdf,0,0.0000,1,27,55,35,-20,75.7946,2026-03,2026-03-01,"Retrospective March 2026 snapshot; use revised cost/date only as outcome labels, not predictive features."
369,Power Recovery Turbine [PRT] in PFCCU unit as an Energy Conservation Scheme,NRL,709865,N16000510,Assam,04/2023,04/2023,12/2024,09/2026,293.5,293.5,97.24,99.0,72,2026-03-31,https://ipm.mospi.gov.in/Content/PDF/FlashReport_March_2026.pdf,0,0.0000,1,21,35,20,-15,33.1312,2026-03,2026-03-01,"Retrospective March 2026 snapshot; use revised cost/date only as outcome labels, not predictive features."
370,"Setting up of LPG Plant with Rail Unloading Facility at Hathua, Dist. Gopalganj, Bihar",MinistryofPetroleumNaturalGas,617304,-,Bihar,10/2023,10/2023,03/2027,03/2027,340.15,340.15,162.23,48.0,72,2026-03-31,https://ipm.mospi.gov.in/Content/PDF/FlashReport_March_2026.pdf,0,0.0000,0,0,29,41,12,47.6937,2026-03,2026-03-01,"Retrospective March 2026 snapshot; use revised cost/date only as outcome labels, not predictive features."
371,Barauni Refinery Capacity Expansion from 6.0 to 9.0 MMTPA,Ministry of Petroleum & Natural Gas,701324,N16000386,Bihar,01/2020,01/2020,04/2023,08/2026,14810.0,16724.0,12666.9,90.5,72,2026-03-31,https://ipm.mospi.gov.in/Content/PDF/FlashReport_March_2026.pdf,1,12.9237,1,40,74,39,-35,85.5294,2026-03,2026-03-01,"Retrospective March 2026 snapshot; use revised cost/date only as outcome labels, not predictive features."
372,Installation of Bitumen Manufacturing Unit along with allied facilities at Barauni Refinery,MinistryofPetroleumNaturalGas,709777,N16000453,Bihar,01/2022,01/2022,04/2025,10/2026,389.35,340.0,111.81,58.4,72,2026-03-31,https://ipm.mospi.gov.in/Content/PDF/FlashReport_March_2026.pdf,0,-12.6750,1,18,50,39,-11,28.7171,2026-03,2026-03-01,"Retrospective March 2026 snapshot; use revised cost/date only as outcome labels, not predictive features."
373,"City Gas Distribution Projects at Darbhanga, Madhubani, Supaul, Sitamarhi and Sheohar districts",Bharat Petroleum Corporation Limited [BPCL],709792,N16000524,Bihar,12/2022,12/2022,03/2030,03/2030,3638.0,3638.0,465.62,33.2,72,2026-03-31,https://ipm.mospi.gov.in/Content/PDF/FlashReport_March_2026.pdf,0,0.0000,0,0,39,87,48,12.7988,2026-03,2026-03-01,"Retrospective March 2026 snapshot; use revised cost/date only as outcome labels, not predictive features."
374,"City Gas Distribution Projects at Gopalganj, Siwan, West Champaran, East Champaran and Deoria districts",Bharat Petroleum Corporation Limited [BPCL],709793,N16000523,Bihar,12/2022,12/2022,06/2030,06/2030,3919.0,3919.0,503.73,30.0,72,2026-03-31,https://ipm.mospi.gov.in/Content/PDF/FlashReport_March_2026.pdf,0,0.0000,0,0,39,90,51,12.8535,2026-03,2026-03-01,"Retrospective March 2026 snapshot; use revised cost/date only as outcome labels, not predictive features."
375,"City Gas Distribution [CGD] Project in Kondagaon, Bastar, Sukma, Narayanpur, Bijapur & Dantewada GA",Ministry of Petroleum & Natural Gas,617819,-,Chhattisgarh,06/2022,06/2022,06/2030,06/2030,557.04,557.04,7.8,2.2,72,2026-03-31,https://ipm.mospi.gov.in/Content/PDF/FlashReport_March_2026.pdf,0,0.0000,0,0,45,96,51,1.4003,2026-03,2026-03-01,"Retrospective March 2026 snapshot; use revised cost/date only as outcome labels, not predictive features."
376,Redevelopment of Sobhasan Complex,Oil and Natural Gas Corporation Limited [ONGC],400087,N16000431,Gujarat,08/2021,08/2021,03/2027,03/2027,885.63,1347.61,944.4,86.7,72,2026-03-31,https://ipm.mospi.gov.in/Content/PDF/FlashReport_March_2026.pdf,1,52.1640,0,0,55,67,12,106.6360,2026-03,2026-03-01,"Retrospective March 2026 snapshot; use revised cost/date only as outcome labels, not predictive features."
378,Redevelopment of Linch Field,Oil and Natural Gas Corporation Limited [ONGC],400169,N16000428,Gujarat,04/2021,04/2021,03/2025,07/2026,631.03,860.04,603.43,89.8,73,2026-03-31,https://ipm.mospi.gov.in/Content/PDF/FlashReport_March_2026.pdf,1,36.2915,1,16,59,47,-12,95.6262,2026-03,2026-03-01,"Retrospective March 2026 snapshot; use revised cost/date only as outcome labels, not predictive features."
379,Petrochemical and Lube Integration Project at Gujarat Refinery,Ministry of Petroleum & Natural Gas,701329,N16000409,Gujarat,09/2020,09/2020,08/2024,06/2026,18936.0,13474.58,,87.8,73,2026-03-31,https://ipm.mospi.gov.in/Content/PDF/FlashReport_March_2026.pdf,0,-28.8415,1,22,66,47,-19,,2026-03,2026-03-01,"Retrospective March 2026 snapshot; use revised cost/date only as outcome labels, not predictive features."
380,Installation of new Biturox Unit along with allied facilities at Gujarat Refinery,MinistryofPetroleumNaturalGas,709778,N16000454,Gujarat,01/2022,01/2022,08/2025,12/2026,328.29,344.36,188.4,82.1,73,2026-03-31,https://ipm.mospi.gov.in/Content/PDF/FlashReport_March_2026.pdf,1,4.8951,1,16,50,43,-7,57.3883,2026-03,2026-03-01,"Retrospective March 2026 snapshot; use revised cost/date only as outcome labels, not predictive features."
381,Commercial Polymer Flooding Project in Bechraji field,Oil and Natural Gas Corporation Limited [ONGC],709838,N16000444,Gujarat,01/2022,01/2022,11/2024,05/2027,621.4,739.02,191.64,35.7,73,2026-03-31,https://ipm.mospi.gov.in/Content/PDF/FlashReport_March_2026.pdf,1,18.9282,1,30,50,34,-16,30.8400,2026-03,2026-03-01,"Retrospective March 2026 snapshot; use revised cost/date only as outcome labels, not predictive features."
382,"Restoration of Gas Terminal, Phase-I [Part-A], Hazira",Oil and Natural Gas Corporation Limited [ONGC],709840,N16000477,Gujarat,05/2022,05/2022,02/2025,04/2026,249.43,249.43,210.5,96.9,73,2026-03-31,https://ipm.mospi.gov.in/Content/PDF/FlashReport_March_2026.pdf,0,0.0000,1,14,46,33,-13,84.3924,2026-03,2026-03-01,"Retrospective March 2026 snapshot; use revised cost/date only as outcome labels, not predictive features."
383,Old Pipe Line Replacement [OPRP] Group-A,Oil and Natural Gas Corporation Limited [ONGC],709841,N16000483,Gujarat,07/2021,07/2021,07/2025,07/2026,173.03,169.84,160.52,93.4,73,2026-03-31,https://ipm.mospi.gov.in/Content/PDF/FlashReport_March_2026.pdf,0,-1.8436,1,12,56,48,-8,92.7700,2026-03,2026-03-01,"Retrospective March 2026 snapshot; use revised cost/date only as outcome labels, not predictive features."
384,"Kalol Redevelopment Project, Ahmedabad Asset",Oil and Natural Gas Corporation Limited [ONGC],709842,N16000481,Gujarat,08/2022,08/2022,03/2027,03/2027,1487.41,1487.41,940.5,63.0,73,2026-03-31,https://ipm.mospi.gov.in/Content/PDF/FlashReport_March_2026.pdf,0,0.0000,0,0,43,55,12,63.2307,2026-03,2026-03-01,"Retrospective March 2026 snapshot; use revised cost/date only as outcome labels, not predictive features."
385,"Revamping of SV Stations, Gas Terminal & Kribhco Terminal",Oil and Natural Gas Corporation Limited [ONGC],709845,N16000514,Gujarat,11/2022,11/2022,08/2026,08/2026,837.34,837.34,415.09,64.4,73,2026-03-31,https://ipm.mospi.gov.in/Content/PDF/FlashReport_March_2026.pdf,0,0.0000,0,0,40,45,5,49.5725,2026-03,2026-03-01,"Retrospective March 2026 snapshot; use revised cost/date only as outcome labels, not predictive features."
386,"Indian Oil Technology Development and Deployment Centre at R&D Campus-II, Faridabad",Ministry of Petroleum & Natural Gas,604853,N16000375,Haryana,06/2019,06/2019,12/2022,10/2026,2281.94,3200.0,1879.93,64.9,73,2026-03-31,https://ipm.mospi.gov.in/Content/PDF/FlashReport_March_2026.pdf,1,40.2316,1,46,81,42,-39,82.3830,2026-03,2026-03-01,"Retrospective March 2026 snapshot; use revised cost/date only as outcome labels, not predictive features."
387,Poly Butadiene Rubber plant at Panipat,Indian Oil Corporation Limited [IOCL],611917,N16000458,Haryana,03/2022,03/2022,03/2025,06/2026,1459.0,2531.44,1517.82,84.3,73,2026-03-31,https://ipm.mospi.gov.in/Content/PDF/FlashReport_March_2026.pdf,1,73.5051,1,15,48,36,-12,104.0315,2026-03,2026-03-01,"Retrospective March 2026 snapshot; use revised cost/date only as outcome labels, not predictive features."
388,Change of service of existing Mundra-Panipat Pipeline [Panipat - Churwa section] from Crude oil to Product,IOCL,619196,-,Haryana,05/2025,05/2025,03/2027,,359.0,359.0,9.17,30.6,73,2026-03-31,https://ipm.mospi.gov.in/Content/PDF/FlashReport_March_2026.pdf,0,0.0000,,,10,22,12,2.5543,2026-03,2026-03-01,"Retrospective March 2026 snapshot; use revised cost/date only as outcome labels, not predictive features."
389,Capacity Expansion of Panipat Refinery from 15 to 25 MMTPA,Ministry of Petroleum & Natural Gas,701289,N16000412,Haryana,02/2021,02/2021,09/2024,12/2026,34627.0,26553.12,,92.8,73,2026-03-31,https://ipm.mospi.gov.in/Content/PDF/FlashReport_March_2026.pdf,0,-23.3167,1,27,61,43,-18,,2026-03,2026-03-01,"Retrospective March 2026 snapshot; use revised cost/date only as outcome labels, not predictive features."
390,"Installation of Multiple Effect Evaporator [MEE] for ETP-1, 2 & 4 of Panipat Refinery and Petrochemical Complex.",MinistryofPetroleumNaturalGas,709783,-,Haryana,12/2020,12/2020,06/2023,06/2026,165.13,247.69,174.74,85.2,73,2026-03-31,https://ipm.mospi.gov.in/Content/PDF/FlashReport_March_2026.pdf,1,49.9970,1,36,63,30,-33,105.8197,2026-03,2026-03-01,"Retrospective March 2026 snapshot; use revised cost/date only as outcome labels, not predictive features."
391,"City Gas Distribution Project at Jammu, Udhampur, Reasi, Samba and Kathua Districts",MinistryofPetroleumNaturalGas,709773,N16000527,Jammu and Kashmir,03/2022,03/2022,03/2032,09/2034,538.0,538.0,4.32,0.6,73,2026-03-31,https://ipm.mospi.gov.in/Content/PDF/FlashReport_March_2026.pdf,0,0.0000,1,30,48,120,72,0.8030,2026-03,2026-03-01,"Retrospective March 2026 snapshot; use revised cost/date only as outcome labels, not predictive features."
392,Development of Jharia CBM Block [Phase-1],Oil and Natural Gas Corporation Limited [ONGC],610984,N16000445,Jharkhand,11/2019,11/2019,01/2024,05/2026,431.0,431.0,258.33,63.9,73,2026-03-31,https://ipm.mospi.gov.in/Content/PDF/FlashReport_March_2026.pdf,0,0.0000,1,28,76,50,-26,59.9374,2026-03,2026-03-01,"Retrospective March 2026 snapshot; use revised cost/date only as outcome labels, not predictive features."
393,Laying of Natural Gas Pipeline from Hazaribagh to Ranchi [HRPL],MinistryofPetroleumNaturalGas,709785,N16000480,Jharkhand,02/2023,02/2023,02/2026,03/2027,202.07,202.07,64.35,50.8,73,2026-03-31,https://ipm.mospi.gov.in/Content/PDF/FlashReport_March_2026.pdf,0,0.0000,1,13,37,36,-1,31.8454,2026-03,2026-03-01,"Retrospective March 2026 snapshot; use revised cost/date only as outcome labels, not predictive features."
394,Power System Upgradation Project,Mangalore Refinary and Petrochemicals Limited,612790,N16000509,Karnataka,10/2023,10/2023,11/2025,05/2026,385.0,385.0,260.92,80.2,73,2026-03-31,https://ipm.mospi.gov.in/Content/PDF/FlashReport_March_2026.pdf,0,0.0000,1,6,29,25,-4,67.7714,2026-03,2026-03-01,"Retrospective March 2026 snapshot; use revised cost/date only as outcome labels, not predictive features."
395,Demo Bio-ATF Project,Ministry of Petroleum & Natural Gas,616879,N16000536,Karnataka,03/2024,03/2024,01/2027,01/2027,364.0,364.0,65.73,42.9,73,2026-03-31,https://ipm.mospi.gov.in/Content/PDF/FlashReport_March_2026.pdf,0,0.0000,0,0,24,34,10,18.0577,2026-03,2026-03-01,"Retrospective March 2026 snapshot; use revised cost/date only as outcome labels, not predictive features."
396,Revamping/ Augmentation of facilities at existing port terminal at Mangalore,Ministry of Petroleum & Natural Gas,709774,N16000437,Karnataka,01/2022,01/2022,12/2025,06/2027,463.0,500.62,299.46,83.0,73,2026-03-31,https://ipm.mospi.gov.in/Content/PDF/FlashReport_March_2026.pdf,1,8.1253,1,18,50,47,-3,64.6782,2026-03,2026-03-01,"Retrospective March 2026 snapshot; use revised cost/date only as outcome labels, not predictive features."
397,Augmentation of CCKPL and IDPL Pipelines capacity along with setting up of Palakkad TOP,Ministry of Petroleum & Natural Gas,617838,-,Kerala,09/2024,09/2024,08/2028,08/2028,1130.0,1130.0,250.7,34.1,73,2026-03-31,https://ipm.mospi.gov.in/Content/PDF/FlashReport_March_2026.pdf,0,0.0000,0,0,18,47,29,22.1858,2026-03,2026-03-01,"Retrospective March 2026 snapshot; use revised cost/date only as outcome labels, not predictive features."
398,Setting up Polypropylene Unit at Kochi Refinery,MinistryofPetroleumNaturalGas,709799,N16000530,Kerala,12/2023,12/2023,10/2027,10/2027,4460.0,4460.0,802.13,28.5,73,2026-03-31,https://ipm.mospi.gov.in/Content/PDF/FlashReport_March_2026.pdf,0,0.0000,0,0,27,46,19,17.9850,2026-03,2026-03-01,"Retrospective March 2026 snapshot; use revised cost/date only as outcome labels, not predictive features."
399,C2/C3 Vijaipur Pata Pipeline,Ministry of Petroleum & Natural Gas,617830,,Madhya Pradesh,05/2024,05/2024,01/2027,01/2027,1792.0,1792.0,468.1,61.4,73,2026-03-31,https://ipm.mospi.gov.in/Content/PDF/FlashReport_March_2026.pdf,0,0.0000,0,0,22,32,10,26.1217,2026-03,2026-03-01,"Retrospective March 2026 snapshot; use revised cost/date only as outcome labels, not predictive features."
400,and expansion of Refinery,MinistryofPetroleumNaturalGas,709798,N16000518,Madhya Pradesh,05/2023,05/2023,05/2028,05/2028,43367.0,43367.0,4552.5,23.3,74,2026-03-31,https://ipm.mospi.gov.in/Content/PDF/FlashReport_March_2026.pdf,0,0.0000,0,0,34,60,26,10.4976,2026-03,2026-03-01,"Retrospective March 2026 snapshot; use revised cost/date only as outcome labels, not predictive features."
401,"500 KTA PDHPP Project, Usar",Ministry of Petroleum & Natural Gas,400168,N16000430,Maharashtra,04/2021,04/2021,04/2025,04/2027,8797.0,11256.0,7920.66,90.0,74,2026-03-31,https://ipm.mospi.gov.in/Content/PDF/FlashReport_March_2026.pdf,1,27.9527,1,24,59,48,-11,90.0382,2026-03,2026-03-01,"Retrospective March 2026 snapshot; use revised cost/date only as outcome labels, not predictive features."
402,Lube Modernization & Bottom Upgradation Project at Mumbai Refinery,Ministry of Petroleum and Natural Gas,616933,N16000540,Maharashtra,12/2024,12/2024,03/2028,03/2028,4679.0,4679.0,252.41,9.9,74,2026-03-31,https://ipm.mospi.gov.in/Content/PDF/FlashReport_March_2026.pdf,0,0.0000,0,0,15,39,24,5.3945,2026-03,2026-03-01,"Retrospective March 2026 snapshot; use revised cost/date only as outcome labels, not predictive features."
403,Petro Resid Fluidized Catalytic Cracking [PRFCC] Unit and its associated facilities at Mumbai Refinery,Ministry of Petroleum & Natural Gas,619223,-,Maharashtra,05/2025,05/2025,09/2029,,13626.0,13626.0,41.13,3.8,74,2026-03-31,https://ipm.mospi.gov.in/Content/PDF/FlashReport_March_2026.pdf,0,0.0000,,,10,52,42,0.3018,2026-03,2026-03-01,"Retrospective March 2026 snapshot; use revised cost/date only as outcome labels, not predictive features."
404,Augmentation of DUPL-DPPL Pipeline,Ministry of Petroleum & Natural Gas,619224,-,Maharashtra,06/2025,06/2025,03/2028,,844.0,844.0,0.0,0.0,74,2026-03-31,https://ipm.mospi.gov.in/Content/PDF/FlashReport_March_2026.pdf,0,0.0000,,,9,33,24,0.0000,2026-03,2026-03-01,"Retrospective March 2026 snapshot; use revised cost/date only as outcome labels, not predictive features."
405,Installation of Compression facility at GAIL Usar,Ministry of Petroleum & Natural Gas,619225,-,Maharashtra,04/2025,04/2025,04/2027,,260.2,260.2,0.0,0.0,74,2026-03-31,https://ipm.mospi.gov.in/Content/PDF/FlashReport_March_2026.pdf,0,0.0000,,,11,24,13,0.0000,2026-03,2026-03-01,"Retrospective March 2026 snapshot; use revised cost/date only as outcome labels, not predictive features."
406,HP TDAE Unit in Mumbai Refinery,Hindustan Petroleum Corporation Limited,709760,N16000534,Maharashtra,06/2024,06/2024,04/2026,06/2026,240.0,240.0,139.9,80.4,74,2026-03-31,https://ipm.mospi.gov.in/Content/PDF/FlashReport_March_2026.pdf,0,0.0000,1,2,21,22,1,58.2917,2026-03,2026-03-01,"Retrospective March 2026 snapshot; use revised cost/date only as outcome labels, not predictive features."
407,"City Gas Distribution Project at Beed, Jalgaon and Jalna Districts",MinistryofPetroleumNaturalGas,709771,N16000487,Maharashtra,03/2022,03/2022,09/2031,09/2031,865.0,865.0,78.67,3.4,74,2026-03-31,https://ipm.mospi.gov.in/Content/PDF/FlashReport_March_2026.pdf,0,0.0000,0,0,48,114,66,9.0948,2026-03,2026-03-01,"Retrospective March 2026 snapshot; use revised cost/date only as outcome labels, not predictive features."
408,Construction of Additional Tankages and Allied Facilities at JNPT Terminal,MinistryofPetroleumNaturalGas,709780,N16000504,Maharashtra,04/2022,04/2022,08/2026,08/2026,341.43,436.14,301.94,70.1,74,2026-03-31,https://ipm.mospi.gov.in/Content/PDF/FlashReport_March_2026.pdf,1,27.7392,0,0,47,52,5,88.4339,2026-03,2026-03-01,"Retrospective March 2026 snapshot; use revised cost/date only as outcome labels, not predictive features."
409,ATF Pipeline from Jawaharlal Nehru Port Trust to Navi Mumbai International Airport,Indian Oil Corporation Limited [IOCL],709782,N16000456,Maharashtra,08/2022,08/2022,08/2025,06/2026,165.0,165.0,99.04,94.8,74,2026-03-31,https://ipm.mospi.gov.in/Content/PDF/FlashReport_March_2026.pdf,0,0.0000,1,10,43,36,-7,60.0242,2026-03,2026-03-01,"Retrospective March 2026 snapshot; use revised cost/date only as outcome labels, not predictive features."
410,POL & LOBS Installations with Receipt Pipelines at Rasayani,Bharat Petroleum Corporation Limited [BPCL],709797,N16000519,Maharashtra,05/2023,05/2023,05/2026,05/2026,2585.0,2585.0,1205.5,79.1,74,2026-03-31,https://ipm.mospi.gov.in/Content/PDF/FlashReport_March_2026.pdf,0,0.0000,0,0,34,36,2,46.6344,2026-03,2026-03-01,"Retrospective March 2026 snapshot; use revised cost/date only as outcome labels, not predictive features."
411,Visakh Raipur Pipeline Project,Ministry of Petroleum and Natural Gas,616254,N16000539,"Multi-States Pradesh, Chhattisgarh, Odisha) Multi-States",09/2024,09/2024,09/2027,09/2027,2212.0,2212.0,481.17,31.2,74,2026-03-31,https://ipm.mospi.gov.in/Content/PDF/FlashReport_March_2026.pdf,0,0.0000,0,0,18,36,18,21.7527,2026-03,2026-03-01,"Retrospective March 2026 snapshot; use revised cost/date only as outcome labels, not predictive features."
412,,Ministry of Petroleum & Natural Gas,701346,N16000439,"(Arunachal Pradesh, Assam, Manipur, Meghalaya, Mizoram, Sikkim, Tripura, West",04/2020,04/2020,03/2024,07/2026,9265.0,9265.0,6739.27,87.4,74,2026-03-31,https://ipm.mospi.gov.in/Content/PDF/FlashReport_March_2026.pdf,0,0.0000,1,28,71,47,-24,72.7390,2026-03,2026-03-01,"Retrospective March 2026 snapshot; use revised cost/date only as outcome labels, not predictive features."
413,"Pipeline Rehabilitation Project, Phase-II",Ministry of Petroleum & Natural Gas,617827,-,"Bengal) Multi-States (Assam, Bihar, West Bengal)",12/2024,12/2024,12/2029,12/2029,680.0,680.0,7.64,23.0,74,2026-03-31,https://ipm.mospi.gov.in/Content/PDF/FlashReport_March_2026.pdf,0,0.0000,0,0,15,60,45,1.1235,2026-03,2026-03-01,"Retrospective March 2026 snapshot; use revised cost/date only as outcome labels, not predictive features."
414,"CGD Project in Banka, Dumka, Godda, Jamtara, Pakur, Sahibganj GA ID 11A.02",Hindustan Petroleum Corporation Limited,709757,N16000497,Multi-States Jharkhand),06/2022,06/2022,06/2030,06/2030,1377.0,1377.0,365.39,35.6,74,2026-03-31,https://ipm.mospi.gov.in/Content/PDF/FlashReport_March_2026.pdf,0,0.0000,0,0,45,96,51,26.5352,2026-03,2026-03-01,"Retrospective March 2026 snapshot; use revised cost/date only as outcome labels, not predictive features."
415,Mumbai Nagpur Jharsuguda Pipeline Project,Ministry of Petroleum & Natural Gas,701354,N16000398,"Multi-States (Chhattisgarh, Pradesh, Maharashtra, Odisha)",06/2020,06/2020,05/2023,06/2026,7844.25,8255.0,6969.7,98.8,74,2026-03-31,https://ipm.mospi.gov.in/Content/PDF/FlashReport_March_2026.pdf,1,5.2363,1,37,69,35,-34,88.8511,2026-03,2026-03-01,"Retrospective March 2026 snapshot; use revised cost/date only as outcome labels, not predictive features."
416,Mehsana-Bhatinda & Bhatinda-Jammu Natural Gas Pipeline,Ministry of Petroleum & Natural Gas,701330,-,"Multi-States Haryana, Punjab, Rajasthan)",07/2011,07/2011,06/2024,04/2026,7392.0,7392.0,6349.0,90.2,74,2026-03-31,https://ipm.mospi.gov.in/Content/PDF/FlashReport_March_2026.pdf,0,0.0000,1,22,176,155,-21,85.8902,2026-03,2026-03-01,"Retrospective March 2026 snapshot; use revised cost/date only as outcome labels, not predictive features."
417,Gurdaspur Jammu Pipeline,Gas Authority of India Limited [GAIL],612853,N16000531,"Multi-States (Jammu and Kashmir, Punjab)",07/2023,07/2023,07/2026,07/2026,521.9,521.9,288.9,45.6,74,2026-03-31,https://ipm.mospi.gov.in/Content/PDF/FlashReport_March_2026.pdf,0,0.0000,0,0,32,36,4,55.3554,2026-03,2026-03-01,"Retrospective March 2026 snapshot; use revised cost/date only as outcome labels, not predictive features."
418,Kochi - Koottanad - Bangalore - Mangalore Pipeline Phase-II,Ministry of Petroleum & Natural Gas,701228,N16000285,"Multi-States (Karnataka, Kerala, Tamil Nadu)",06/2009,06/2009,12/2012,09/2026,2915.0,5909.0,4623.3,96.5,74,2026-03-31,https://ipm.mospi.gov.in/Content/PDF/FlashReport_March_2026.pdf,1,102.7101,1,165,201,42,-159,158.6038,2026-03,2026-03-01,"Retrospective March 2026 snapshot; use revised cost/date only as outcome labels, not predictive features."
419,City Gas Distribution Maharashtra Natural Gas Limited,Ministry of Petroleum & Natural Gas,701338,-,"Multi-States (Karnataka, Maharashtra)",01/2006,01/2006,06/2031,06/2031,5535.0,5535.0,4224.31,47.0,74,2026-03-31,https://ipm.mospi.gov.in/Content/PDF/FlashReport_March_2026.pdf,0,0.0000,0,0,242,305,63,76.3200,2026-03,2026-03-01,"Retrospective March 2026 snapshot; use revised cost/date only as outcome labels, not predictive features."
420,Dhamra Haldia Pipeline Project,Ministry of Petroleum & Natural Gas,701344,N16000391,"Multi-States (Odisha, West Bengal)",03/2020,03/2020,11/2022,09/2026,1030.65,1125.0,915.3,93.5,74,2026-03-31,https://ipm.mospi.gov.in/Content/PDF/FlashReport_March_2026.pdf,1,9.1544,1,46,72,32,-40,88.8080,2026-03,2026-03-01,"Retrospective March 2026 snapshot; use revised cost/date only as outcome labels, not predictive features."
422,"Augmentation/ Revamping of Dimapur Depot, Dimapur",MinistryofPetroleumNaturalGas,709786,N16000529,Nagaland,08/2023,08/2023,11/2027,11/2027,227.62,227.62,25.76,40.1,75,2026-03-31,https://ipm.mospi.gov.in/Content/PDF/FlashReport_March_2026.pdf,0,0.0000,0,0,31,51,20,11.3171,2026-03,2026-03-01,"Retrospective March 2026 snapshot; use revised cost/date only as outcome labels, not predictive features."
423,Integrated Para Xylene [PX] and Purified Terephthalic Acid [PTA] Project at Paradip Refinery,Ministry of Petroleum & Natural Gas,604859,N16000396,Odisha,07/2020,07/2020,01/2024,08/2026,13805.0,11783.0,8386.06,93.5,75,2026-03-31,https://ipm.mospi.gov.in/Content/PDF/FlashReport_March_2026.pdf,0,-14.6469,1,31,68,42,-26,60.7465,2026-03,2026-03-01,"Retrospective March 2026 snapshot; use revised cost/date only as outcome labels, not predictive features."
424,"City Gas Distribution [CGD] Project in Gajapati, Kandhamal, Boudh, & Sonepur GA",Ministry of Petroleum & Natural Gas,617818,-,Odisha,02/2022,02/2022,02/2030,12/2031,514.91,514.91,22.08,5.9,75,2026-03-31,https://ipm.mospi.gov.in/Content/PDF/FlashReport_March_2026.pdf,0,0.0000,1,22,49,96,47,4.2881,2026-03,2026-03-01,"Retrospective March 2026 snapshot; use revised cost/date only as outcome labels, not predictive features."
425,"CUF POL Depot at Sadashibpur [Meramundali], Odisha",MinistryofPetroleumNaturalGas,709800,-,Odisha,04/2021,04/2021,03/2026,06/2026,393.54,393.54,214.0,76.7,75,2026-03-31,https://ipm.mospi.gov.in/Content/PDF/FlashReport_March_2026.pdf,0,0.0000,1,3,59,59,0,54.3782,2026-03,2026-03-01,"Retrospective March 2026 snapshot; use revised cost/date only as outcome labels, not predictive features."
426,Life Extension of 48 well platforms of Mumbai High & Heera Fields,Oil and Natural Gas Corporation Limited [ONGC],400119,N16000213,Offshore,12/2015,12/2015,04/2018,08/2026,3190.69,3375.9,3123.2,90.0,75,2026-03-31,https://ipm.mospi.gov.in/Content/PDF/FlashReport_March_2026.pdf,1,5.8047,1,100,123,28,-95,97.8848,2026-03,2026-03-01,"Retrospective March 2026 snapshot; use revised cost/date only as outcome labels, not predictive features."
427,PRP-VIII [Group-A],Ministry of Petroleum & Natural Gas,616950,-,Offshore,09/2024,09/2024,02/2026,12/2026,1486.4,1486.4,394.85,50.7,75,2026-03-31,https://ipm.mospi.gov.in/Content/PDF/FlashReport_March_2026.pdf,0,0.0000,1,10,18,17,-1,26.5642,2026-03,2026-03-01,"Retrospective March 2026 snapshot; use revised cost/date only as outcome labels, not predictive features."
428,Daman Upside Development Project,Oil and Natural Gas Corporation Limited [ONGC],709839,N16000470,Offshore,06/2022,06/2022,10/2025,05/2026,4144.41,6406.9,5632.94,98.7,75,2026-03-31,https://ipm.mospi.gov.in/Content/PDF/FlashReport_March_2026.pdf,1,54.5914,1,7,45,40,-5,135.9166,2026-03,2026-03-01,"Retrospective March 2026 snapshot; use revised cost/date only as outcome labels, not predictive features."
429,MHN TCPP PGC BGC Project [MTPBP],Ministry of Petroleum & Natural Gas,709848,N16000526,Offshore,06/2022,06/2022,05/2026,05/2026,2329.45,2354.23,1613.16,86.4,75,2026-03-31,https://ipm.mospi.gov.in/Content/PDF/FlashReport_March_2026.pdf,1,1.0638,0,0,45,47,2,69.2507,2026-03,2026-03-01,"Retrospective March 2026 snapshot; use revised cost/date only as outcome labels, not predictive features."
430,PRP-VIII Group B [NH & BS Asset],Ministry of Petroleum & Natural Gas,709849,N16000533,Offshore,06/2024,06/2024,02/2026,05/2026,2379.84,3165.53,2653.0,95.2,75,2026-03-31,https://ipm.mospi.gov.in/Content/PDF/FlashReport_March_2026.pdf,1,33.0144,1,3,21,20,-1,111.4781,2026-03,2026-03-01,"Retrospective March 2026 snapshot; use revised cost/date only as outcome labels, not predictive features."
431,Integrated Development of 4 Contract Areas under DSF-II,Ministry of Petroleum & Natural Gas,709851,N16000537,Offshore,05/2023,05/2023,04/2027,04/2027,6183.79,6183.79,1555.0,36.4,75,2026-03-31,https://ipm.mospi.gov.in/Content/PDF/FlashReport_March_2026.pdf,0,0.0000,0,0,34,47,13,25.1464,2026-03,2026-03-01,"Retrospective March 2026 snapshot; use revised cost/date only as outcome labels, not predictive features."
432,2G Ethanol Biorefinery at Bathinda,Hindustan Petroleum Corporation Limited [HPCL],400171,N16000402,Punjab,05/2020,05/2020,02/2023,12/2026,1421.46,1421.46,1249.81,95.7,75,2026-03-31,https://ipm.mospi.gov.in/Content/PDF/FlashReport_March_2026.pdf,0,0.0000,1,46,70,33,-37,87.9244,2026-03,2026-03-01,"Retrospective March 2026 snapshot; use revised cost/date only as outcome labels, not predictive features."
433,City Gas Distribution Project at Pathankot District,MinistryofPetroleumNaturalGas,709770,N16000488,Punjab,03/2022,03/2022,09/2033,09/2033,151.0,151.0,8.89,2.0,75,2026-03-31,https://ipm.mospi.gov.in/Content/PDF/FlashReport_March_2026.pdf,0,0.0000,0,0,48,138,90,5.8874,2026-03,2026-03-01,"Retrospective March 2026 snapshot; use revised cost/date only as outcome labels, not predictive features."
434,CBR 9 MMTPA Project,Chennai Petroleum Corporation Limited [CPCL],604795,N16000434,Tamil Nadu,09/2021,09/2021,06/2025,10/2028,31580.0,36354.0,1544.96,10.2,75,2026-03-31,https://ipm.mospi.gov.in/Content/PDF/FlashReport_March_2026.pdf,1,15.1172,1,40,54,45,-9,4.8922,2026-03,2026-03-01,"Retrospective March 2026 snapshot; use revised cost/date only as outcome labels, not predictive features."
435,Laying of new 28 inch Desal Water Pipeline and 10 inch Reject Water Pipeline between CPCL Manali Refinery and CPCL Desalination plant at Ennore,Chennai Petroleum Corporation Limited [CPCL],709750,-,Tamil Nadu,01/2024,01/2024,09/2025,12/2026,205.0,205.0,87.72,66.2,75,2026-03-31,https://ipm.mospi.gov.in/Content/PDF/FlashReport_March_2026.pdf,0,0.0000,1,15,26,20,-6,42.7902,2026-03,2026-03-01,"Retrospective March 2026 snapshot; use revised cost/date only as outcome labels, not predictive features."
436,City Gas Distribution Projects at the Nilgiris and Erode districts,Bharat Petroleum Corporation Limited [BPCL],709796,N16000521,Tamil Nadu,12/2022,12/2022,03/2030,03/2030,3685.0,3685.0,280.64,25.3,75,2026-03-31,https://ipm.mospi.gov.in/Content/PDF/FlashReport_March_2026.pdf,0,0.0000,0,0,39,87,48,7.6157,2026-03,2026-03-01,"Retrospective March 2026 snapshot; use revised cost/date only as outcome labels, not predictive features."
437,ATF Pipeline from BPCLs Malkapur POL Installation to Hyderabad International airport,MinistryofPetroleumNaturalGas,617822,-,Telangana,03/2025,03/2025,09/2027,,215.0,215.0,45.41,24.1,75,2026-03-31,https://ipm.mospi.gov.in/Content/PDF/FlashReport_March_2026.pdf,0,0.0000,,,12,30,18,21.1209,2026-03,2026-03-01,"Retrospective March 2026 snapshot; use revised cost/date only as outcome labels, not predictive features."
438,"Creation of Gas Dehydration Facilities, Tripura Asset",Oil and Natural Gas Corporation Limited [ONGC],709837,-,Tripura,03/2022,03/2022,05/2024,08/2026,209.33,131.51,78.98,68.2,75,2026-03-31,https://ipm.mospi.gov.in/Content/PDF/FlashReport_March_2026.pdf,0,-37.1758,1,27,48,26,-22,37.7299,2026-03,2026-03-01,"Retrospective March 2026 snapshot; use revised cost/date only as outcome labels, not predictive features."
439,Kanpur LPG Bottling Plant,MinistryofPetroleumNaturalGas,619191,-,Uttar Pradesh,09/2025,09/2025,09/2027,,202.0,202.0,124.96,50.0,75,2026-03-31,https://ipm.mospi.gov.in/Content/PDF/FlashReport_March_2026.pdf,0,0.0000,,,6,24,18,61.8614,2026-03,2026-03-01,"Retrospective March 2026 snapshot; use revised cost/date only as outcome labels, not predictive features."
440,Revamping / Augmentation of Facilities at Mathura Bitumen Plant,MinistryofPetroleumNaturalGas,709781,N16000505,Uttar Pradesh,04/2022,04/2022,06/2027,12/2026,260.12,260.12,19.19,52.2,75,2026-03-31,https://ipm.mospi.gov.in/Content/PDF/FlashReport_March_2026.pdf,0,0.0000,0,-6,47,62,15,7.3774,2026-03,2026-03-01,"Retrospective March 2026 snapshot; use revised cost/date only as outcome labels, not predictive features."
441,"City Gas Distribution Projects at Lakhimpur Kheri , Sitapur, Bahraich, Shravasti,Balrampur, Siddharth Nagar & Maharajganj districts",Bharat Petroleum Corporation Limited [BPCL],709795,N16000525,Uttar Pradesh,12/2022,12/2022,06/2030,06/2030,16654.0,16654.0,697.88,17.6,75,2026-03-31,https://ipm.mospi.gov.in/Content/PDF/FlashReport_March_2026.pdf,0,0.0000,0,0,39,90,51,4.1905,2026-03,2026-03-01,"Retrospective March 2026 snapshot; use revised cost/date only as outcome labels, not predictive features."
442,Durgapur - Haldia Pipeline [Section-3B of JHBDPL Project],Ministry of Petroleum & Natural Gas,617302,N16000275,West Bengal,03/2017,03/2017,12/2020,09/2026,1740.0,2493.15,2351.6,94.5,75,2026-03-31,https://ipm.mospi.gov.in/Content/PDF/FlashReport_March_2026.pdf,1,43.2845,1,69,108,45,-63,135.1494,2026-03,2026-03-01,"Retrospective March 2026 snapshot; use revised cost/date only as outcome labels, not predictive features."
443,Siliguri-Jhapa Pipeline Project,Indian Oil Corporation Limited [IOCL],617828,-,West Bengal,09/2024,09/2024,03/2029,03/2029,267.0,267.0,1.77,10.3,75,2026-03-31,https://ipm.mospi.gov.in/Content/PDF/FlashReport_March_2026.pdf,0,0.0000,0,0,18,54,36,0.6629,2026-03,2026-03-01,"Retrospective March 2026 snapshot; use revised cost/date only as outcome labels, not predictive features."
445,Haldia Panagarh Pipeline Project,Hindustan Petroleum Corporation Limited,709753,N16000478,West Bengal,11/2022,11/2022,11/2025,05/2026,1010.0,1107.0,808.43,94.2,76,2026-03-31,https://ipm.mospi.gov.in/Content/PDF/FlashReport_March_2026.pdf,1,9.6040,1,6,40,36,-4,80.0426,2026-03,2026-03-01,"Retrospective March 2026 snapshot; use revised cost/date only as outcome labels, not predictive features."
446,"CGD Project in Malda, Birbhum, Murshidabad, Dakshin Dinajpur GA ID 11A.03",Hindustan Petroleum Corporation Limited,709758,N16000498,West Bengal,06/2022,06/2022,06/2030,06/2030,2628.0,2628.0,567.65,35.4,76,2026-03-31,https://ipm.mospi.gov.in/Content/PDF/FlashReport_March_2026.pdf,0,0.0000,0,0,45,96,51,21.6001,2026-03,2026-03-01,"Retrospective March 2026 snapshot; use revised cost/date only as outcome labels, not predictive features."
447,"City Gas Distribution Project at East Mednipore, West Mednipore & Jhargram Districts",MinistryofPetroleumNaturalGas,709772,N16000491,West Bengal,03/2022,03/2022,06/2031,06/2031,609.0,609.0,62.42,2.8,76,2026-03-31,https://ipm.mospi.gov.in/Content/PDF/FlashReport_March_2026.pdf,0,0.0000,0,0,48,111,63,10.2496,2026-03,2026-03-01,"Retrospective March 2026 snapshot; use revised cost/date only as outcome labels, not predictive features."
448,City Gas Distribution Projects at Alipurduar and Cooch Behar,Bharat Petroleum Corporation Limited [BPCL],709791,N16000522,West Bengal,12/2022,12/2022,03/2030,03/2030,1017.0,1017.0,224.72,43.5,76,2026-03-31,https://ipm.mospi.gov.in/Content/PDF/FlashReport_March_2026.pdf,0,0.0000,0,0,39,87,48,22.0964,2026-03,2026-03-01,"Retrospective March 2026 snapshot; use revised cost/date only as outcome labels, not predictive features."
449,Healthcare AIIMS Darbhanga,PMSSY AND Institute of NATIONAL Importance,701172,-,Bihar,NA,09/2020,09/2024,,1264.0,1264.0,0.0,0.0,76,2026-03-31,https://ipm.mospi.gov.in/Content/PDF/FlashReport_March_2026.pdf,0,0.0000,,,,,-18,0.0000,2026-03,2026-03-01,"Retrospective March 2026 snapshot; use revised cost/date only as outcome labels, not predictive features."
450,Establishment of new GMC Jamui,"Medical Education, Ministry of Health and Family Welfare",707020,-,Bihar,03/2019,10/2022,10/2025,,250.0,500.0,100.21,32.0,76,2026-03-31,https://ipm.mospi.gov.in/Content/PDF/FlashReport_March_2026.pdf,1,100.0000,,,84,79,-5,40.0840,2026-03,2026-03-01,"Retrospective March 2026 snapshot; use revised cost/date only as outcome labels, not predictive features."
451,Establishment of new GMC Korba,"Medical Education, Ministry of Health and Family Welfare",707044,-,Chhattisgarh,02/2023,10/2023,12/2026,,325.0,322.85,167.49,54.0,76,2026-03-31,https://ipm.mospi.gov.in/Content/PDF/FlashReport_March_2026.pdf,0,-0.6615,,,37,46,9,51.5354,2026-03,2026-03-01,"Retrospective March 2026 snapshot; use revised cost/date only as outcome labels, not predictive features."
452,Establishment of new GMC Mahasamund,"Medical Education, Ministry of Health and Family Welfare",707045,-,Chhattisgarh,10/2023,10/2023,05/2026,,325.0,325.0,311.5,75.0,76,2026-03-31,https://ipm.mospi.gov.in/Content/PDF/FlashReport_March_2026.pdf,0,0.0000,,,29,31,2,95.8462,2026-03,2026-03-01,"Retrospective March 2026 snapshot; use revised cost/date only as outcome labels, not predictive features."
453,Establishment of new GMC Kanker,"Medical Education, Ministry of Health and Family Welfare",707046,-,Chhattisgarh,02/2020,09/2024,03/2027,,325.0,325.0,25.0,52.0,76,2026-03-31,https://ipm.mospi.gov.in/Content/PDF/FlashReport_March_2026.pdf,0,0.0000,,,73,85,12,7.6923,2026-03,2026-03-01,"Retrospective March 2026 snapshot; use revised cost/date only as outcome labels, not predictive features."
454,"Setting up IT Infrastructure including Network Security and Hosting at AIIMS, New Delhi",PMSSY AND Institute of NATIONAL Importance,617882,-,Delhi,09/2025,09/2025,09/2026,,358.19,358.19,0.0,0.0,76,2026-03-31,https://ipm.mospi.gov.in/Content/PDF/FlashReport_March_2026.pdf,0,0.0000,,,6,12,6,0.0000,2026-03,2026-03-01,"Retrospective March 2026 snapshot; use revised cost/date only as outcome labels, not predictive features."
455,"Redevelopment of Residential colonies at Ayur Vigyan Nagar and West Ansari Nagar campuses of AIIMS, New Delhi",PMSSY AND Institute of NATIONAL Importance,617883,-,Delhi,10/2016,06/2022,06/2027,,4441.0,4441.0,24.68,61.0,76,2026-03-31,https://ipm.mospi.gov.in/Content/PDF/FlashReport_March_2026.pdf,0,0.0000,,,113,128,15,0.5557,2026-03,2026-03-01,"Retrospective March 2026 snapshot; use revised cost/date only as outcome labels, not predictive features."
456,AIIMS Rajkot,PMSSY AND Institute of NATIONAL Importance,701170,-,Gujarat,01/2019,01/2019,03/2026,03/2026,1195.0,1195.0,775.6,93.7,76,2026-03-31,https://ipm.mospi.gov.in/Content/PDF/FlashReport_March_2026.pdf,0,0.0000,0,0,86,86,0,64.9038,2026-03,2026-03-01,"Retrospective March 2026 snapshot; use revised cost/date only as outcome labels, not predictive features."
457,Establishment of new GMC Panchmahal,"Medical Education, Ministry of Health and Family Welfare",707049,-,Gujarat,09/2022,09/2022,03/2026,,325.0,663.5,438.34,38.0,76,2026-03-31,https://ipm.mospi.gov.in/Content/PDF/FlashReport_March_2026.pdf,1,104.1538,,,42,42,0,134.8738,2026-03,2026-03-01,"Retrospective March 2026 snapshot; use revised cost/date only as outcome labels, not predictive features."
458,Establishment of new GMC Porbandar,"Medical Education, Ministry of Health and Family Welfare",707050,-,Gujarat,04/2022,10/2022,09/2024,,325.0,618.98,928.64,68.0,76,2026-03-31,https://ipm.mospi.gov.in/Content/PDF/FlashReport_March_2026.pdf,1,90.4554,,,47,29,-18,285.7354,2026-03,2026-03-01,"Retrospective March 2026 snapshot; use revised cost/date only as outcome labels, not predictive features."
459,AIIMS Majra Rewari Haryana,PMSSY AND Institute of NATIONAL Importance,701173,N21000032,Haryana,02/2019,02/2019,12/2026,12/2026,1299.0,1646.43,651.42,57.2,76,2026-03-31,https://ipm.mospi.gov.in/Content/PDF/FlashReport_March_2026.pdf,1,26.7460,0,0,85,94,9,50.1478,2026-03,2026-03-01,"Retrospective March 2026 snapshot; use revised cost/date only as outcome labels, not predictive features."
460,AIIMS Kashmir at Awantipora Jammu & Kashmir,PMSSY AND Institute of NATIONAL Importance,701167,N28000150,Jammu and Kashmir,01/2019,03/2019,12/2025,12/2026,1828.0,2160.84,1545.05,75.0,76,2026-03-31,https://ipm.mospi.gov.in/Content/PDF/FlashReport_March_2026.pdf,1,18.2079,1,12,86,83,-3,84.5213,2026-03,2026-03-01,"Retrospective March 2026 snapshot; use revised cost/date only as outcome labels, not predictive features."
461,Establishment of new GMC Koderma,"Medical Education, Ministry of Health and Family Welfare",707021,-,Jharkhand,09/2023,02/2024,08/2026,,250.0,504.8,269.0,30.0,76,2026-03-31,https://ipm.mospi.gov.in/Content/PDF/FlashReport_March_2026.pdf,1,101.9200,,,30,35,5,107.6000,2026-03,2026-03-01,"Retrospective March 2026 snapshot; use revised cost/date only as outcome labels, not predictive features."
462,Establishment of new GMC Chaibasa [Singhbhum],"Medical Education, Ministry of Health and Family Welfare",707022,-,Jharkhand,06/2018,03/2023,09/2025,,250.0,454.1,63.0,48.0,76,2026-03-31,https://ipm.mospi.gov.in/Content/PDF/FlashReport_March_2026.pdf,1,81.6400,,,93,87,-6,25.2000,2026-03,2026-03-01,"Retrospective March 2026 snapshot; use revised cost/date only as outcome labels, not predictive features."
463,Establishment of new GMC Rajgarh,"Medical Education, Ministry of Health and Family Welfare",707058,-,Madhya Pradesh,12/2021,11/2022,04/2024,,325.0,325.0,168.0,71.0,76,2026-03-31,https://ipm.mospi.gov.in/Content/PDF/FlashReport_March_2026.pdf,0,0.0000,,,51,28,-23,51.6923,2026-03,2026-03-01,"Retrospective March 2026 snapshot; use revised cost/date only as outcome labels, not predictive features."
464,Establishment of new GMC Mandla,"Medical Education, Ministry of Health and Family Welfare",707059,-,Madhya Pradesh,08/2023,10/2023,04/2026,,325.0,325.0,72.41,43.0,76,2026-03-31,https://ipm.mospi.gov.in/Content/PDF/FlashReport_March_2026.pdf,0,0.0000,,,31,32,1,22.2800,2026-03,2026-03-01,"Retrospective March 2026 snapshot; use revised cost/date only as outcome labels, not predictive features."
465,Establishment of new GMC Kapurthala,"Medical Education, Ministry of Health and Family Welfare",707069,-,Punjab,11/2019,07/2027,12/2028,,325.0,550.0,0.0,0.0,76,2026-03-31,https://ipm.mospi.gov.in/Content/PDF/FlashReport_March_2026.pdf,1,69.2308,,,76,109,33,0.0000,2026-03,2026-03-01,"Retrospective March 2026 snapshot; use revised cost/date only as outcome labels, not predictive features."
466,Establishment of new GMC Hoshiarpur,"Medical Education, Ministry of Health and Family Welfare",,,Punjab,01/2020,,12/2028,,325.0,,1.0,1.0,76,2026-03-31,https://ipm.mospi.gov.in/Content/PDF/FlashReport_March_2026.pdf,,,,,74,107,33,0.3077,2026-03,2026-03-01,"Retrospective March 2026 snapshot; use revised cost/date only as outcome labels, not predictive features."
467,Establishment of new GMC Gangtok,"Medical Education, Ministry of Health and Family Welfare",707039,-,Sikkim,10/2018,12/2018,12/2026,,250.0,635.21,658.21,92.0,77,2026-03-31,https://ipm.mospi.gov.in/Content/PDF/FlashReport_March_2026.pdf,1,154.0840,,,89,98,9,263.2840,2026-03,2026-03-01,"Retrospective March 2026 snapshot; use revised cost/date only as outcome labels, not predictive features."
468,ALL India Institute of Medical Sciences-AIIMS Madurai,PMSSY AND Institute of NATIONAL Importance,701168,-,Tamil Nadu,12/2018,12/2018,08/2022,10/2026,1264.0,2021.51,485.02,48.0,77,2026-03-31,https://ipm.mospi.gov.in/Content/PDF/FlashReport_March_2026.pdf,1,59.9296,1,50,87,44,-43,38.3718,2026-03,2026-03-01,"Retrospective March 2026 snapshot; use revised cost/date only as outcome labels, not predictive features."
469,AIIMS Bibinagar,PMSSY AND Institute of NATIONAL Importance,701171,N21000031,Telangana,12/2018,07/2022,06/2026,06/2026,1028.0,1365.95,989.98,87.07,77,2026-03-31,https://ipm.mospi.gov.in/Content/PDF/FlashReport_March_2026.pdf,1,32.8745,0,0,87,90,3,96.3016,2026-03,2026-03-01,"Retrospective March 2026 snapshot; use revised cost/date only as outcome labels, not predictive features."
470,Establishment of new GMC Rudrapur,"Medical Education, Ministry of Health and Family Welfare",707086,-,Uttarakhand,10/2022,02/2024,12/2026,,325.0,325.0,264.0,35.0,77,2026-03-31,https://ipm.mospi.gov.in/Content/PDF/FlashReport_March_2026.pdf,0,0.0000,,,41,50,9,81.2308,2026-03,2026-03-01,"Retrospective March 2026 snapshot; use revised cost/date only as outcome labels, not predictive features."
471,Establishment of new GMC Pithoragarh,"Medical Education, Ministry of Health and Family Welfare",707087,-,Uttarakhand,08/2021,04/2023,12/2026,,325.0,768.89,319.08,78.0,77,2026-03-31,https://ipm.mospi.gov.in/Content/PDF/FlashReport_March_2026.pdf,1,136.5815,,,55,64,9,98.1785,2026-03,2026-03-01,"Retrospective March 2026 snapshot; use revised cost/date only as outcome labels, not predictive features."
472,"Healthcare Construction of 350 beds + 50 Super Specialty beds ESIC Hospital Sheelanagar, Visakhapatnam, Andhra Pradesh",Employee's State Insurance Company [ESIC],612167,-,Andhra Pradesh,02/2021,04/2023,10/2025,03/2026,384.27,384.27,253.37,80.0,77,2026-03-31,https://ipm.mospi.gov.in/Content/PDF/FlashReport_March_2026.pdf,0,0.0000,1,5,61,56,-5,65.9354,2026-03,2026-03-01,"Retrospective March 2026 snapshot; use revised cost/date only as outcome labels, not predictive features."
473,"Construction of 200 bedded ESIC Hospital with 62 Nos Staff quarters , Beltola",Employee's State Insurance Company [ESIC],612201,-,Assam,12/2017,10/2021,04/2025,04/2026,143.23,154.75,130.08,98.0,77,2026-03-31,https://ipm.mospi.gov.in/Content/PDF/FlashReport_March_2026.pdf,1,8.0430,1,12,99,88,-11,90.8190,2026-03,2026-03-01,"Retrospective March 2026 snapshot; use revised cost/date only as outcome labels, not predictive features."
474,350 Bedded [Upgradable to 500 beds] ESI Hospital at Sanand,Employee's State Insurance Company [ESIC],612186,-,Gujarat,06/2022,04/2023,03/2026,05/2027,558.12,558.12,55.81,20.0,77,2026-03-31,https://ipm.mospi.gov.in/Content/PDF/FlashReport_March_2026.pdf,0,0.0000,1,14,45,45,0,9.9996,2026-03,2026-03-01,"Retrospective March 2026 snapshot; use revised cost/date only as outcome labels, not predictive features."
475,"Demolition, Construction and upgradation of ESI Hospital, Kalol, Gujarat from 50 beds to 150 beds.",Employee's State Insurance Company [ESIC],612211,-,Gujarat,08/2022,10/2023,10/2025,06/2026,205.87,205.87,51.73,30.0,77,2026-03-31,https://ipm.mospi.gov.in/Content/PDF/FlashReport_March_2026.pdf,0,0.0000,1,8,43,38,-5,25.1275,2026-03,2026-03-01,"Retrospective March 2026 snapshot; use revised cost/date only as outcome labels, not predictive features."
476,"Construction of 200 bed ESI Hospital at Bommasandra, Karnataka",Employee's State Insurance Company [ESIC],612745,-,Karnataka,02/2015,10/2024,01/2027,05/2027,278.0,278.0,68.23,23.0,77,2026-03-31,https://ipm.mospi.gov.in/Content/PDF/FlashReport_March_2026.pdf,0,0.0000,1,4,133,143,10,24.5432,2026-03,2026-03-01,"Retrospective March 2026 snapshot; use revised cost/date only as outcome labels, not predictive features."
477,"Construction of 100 bed ESI Hospital and Staff Quarters [32 Nos.] at Harohalli, Karnataka",Employee's State Insurance Company [ESIC],612748,-,Karnataka,07/2019,03/2025,02/2027,,150.92,150.92,6.76,10.0,77,2026-03-31,https://ipm.mospi.gov.in/Content/PDF/FlashReport_March_2026.pdf,0,0.0000,,,80,91,11,4.4792,2026-03,2026-03-01,"Retrospective March 2026 snapshot; use revised cost/date only as outcome labels, not predictive features."
478,"Construction of 200 Bedded [Upgradable to 500 Bedded including 50 beds of SST] ESIC Hospital at Bibewadi, Pune",Employee's State Insurance Company [ESIC],612188,-,Maharashtra,05/2018,03/2023,09/2025,08/2026,429.25,429.25,323.98,74.0,77,2026-03-31,https://ipm.mospi.gov.in/Content/PDF/FlashReport_March_2026.pdf,0,0.0000,1,11,94,88,-6,75.4758,2026-03,2026-03-01,"Retrospective March 2026 snapshot; use revised cost/date only as outcome labels, not predictive features."
479,"Construction of 200 Bedded ESIC Hospital at Butibori, Nagpur, Maharashtra.",Employee's State Insurance Company [ESIC],612213,-,Maharashtra,10/2013,08/2022,08/2025,09/2026,194.93,196.7,114.39,65.5,77,2026-03-31,https://ipm.mospi.gov.in/Content/PDF/FlashReport_March_2026.pdf,1,0.9080,1,13,149,142,-7,58.6826,2026-03,2026-03-01,"Retrospective March 2026 snapshot; use revised cost/date only as outcome labels, not predictive features."
480,"Upgradation & Extension of ESIC Hospital and Construction of PG Hostel / Staff Housing for ESIC Hospital at Andheri, Mumbai",Employee's State Insurance Company [ESIC],616691,-,Maharashtra,12/2008,06/2009,08/2025,09/2026,260.13,260.13,210.12,89.0,77,2026-03-31,https://ipm.mospi.gov.in/Content/PDF/FlashReport_March_2026.pdf,0,0.0000,1,13,207,200,-7,80.7750,2026-03,2026-03-01,"Retrospective March 2026 snapshot; use revised cost/date only as outcome labels, not predictive features."
481,"Construction of 100 Bedded ESI Hospital at Duburi, Odisha.",Employee's State Insurance Company [ESIC],612513,-,Odisha,12/2010,02/2025,06/2027,,164.6,164.6,16.4,7.2,77,2026-03-31,https://ipm.mospi.gov.in/Content/PDF/FlashReport_March_2026.pdf,0,0.0000,,,183,198,15,9.9635,2026-03,2026-03-01,"Retrospective March 2026 snapshot; use revised cost/date only as outcome labels, not predictive features."
482,"Construction of 100 Bedded ESIC Hospital building and 32 Nos Residential Quarters at Vallam Vadangal, SIPCOT, Sriperumbudur",Employee's State Insurance Company [ESIC],612178,-,Tamil Nadu,02/2015,03/2023,06/2025,03/2026,152.95,177.01,127.22,100.0,77,2026-03-31,https://ipm.mospi.gov.in/Content/PDF/FlashReport_March_2026.pdf,1,15.7306,1,9,133,124,-9,83.1775,2026-03,2026-03-01,"Retrospective March 2026 snapshot; use revised cost/date only as outcome labels, not predictive features."
483,CONSTRUCTION OF 300 BEDDED HOSPITAL AT HARIDWAR,Employee's State Insurance Company [ESIC],612259,-,Uttarakhand,02/2021,12/2021,10/2024,03/2026,102.4,297.63,334.82,84.0,77,2026-03-31,https://ipm.mospi.gov.in/Content/PDF/FlashReport_March_2026.pdf,1,190.6543,1,17,61,44,-17,326.9727,2026-03,2026-03-01,"Retrospective March 2026 snapshot; use revised cost/date only as outcome labels, not predictive features."
484,Healthcare Establishment of 600 bed super specialty hospital with optional development of Medical college and further expansion on PPP basis.,Mumbai Port Trust [MPT],708662,-,Maharashtra,08/2019,01/2022,06/2026,12/2027,693.0,693.0,58.0,11.0,77,2026-03-31,https://ipm.mospi.gov.in/Content/PDF/FlashReport_March_2026.pdf,0,0.0000,1,18,79,82,3,8.3694,2026-03,2026-03-01,"Retrospective March 2026 snapshot; use revised cost/date only as outcome labels, not predictive features."
485,Inland Waterways Jal Marg Vikas Project,Inland Waterways Authority of India [IWAI],,,"Multi-States Jharkhand,",01/2018,,12/2023,,5369.18,,3956.59,80.54,77,2026-03-31,https://ipm.mospi.gov.in/Content/PDF/FlashReport_March_2026.pdf,,,,,98,71,-27,73.6908,2026-03,2026-03-01,"Retrospective March 2026 snapshot; use revised cost/date only as outcome labels, not predictive features."
486,Fairway Development in West Bengal Farakka - Kahelgaon,Inland Waterways Authority of India [IWAI],611142,-,Offshore,01/2018,08/2018,07/2023,04/2024,177.0,197.0,383.41,100.0,78,2026-03-31,https://ipm.mospi.gov.in/Content/PDF/FlashReport_March_2026.pdf,1,11.2994,1,9,98,66,-32,216.6158,2026-03,2026-03-01,"Retrospective March 2026 snapshot; use revised cost/date only as outcome labels, not predictive features."
487,"Shipping Development of Container Terminal at Tuna-Tekra, Deendayal Port on BOT Basis Under PPP Mode",Deendayal Port Trust,609424,-,Gujarat,10/2022,03/2024,03/2027,09/2027,4243.64,4243.64,1428.0,48.6,78,2026-03-31,https://ipm.mospi.gov.in/Content/PDF/FlashReport_March_2026.pdf,0,0.0000,1,6,41,53,12,33.6504,2026-03,2026-03-01,"Retrospective March 2026 snapshot; use revised cost/date only as outcome labels, not predictive features."
488,"Replacement and revamping of pipeline projects in oil jetty area, Kandla",Deendayal Port Trust [DPT],701570,-,Gujarat,09/2021,09/2021,09/2023,03/2025,171.0,211.61,149.5,91.0,78,2026-03-31,https://ipm.mospi.gov.in/Content/PDF/FlashReport_March_2026.pdf,1,23.7485,1,18,54,24,-30,87.4269,2026-03,2026-03-01,"Retrospective March 2026 snapshot; use revised cost/date only as outcome labels, not predictive features."
489,Mechanization of Berth No.14 for handling Containers and other cargo on DBFOT basis - Phase II,New Mangalore Port Authority,617804,-,Karnataka,12/2023,06/2024,03/2027,,153.23,153.23,58.93,58.0,78,2026-03-31,https://ipm.mospi.gov.in/Content/PDF/FlashReport_March_2026.pdf,0,0.0000,,,27,39,12,38.4585,2026-03,2026-03-01,"Retrospective March 2026 snapshot; use revised cost/date only as outcome labels, not predictive features."
490,Rewas Port Project,Reliance Industries Ltd,400382,-,Maharashtra,12/2019,01/2020,03/2023,,6000.0,6000.0,5999.89,88.0,78,2026-03-31,https://ipm.mospi.gov.in/Content/PDF/FlashReport_March_2026.pdf,0,0.0000,,,75,39,-36,99.9982,2026-03,2026-03-01,"Retrospective March 2026 snapshot; use revised cost/date only as outcome labels, not predictive features."
491,Setting up of a Floating Storage and Regasification Unit [FSRU] - Mumbai,Mumbai Port Trust [MPT],701586,-,Maharashtra,11/2020,04/2021,11/2026,11/2026,900.0,900.0,65.0,0.0,78,2026-03-31,https://ipm.mospi.gov.in/Content/PDF/FlashReport_March_2026.pdf,0,0.0000,0,0,64,72,8,7.2222,2026-03,2026-03-01,"Retrospective March 2026 snapshot; use revised cost/date only as outcome labels, not predictive features."
492,Deepening and Optimization of Inner Harbour facilities including development of Western Dock on BOT basis to handle Cape size vessels,Paradip Port Trust [PPT],701574,-,Odisha,05/2022,01/2023,12/2027,10/2028,3004.63,3004.63,2060.12,67.0,78,2026-03-31,https://ipm.mospi.gov.in/Content/PDF/FlashReport_March_2026.pdf,0,0.0000,1,10,46,67,21,68.5648,2026-03,2026-03-01,"Retrospective March 2026 snapshot; use revised cost/date only as outcome labels, not predictive features."
493,Shalukkhali Liquid Cargo Handling Facility Development Project,"Haldia Dock Complex, Syama Prasad Mookerjee Port Authority",701577,-,West Bengal,01/2022,08/2022,08/2025,,253.65,253.65,9.28,0.3,78,2026-03-31,https://ipm.mospi.gov.in/Content/PDF/FlashReport_March_2026.pdf,0,0.0000,,,50,43,-7,3.6586,2026-03,2026-03-01,"Retrospective March 2026 snapshot; use revised cost/date only as outcome labels, not predictive features."
494,"Tourism, Hospitality & Wellness National Maritime Heritage Complex [NMHC] Phase-I",Indian Port Rail & Ropeway Corporation Ltd. [IPRCL],707215,-,Gujarat,02/2019,01/2022,03/2024,03/2026,573.0,1238.05,611.24,74.94,78,2026-03-31,https://ipm.mospi.gov.in/Content/PDF/FlashReport_March_2026.pdf,1,116.0646,1,24,85,61,-24,106.6736,2026-03,2026-03-01,"Retrospective March 2026 snapshot; use revised cost/date only as outcome labels, not predictive features."
495,Logistics Infrastructure Integrated Multi Modal Logistics Hub at Nangal Chaudhary in Haryana - Other Trunk Infrastructure Development Phase 1,National Highways & Infrastructure Development Corporation Ltd. [NHIDCL],707410,-,Haryana,05/2018,12/2021,12/2023,05/2028,763.0,763.0,430.0,60.0,78,2026-03-31,https://ipm.mospi.gov.in/Content/PDF/FlashReport_March_2026.pdf,0,0.0000,1,53,94,67,-27,56.3565,2026-03,2026-03-01,"Retrospective March 2026 snapshot; use revised cost/date only as outcome labels, not predictive features."
496,Real Estate Krishnapatnam Node - Phase 1 - Roads and Services Development,National Industrial Corridor Development Corporation,701658,-,Andhra Pradesh,12/2020,02/2024,02/2028,,2139.44,2139.44,754.36,36.17,78,2026-03-31,https://ipm.mospi.gov.in/Content/PDF/FlashReport_March_2026.pdf,0,0.0000,,,63,86,23,35.2597,2026-03,2026-03-01,"Retrospective March 2026 snapshot; use revised cost/date only as outcome labels, not predictive features."
497,Tumakuru Node - Phase 1 - Roads and Services Development,National Highways & Infrastructure Development Corporation Ltd. [NHIDCL],701657,-,Karnataka,12/2020,02/2023,09/2026,,1701.81,1701.81,278.35,21.84,78,2026-03-31,https://ipm.mospi.gov.in/Content/PDF/FlashReport_March_2026.pdf,0,0.0000,,,63,69,6,16.3561,2026-03,2026-03-01,"Retrospective March 2026 snapshot; use revised cost/date only as outcome labels, not predictive features."
498,Metals & Mining Capacity expansion of Deposit-14 and 14 NMZ at Kirandul,National Mineral Development Corporation Limited [NMDC],615202,-,Chhattisgarh,08/2021,07/2022,12/2028,03/2028,1700.0,1756.2,253.33,15.93,78,2026-03-31,https://ipm.mospi.gov.in/Content/PDF/FlashReport_March_2026.pdf,1,3.3059,0,-9,55,88,33,14.9018,2026-03,2026-03-01,"Retrospective March 2026 snapshot; use revised cost/date only as outcome labels, not predictive features."
499,Steel Replacement of Hot Leveller No.1 of Plate Mill at Bhilai Steel Plant,Steel Authority of India Limited [SAIL],617243,N12000137,Chhattisgarh,07/2024,08/2024,07/2026,,198.62,198.62,65.34,49.0,78,2026-03-31,https://ipm.mospi.gov.in/Content/PDF/FlashReport_March_2026.pdf,0,0.0000,,,20,24,4,32.8970,2026-03,2026-03-01,"Retrospective March 2026 snapshot; use revised cost/date only as outcome labels, not predictive features."
500,"Replacement of Converter Vessels, Trunnion Rings, Support System & Installation of Secondary Emission at Bhilai Steel Plant",Steel Authority of India Limited [SAIL],617255,N12000131,Chhattisgarh,10/2023,12/2023,06/2026,,471.83,471.83,221.36,64.5,78,2026-03-31,https://ipm.mospi.gov.in/Content/PDF/FlashReport_March_2026.pdf,0,0.0000,,,29,32,3,46.9152,2026-03,2026-03-01,"Retrospective March 2026 snapshot; use revised cost/date only as outcome labels, not predictive features."
501,Rebuilding of Coke Oven Battery No.7 & 8 at Bhilai Steel Plant,Steel Authority of India Limited [SAIL],617256,N12000133,Chhattisgarh,11/2023,01/2024,10/2025,03/2026,884.1,884.1,589.3,88.45,78,2026-03-31,https://ipm.mospi.gov.in/Content/PDF/FlashReport_March_2026.pdf,0,0.0000,1,5,28,23,-5,66.6554,2026-03,2026-03-01,"Retrospective March 2026 snapshot; use revised cost/date only as outcome labels, not predictive features."
502,NMDC Slurry Pipeline Project Phase-1,National Mineral Development Corporation Limited [NMDC],706811,,Chhattisgarh,11/2015,09/2020,06/2023,04/2026,2907.0,5427.0,3603.64,94.0,78,2026-03-31,https://ipm.mospi.gov.in/Content/PDF/FlashReport_March_2026.pdf,1,86.6873,1,34,124,91,-33,123.9642,2026-03,2026-03-01,"Retrospective March 2026 snapshot; use revised cost/date only as outcome labels, not predictive features."
503,SCREENING PLANT-III AT KIRANDUL,National Mineral Development Corporation Limited [NMDC],709826,N12000127,Chhattisgarh,01/2009,10/2021,01/2026,07/2027,2718.84,2718.84,1519.66,81.77,79,2026-03-31,https://ipm.mospi.gov.in/Content/PDF/FlashReport_March_2026.pdf,0,0.0000,1,18,206,204,-2,55.8937,2026-03,2026-03-01,"Retrospective March 2026 snapshot; use revised cost/date only as outcome labels, not predictive features."
504,"New Sinter Plant at BSL, SAIL",Steel Authority of India Limited [SAIL],400174,N12000095,Jharkhand,03/2015,10/2015,10/2017,06/2027,1034.01,1752.3,980.24,58.1,79,2026-03-31,https://ipm.mospi.gov.in/Content/PDF/FlashReport_March_2026.pdf,1,69.4664,1,116,132,31,-101,94.7999,2026-03,2026-03-01,"Retrospective March 2026 snapshot; use revised cost/date only as outcome labels, not predictive features."
505,Replacement of existing Grinders in CRM-I & II at Bokaro Steel Plant,Steel Authority of India Limited [SAIL],617249,N12000142,Jharkhand,01/2025,02/2025,01/2027,,211.94,211.94,45.08,35.3,79,2026-03-31,https://ipm.mospi.gov.in/Content/PDF/FlashReport_March_2026.pdf,0,0.0000,,,14,24,10,21.2702,2026-03,2026-03-01,"Retrospective March 2026 snapshot; use revised cost/date only as outcome labels, not predictive features."
506,Secondary Emission Control in Converters of SMS-II at Bokaro Steel Plant,Steel Authority of India Limited [SAIL],617250,N12000143,Jharkhand,01/2025,02/2025,10/2026,,207.13,207.13,38.61,32.99,79,2026-03-31,https://ipm.mospi.gov.in/Content/PDF/FlashReport_March_2026.pdf,0,0.0000,,,14,21,7,18.6405,2026-03,2026-03-01,"Retrospective March 2026 snapshot; use revised cost/date only as outcome labels, not predictive features."
507,Revamping of old sub-systems of Blast Furnace 3 at Bokaro Steel Plant,Steel Authority of India Limited [SAIL],617253,N12000129,Jharkhand,08/2023,10/2023,07/2025,05/2026,513.82,513.82,381.87,97.3,79,2026-03-31,https://ipm.mospi.gov.in/Content/PDF/FlashReport_March_2026.pdf,0,0.0000,1,10,31,23,-8,74.3198,2026-03,2026-03-01,"Retrospective March 2026 snapshot; use revised cost/date only as outcome labels, not predictive features."
508,Replacement of remaining 04 sets of Battery Cyclones with 04 Nos. of ESPs in Sinter Plant-1 at Bokaro Steel Plant,Steel Authority of India Limited [SAIL],617254,N12000134,Jharkhand,03/2024,04/2024,06/2026,04/2027,260.37,260.37,89.76,42.13,79,2026-03-31,https://ipm.mospi.gov.in/Content/PDF/FlashReport_March_2026.pdf,0,0.0000,1,10,24,27,3,34.4740,2026-03,2026-03-01,"Retrospective March 2026 snapshot; use revised cost/date only as outcome labels, not predictive features."
509,Rebuilding of Coke Oven Battery No.6 at Bokaro Steel Plant,Steel Authority of India Limited [SAIL],617257,N12000135,Jharkhand,11/2023,12/2023,11/2026,,627.31,627.31,321.22,57.77,79,2026-03-31,https://ipm.mospi.gov.in/Content/PDF/FlashReport_March_2026.pdf,0,0.0000,,,28,36,8,51.2059,2026-03,2026-03-01,"Retrospective March 2026 snapshot; use revised cost/date only as outcome labels, not predictive features."
510,"Construction of Screening Plant-II for Donimalai and Kumaraswamy Iron Ore Mining Complex of NMDC Limited at Ballari Dt, Karnataka.",National Mineral Development Corporation Limited [NMDC],400121,N12000136,Karnataka,11/2014,06/2024,08/2026,,1043.63,1043.63,606.39,60.3,79,2026-03-31,https://ipm.mospi.gov.in/Content/PDF/FlashReport_March_2026.pdf,0,0.0000,,,136,141,5,58.1039,2026-03,2026-03-01,"Retrospective March 2026 snapshot; use revised cost/date only as outcome labels, not predictive features."
511,Rebuilding of COB 4 at Durgapur Steel Plant,Steel Authority of India Limited [SAIL],612781,N12000132,West Bengal,09/2023,09/2023,12/2026,09/2027,916.78,916.78,190.28,32.82,79,2026-03-31,https://ipm.mospi.gov.in/Content/PDF/FlashReport_March_2026.pdf,0,0.0000,1,9,30,39,9,20.7553,2026-03,2026-03-01,"Retrospective March 2026 snapshot; use revised cost/date only as outcome labels, not predictive features."
512,Installation of New Bar Mill at Durgapur Steel Plant,Steel Authority of India Limited [SAIL],617242,N12000138,West Bengal,07/2024,08/2024,06/2027,,2115.44,2115.44,494.78,54.33,79,2026-03-31,https://ipm.mospi.gov.in/Content/PDF/FlashReport_March_2026.pdf,0,0.0000,,,20,35,15,23.3890,2026-03,2026-03-01,"Retrospective March 2026 snapshot; use revised cost/date only as outcome labels, not predictive features."
513,Up-gradation of Blast Furnace No. 3 at Durgapur Steel Plant,Steel Authority of India Limited [SAIL],617246,N12000139,West Bengal,09/2024,10/2024,06/2026,10/2027,758.09,758.09,213.61,34.02,79,2026-03-31,https://ipm.mospi.gov.in/Content/PDF/FlashReport_March_2026.pdf,0,0.0000,1,16,18,21,3,28.1774,2026-03,2026-03-01,"Retrospective March 2026 snapshot; use revised cost/date only as outcome labels, not predictive features."
514,Third Ladle Furnace in Secondary Refinery Unit at IISCO Steel Plant,Steel Authority of India Limited [SAIL],617248,N12000141,West Bengal,11/2024,12/2024,07/2026,,227.96,227.96,64.62,62.39,79,2026-03-31,https://ipm.mospi.gov.in/Content/PDF/FlashReport_March_2026.pdf,0,0.0000,,,16,20,4,28.3471,2026-03,2026-03-01,"Retrospective March 2026 snapshot; use revised cost/date only as outcome labels, not predictive features."
515,Revamping of Air Pollution Control Systems of SP-1 at Durgapur Steel Plant,Steel Authority of India Limited [SAIL],617251,N12000140,West Bengal,07/2024,12/2024,05/2026,,196.4,196.4,37.82,24.8,79,2026-03-31,https://ipm.mospi.gov.in/Content/PDF/FlashReport_March_2026.pdf,0,0.0000,,,20,22,2,19.2566,2026-03,2026-03-01,"Retrospective March 2026 snapshot; use revised cost/date only as outcome labels, not predictive features."
516,Stamp Charge Battery No.12 Battery Proper at IISCO Steel Plant,Steel Authority of India Limited [SAIL],617338,-,West Bengal,01/2025,02/2025,07/2028,,2518.39,2518.39,333.48,22.79,79,2026-03-31,https://ipm.mospi.gov.in/Content/PDF/FlashReport_March_2026.pdf,0,0.0000,,,14,42,28,13.2418,2026-03,2026-03-01,"Retrospective March 2026 snapshot; use revised cost/date only as outcome labels, not predictive features."
517,Railways Nadikudi - Srikalahasti New Line,South Central Railway [SCR] - II,400298,N22000286,Andhra Pradesh,03/2012,12/2016,05/2027,03/2028,2312.0,5932.0,3016.32,55.0,79,2026-03-31,https://ipm.mospi.gov.in/Content/PDF/FlashReport_March_2026.pdf,1,156.5744,1,10,168,182,14,130.4637,2026-03,2026-03-01,"Retrospective March 2026 snapshot; use revised cost/date only as outcome labels, not predictive features."
518,GOOTY-PENDEKALLU DOUBLING 29.225 Km,South Central Railway [SCR] - II,611752,N22000585,Andhra Pradesh,03/2023,06/2023,03/2027,03/2027,351.83,351.83,320.5,3.02,79,2026-03-31,https://ipm.mospi.gov.in/Content/PDF/FlashReport_March_2026.pdf,0,0.0000,0,0,36,48,12,91.0951,2026-03,2026-03-01,"Retrospective March 2026 snapshot; use revised cost/date only as outcome labels, not predictive features."
519,GUNTAKAL WEST-MALLAPPA GATE RAIL OVER RAIL - ROR TRACK,South Central Railway [SCR] - II,611754,-,Andhra Pradesh,07/2023,07/2023,07/2026,,293.3,293.3,259.11,0.22,79,2026-03-31,https://ipm.mospi.gov.in/Content/PDF/FlashReport_March_2026.pdf,0,0.0000,,,32,36,4,88.3430,2026-03,2026-03-01,"Retrospective March 2026 snapshot; use revised cost/date only as outcome labels, not predictive features."
520,Kurnool - Setting up facilities for coach midlife rehabilitation workshop,WPO/Patna,611927,-,Andhra Pradesh,01/2014,10/2017,12/2023,,560.72,560.72,276.66,65.0,79,2026-03-31,https://ipm.mospi.gov.in/Content/PDF/FlashReport_March_2026.pdf,0,0.0000,,,146,119,-27,49.3401,2026-03,2026-03-01,"Retrospective March 2026 snapshot; use revised cost/date only as outcome labels, not predictive features."
521,Flyover between Pendurthi and Simhachalam North to avoid surface crossing at Simhachalam 7.135 km PB 73 of 2023 24 NR,East Coast Railway [ECoR] - II,612827,-,Andhra Pradesh,04/2023,05/2024,04/2027,,183.65,183.65,11.87,13.0,79,2026-03-31,https://ipm.mospi.gov.in/Content/PDF/FlashReport_March_2026.pdf,0,0.0000,,,35,48,13,6.4634,2026-03,2026-03-01,"Retrospective March 2026 snapshot; use revised cost/date only as outcome labels, not predictive features."
522,3rd & 4th line between Vadlapudi -Gate Jn. cabin and Tie line between Gate Junction to Gangavaram port,East Coast Railway [ECoR] - II,616697,-,Andhra Pradesh,04/2023,03/2024,06/2026,,154.28,154.28,53.93,65.0,79,2026-03-31,https://ipm.mospi.gov.in/Content/PDF/FlashReport_March_2026.pdf,0,0.0000,,,35,38,3,34.9559,2026-03,2026-03-01,"Retrospective March 2026 snapshot; use revised cost/date only as outcome labels, not predictive features."
523,Tiupati Katpadi 104.39 kms,South Central Railway [SCR] - II,617210,,Andhra Pradesh,04/2025,04/2025,03/2029,,1215.56,1215.56,0.15,0.04,79,2026-03-31,https://ipm.mospi.gov.in/Content/PDF/FlashReport_March_2026.pdf,0,0.0000,,,11,47,36,0.0123,2026-03,2026-03-01,"Retrospective March 2026 snapshot; use revised cost/date only as outcome labels, not predictive features."
525,Kurnool Coach Midlife Rehabilitation Project,WPO/Patna,705253,-,Andhra Pradesh,05/2016,07/2014,12/2020,,563.0,563.0,120.0,0.0,80,2026-03-31,https://ipm.mospi.gov.in/Content/PDF/FlashReport_March_2026.pdf,0,0.0000,,,118,55,-63,21.3144,2026-03,2026-03-01,"Retrospective March 2026 snapshot; use revised cost/date only as outcome labels, not predictive features."
526,Kotapalli - Narasapur New Line,South Central Railway [SCR] - II,705436,220100265,Andhra Pradesh,03/2009,09/2013,03/2028,03/2028,2501.0,2501.0,1417.27,30.0,80,2026-03-31,https://ipm.mospi.gov.in/Content/PDF/FlashReport_March_2026.pdf,0,0.0000,0,0,204,228,24,56.6681,2026-03,2026-03-01,"Retrospective March 2026 snapshot; use revised cost/date only as outcome labels, not predictive features."
527,Guntur-Guntakal Doubling Project,South Central Railway [SCR] - II,705633,N22000368,Andhra Pradesh,03/2017,11/2017,12/2025,12/2026,3733.0,4295.0,5463.71,94.0,80,2026-03-31,https://ipm.mospi.gov.in/Content/PDF/FlashReport_March_2026.pdf,1,15.0549,1,12,108,105,-3,146.3624,2026-03,2026-03-01,"Retrospective March 2026 snapshot; use revised cost/date only as outcome labels, not predictive features."
528,Vijaywada-Gudur 3rd Line,RVNL - II,705648,N22000369,Andhra Pradesh,08/2016,04/2018,11/2024,03/2026,6654.0,6654.0,6170.32,96.0,80,2026-03-31,https://ipm.mospi.gov.in/Content/PDF/FlashReport_March_2026.pdf,0,0.0000,1,16,115,99,-16,92.7310,2026-03,2026-03-01,"Retrospective March 2026 snapshot; use revised cost/date only as outcome labels, not predictive features."
529,Furkating-New Tinsukia[194 Km],Northeast Frontier Railway [NFR],618986,-,Assam,09/2025,09/2025,06/2029,,3633.58,3633.58,0.0,0.0,80,2026-03-31,https://ipm.mospi.gov.in/Content/PDF/FlashReport_March_2026.pdf,0,0.0000,,,6,45,39,0.0000,2026-03,2026-03-01,"Retrospective March 2026 snapshot; use revised cost/date only as outcome labels, not predictive features."
530,Doubling of New Bonggigaon to Kamakhya via Goalpara - 176 km,Northeast Frontier Railway [NFR],705572,N22000388,Assam,09/2016,09/2016,03/2026,03/2026,4060.0,4961.0,3803.16,93.29,80,2026-03-31,https://ipm.mospi.gov.in/Content/PDF/FlashReport_March_2026.pdf,1,22.1921,0,0,114,114,0,93.6739,2026-03,2026-03-01,"Retrospective March 2026 snapshot; use revised cost/date only as outcome labels, not predictive features."
531,Guwahati-Dibrugarh via Tinsukia & Simaluguri-Dibrugarh,Central Organisation for Railway Electrification [CORE],706922,-,Assam,09/2020,09/2018,09/2020,06/2024,890.36,889.36,391.73,89.0,80,2026-03-31,https://ipm.mospi.gov.in/Content/PDF/FlashReport_March_2026.pdf,0,-0.1123,1,45,66,0,-66,43.9968,2026-03,2026-03-01,"Retrospective March 2026 snapshot; use revised cost/date only as outcome labels, not predictive features."
532,"Mariani-Jorhat, Tinsukia-Dangri and Makum -TirapTrack Electrification Project",GM/C/ NFR,706940,-,Assam,09/2018,01/2022,05/2024,,183.99,183.99,0.0,0.0,80,2026-03-31,https://ipm.mospi.gov.in/Content/PDF/FlashReport_March_2026.pdf,0,0.0000,,,90,68,-22,0.0000,2026-03,2026-03-01,"Retrospective March 2026 snapshot; use revised cost/date only as outcome labels, not predictive features."
533,Harmuty-Murkongselek Branch Line Electrification Project,GM/C/ NFR,706942,-,Assam,09/2018,01/2022,05/2024,,237.52,237.52,0.0,0.0,80,2026-03-31,https://ipm.mospi.gov.in/Content/PDF/FlashReport_March_2026.pdf,0,0.0000,,,90,68,-22,0.0000,2026-03,2026-03-01,"Retrospective March 2026 snapshot; use revised cost/date only as outcome labels, not predictive features."
534,Sakri -Hasanpur [via Harnagar - Kusheshwar Asthan] New Railway line,East Central Railway [ECR] - I,400254,-,Bihar,12/2023,08/1997,12/2024,03/2027,735.2,735.2,589.37,84.2,80,2026-03-31,https://ipm.mospi.gov.in/Content/PDF/FlashReport_March_2026.pdf,0,0.0000,1,27,27,12,-15,80.1646,2026-03,2026-03-01,"Retrospective March 2026 snapshot; use revised cost/date only as outcome labels, not predictive features."
535,Construction of Bulb line at Nabinagar Ankorah of East Central Railway,East Central Railway [ECR] - I,617231,-,Bihar,06/2024,06/2024,06/2028,,611.74,611.74,0.0,0.0,80,2026-03-31,https://ipm.mospi.gov.in/Content/PDF/FlashReport_March_2026.pdf,0,0.0000,,,21,48,27,0.0000,2026-03,2026-03-01,"Retrospective March 2026 snapshot; use revised cost/date only as outcome labels, not predictive features."
536,Khagaria-Kusheshwar Asthan [42Km] new line project,East Central Railway [ECR] - I,705364,220100257,Bihar,04/2019,12/1998,12/2024,03/2027,614.0,1384.16,490.46,55.6,80,2026-03-31,https://ipm.mospi.gov.in/Content/PDF/FlashReport_March_2026.pdf,1,125.4332,1,27,83,68,-15,79.8795,2026-03,2026-03-01,"Retrospective March 2026 snapshot; use revised cost/date only as outcome labels, not predictive features."
537,Hajipur-Sagauli New line,East Central Railway [ECR] - I,705366,220100303,Bihar,10/2007,10/2004,03/2020,12/2026,2067.0,2087.0,2043.33,75.0,80,2026-03-31,https://ipm.mospi.gov.in/Content/PDF/FlashReport_March_2026.pdf,1,0.9676,1,81,221,149,-72,98.8549,2026-03,2026-03-01,"Retrospective March 2026 snapshot; use revised cost/date only as outcome labels, not predictive features."
538,Araria Supaul New BG Line,East Central Railway [ECR] - I,705368,N22000177,Bihar,06/2018,03/2009,03/2024,01/2027,1605.0,2514.0,1704.33,46.5,80,2026-03-31,https://ipm.mospi.gov.in/Content/PDF/FlashReport_March_2026.pdf,1,56.6355,1,34,93,69,-24,106.1888,2026-03,2026-03-01,"Retrospective March 2026 snapshot; use revised cost/date only as outcome labels, not predictive features."
539,"Fatuha-Islampur incl. MM for extn.of NL from Neora to Daniawan , Daniawan to Biharsharif, Biharsharif to Barbigha , Barbigha to Shekhpura",East Central Railway [ECR] - I,705373,N22000476,Bihar,08/2002,03/2002,03/2023,08/2025,1473.0,2882.0,2641.14,98.0,80,2026-03-31,https://ipm.mospi.gov.in/Content/PDF/FlashReport_March_2026.pdf,1,95.6551,1,29,283,247,-36,179.3035,2026-03,2026-03-01,"Retrospective March 2026 snapshot; use revised cost/date only as outcome labels, not predictive features."
540,Jogbani-Biratnagar New Rail Line project,Indian Railway Construction International Limited [IRCON],705450,N22000207,Bihar,06/2010,01/2011,03/2022,12/2026,402.0,486.0,369.18,86.26,80,2026-03-31,https://ipm.mospi.gov.in/Content/PDF/FlashReport_March_2026.pdf,1,20.8955,1,57,189,141,-48,91.8358,2026-03,2026-03-01,"Retrospective March 2026 snapshot; use revised cost/date only as outcome labels, not predictive features."
541,Samastipur-Darbhanga Doubling Railway Project,East Central Railway [ECR] - I,705526,N22000329,Bihar,11/2015,12/2015,03/2025,10/2025,519.0,519.0,400.14,96.0,80,2026-03-31,https://ipm.mospi.gov.in/Content/PDF/FlashReport_March_2026.pdf,0,0.0000,1,7,124,112,-12,77.0983,2026-03,2026-03-01,"Retrospective March 2026 snapshot; use revised cost/date only as outcome labels, not predictive features."
542,Sagauli-Valmiknagar,East Central Railway [ECR] - I,705527,N22000472,Bihar,03/2018,03/2017,12/2025,12/2025,1216.0,2222.0,2095.73,92.6,80,2026-03-31,https://ipm.mospi.gov.in/Content/PDF/FlashReport_March_2026.pdf,1,82.7303,0,0,96,93,-3,172.3462,2026-03,2026-03-01,"Retrospective March 2026 snapshot; use revised cost/date only as outcome labels, not predictive features."
543,Muzaffarpur-Sugauli,East Central Railway [ECR] - I,705528,N22000473,Bihar,03/2018,03/2017,06/2024,06/2026,1586.0,1586.0,1489.51,99.0,80,2026-03-31,https://ipm.mospi.gov.in/Content/PDF/FlashReport_March_2026.pdf,0,0.0000,1,24,96,75,-21,93.9161,2026-03,2026-03-01,"Retrospective March 2026 snapshot; use revised cost/date only as outcome labels, not predictive features."
544,Rampur Dumra-Tal-Rajendrapul Additional Bridge and Railway Line Doubling,Indian Railway Construction International Limited [IRCON],706759,N22000350,Bihar,03/2016,05/2017,12/2024,12/2025,2373.64,1700.24,1582.44,98.4,80,2026-03-31,https://ipm.mospi.gov.in/Content/PDF/FlashReport_March_2026.pdf,0,-28.3699,1,12,120,105,-15,66.6672,2026-03,2026-03-01,"Retrospective March 2026 snapshot; use revised cost/date only as outcome labels, not predictive features."
545,Barauni-Bachwara [16 km] - 3rd & 4th line incl. Barauni yard remodelling [32 km],East Central Railway [ECR] - I,706860,N22000524,Bihar,10/2022,08/2025,08/2025,10/2026,645.0,645.0,44.51,56.5,80,2026-03-31,https://ipm.mospi.gov.in/Content/PDF/FlashReport_March_2026.pdf,0,0.0000,1,14,41,34,-7,6.9008,2026-03,2026-03-01,"Retrospective March 2026 snapshot; use revised cost/date only as outcome labels, not predictive features."
546,JHAJHA - BATIA,East Central Railway [ECR] - I,900874,-,Bihar,03/2023,03/2023,03/2028,01/2030,588.18,588.18,2.01,0.1,80,2026-03-31,https://ipm.mospi.gov.in/Content/PDF/FlashReport_March_2026.pdf,0,0.0000,1,22,36,60,24,0.3417,2026-03,2026-03-01,"Retrospective March 2026 snapshot; use revised cost/date only as outcome labels, not predictive features."
547,Kharsia-Dharamjaygarh with Spur line [East Corridor-Phase 1],Indian Railway Construction International Limited [IRCON],400220,,Chhattisgarh,03/2016,01/2014,09/2018,03/2026,3055.0,3407.09,2688.26,95.0,80,2026-03-31,https://ipm.mospi.gov.in/Content/PDF/FlashReport_March_2026.pdf,1,11.5250,1,90,120,30,-90,87.9954,2026-03,2026-03-01,"Retrospective March 2026 snapshot; use revised cost/date only as outcome labels, not predictive features."
548,Doubling of Kirandul-Jagdalpur Line [150 km],East Coast Railway [ECoR] - II,400291,N22000318,Chhattisgarh,02/2013,03/2013,03/2020,05/2026,1589.0,1798.0,1637.5,97.51,81,2026-03-31,https://ipm.mospi.gov.in/Content/PDF/FlashReport_March_2026.pdf,1,13.1529,1,74,157,85,-72,103.0522,2026-03,2026-03-01,"Retrospective March 2026 snapshot; use revised cost/date only as outcome labels, not predictive features."
549,Gauge Conversion of Kendri-Dhamtari including Abhanpur - Rajim Branch line 67.20 Kms - 2nd Material Modification to Raipur Titlagarh doubling.,SECR,602792,N22000572,Chhattisgarh,07/2011,05/2021,02/2025,06/2026,1171.0,1171.0,391.2,100.0,81,2026-03-31,https://ipm.mospi.gov.in/Content/PDF/FlashReport_March_2026.pdf,0,0.0000,1,16,176,163,-13,33.4073,2026-03,2026-03-01,"Retrospective March 2026 snapshot; use revised cost/date only as outcome labels, not predictive features."
550,4th line between Nipania Bhatapara 14.4 Km,South East Central Railway [SECR] - II,612815,N22000573,Chhattisgarh,12/2022,05/2024,03/2027,,170.49,170.49,9.56,15.0,81,2026-03-31,https://ipm.mospi.gov.in/Content/PDF/FlashReport_March_2026.pdf,0,0.0000,,,39,51,12,5.6074,2026-03,2026-03-01,"Retrospective March 2026 snapshot; use revised cost/date only as outcome labels, not predictive features."
551,KHARSIA- NAYA RAIPUR-PARMALKASA 5th and 6th Line [278KM],CAO/C/SECR,617200,-,Chhattisgarh,04/2025,04/2025,03/2031,,7853.84,7853.84,0.6,0.0,81,2026-03-31,https://ipm.mospi.gov.in/Content/PDF/FlashReport_March_2026.pdf,0,0.0000,,,11,71,60,0.0076,2026-03,2026-03-01,"Retrospective March 2026 snapshot; use revised cost/date only as outcome labels, not predictive features."
552,"Dallirajhara - Rowghat New Rail Line Project, Phase-I",Rail Vikas Nigam Limited,617374,N22000602,Chhattisgarh,07/2009,11/2009,03/2025,02/2026,1516.45,1881.26,2119.82,98.0,81,2026-03-31,https://ipm.mospi.gov.in/Content/PDF/FlashReport_March_2026.pdf,1,24.0568,1,11,200,188,-12,139.7883,2026-03,2026-03-01,"Retrospective March 2026 snapshot; use revised cost/date only as outcome labels, not predictive features."
553,Dallirajhra- Rowghat New Railway Line - Phase I [95 km],Rail Vikas Nigam Limited,705433,-,Chhattisgarh,07/2009,12/2009,09/2025,12/2025,1628.0,1628.0,1440.85,82.0,81,2026-03-31,https://ipm.mospi.gov.in/Content/PDF/FlashReport_March_2026.pdf,0,0.0000,1,3,200,194,-6,88.5043,2026-03,2026-03-01,"Retrospective March 2026 snapshot; use revised cost/date only as outcome labels, not predictive features."
554,Gevra Road-Pendra Road New Railway Line [135 km],Indian Railway Construction International Limited [IRCON],705444,-,Chhattisgarh,04/2014,04/2014,03/2022,12/2025,4970.0,7448.52,5097.72,81.17,81,2026-03-31,https://ipm.mospi.gov.in/Content/PDF/FlashReport_March_2026.pdf,1,49.8696,1,45,143,95,-48,102.5698,2026-03,2026-03-01,"Retrospective March 2026 snapshot; use revised cost/date only as outcome labels, not predictive features."
555,Boridand - Ambikapur Doubling Line Project,South East Central Railway [SECR] - II,706854,N22000580,Chhattisgarh,06/2022,04/2022,06/2030,06/2030,1376.0,1576.72,224.23,26.0,81,2026-03-31,https://ipm.mospi.gov.in/Content/PDF/FlashReport_March_2026.pdf,1,14.5872,0,0,45,96,51,16.2958,2026-03,2026-03-01,"Retrospective March 2026 snapshot; use revised cost/date only as outcome labels, not predictive features."
556,4TH LINE - BHATAPARA-HATHBAND [8.8 KM] [PB-72/NR/2022-23],SECR,709815,N22000574,Chhattisgarh,09/2022,05/2024,01/2027,12/2027,177.03,177.03,4.68,15.0,81,2026-03-31,https://ipm.mospi.gov.in/Content/PDF/FlashReport_March_2026.pdf,0,0.0000,1,11,42,52,10,2.6436,2026-03,2026-03-01,"Retrospective March 2026 snapshot; use revised cost/date only as outcome labels, not predictive features."
557,4TH LINE - BHILAI-BHILAI NAGAR [8.8 KM] [PB-72/NR/2022-23],SECR,709816,N22000575,Chhattisgarh,09/2022,05/2024,02/2027,02/2027,177.34,177.34,1.91,7.0,81,2026-03-31,https://ipm.mospi.gov.in/Content/PDF/FlashReport_March_2026.pdf,0,0.0000,0,0,42,53,11,1.0770,2026-03,2026-03-01,"Retrospective March 2026 snapshot; use revised cost/date only as outcome labels, not predictive features."
558,4TH LINE - DADHAPARA-BELHA [9.2 KM] [PB-72/NR/2022-23],SECR,709817,N22000576,Chhattisgarh,09/2022,05/2024,11/2026,11/2026,169.06,169.06,21.65,64.0,81,2026-03-31,https://ipm.mospi.gov.in/Content/PDF/FlashReport_March_2026.pdf,0,0.0000,0,0,42,50,8,12.8061,2026-03,2026-03-01,"Retrospective March 2026 snapshot; use revised cost/date only as outcome labels, not predictive features."
559,4TH LINE RAJNANDGAON-DONGARHGARH [31.2 KM] [PB-72/NR/2022-23],SECR,709818,N22000577,Chhattisgarh,09/2022,05/2024,01/2027,01/2027,328.34,328.34,74.77,32.0,81,2026-03-31,https://ipm.mospi.gov.in/Content/PDF/FlashReport_March_2026.pdf,0,0.0000,0,0,42,52,10,22.7721,2026-03,2026-03-01,"Retrospective March 2026 snapshot; use revised cost/date only as outcome labels, not predictive features."
560,3RD AND 4TH LINE - SARAGBUNDIA AND MADWARANI,SECR,709819,N22000579,Chhattisgarh,09/2022,05/2025,12/2026,12/2026,167.64,167.64,3.77,8.0,81,2026-03-31,https://ipm.mospi.gov.in/Content/PDF/FlashReport_March_2026.pdf,0,0.0000,0,0,42,51,9,2.2489,2026-03,2026-03-01,"Retrospective March 2026 snapshot; use revised cost/date only as outcome labels, not predictive features."
561,Redevelopment of New Delhi Railway Station and construction of associated infrastructure,Rail Land Development Authority,613785,-,Delhi,01/2023,06/2024,12/2028,,4744.0,4744.0,176.88,2.75,81,2026-03-31,https://ipm.mospi.gov.in/Content/PDF/FlashReport_March_2026.pdf,0,0.0000,,,38,71,33,3.7285,2026-03,2026-03-01,"Retrospective March 2026 snapshot; use revised cost/date only as outcome labels, not predictive features."
562,Development of New Bijwasan Railway Terminal,Northern Railways,617379,-,Delhi,02/2008,03/2013,03/2020,12/2026,446.21,446.21,532.83,80.0,81,2026-03-31,https://ipm.mospi.gov.in/Content/PDF/FlashReport_March_2026.pdf,0,0.0000,1,81,217,145,-72,119.4124,2026-03,2026-03-01,"Retrospective March 2026 snapshot; use revised cost/date only as outcome labels, not predictive features."
563,Anand Vihar-Tilak Bridge 3rd & 4th line,CAO/C/NR,705583,N22000281,Delhi,03/2013,03/2013,03/2023,12/2027,667.0,667.0,303.54,23.0,81,2026-03-31,https://ipm.mospi.gov.in/Content/PDF/FlashReport_March_2026.pdf,0,0.0000,1,57,156,120,-36,45.5082,2026-03,2026-03-01,"Retrospective March 2026 snapshot; use revised cost/date only as outcome labels, not predictive features."
564,Kosamba Umarpada 70 Km,PCE/WR,611918,-,Gujarat,07/2023,07/2022,03/2027,,468.0,468.0,20.28,8.0,81,2026-03-31,https://ipm.mospi.gov.in/Content/PDF/FlashReport_March_2026.pdf,0,0.0000,,,32,44,12,4.3333,2026-03,2026-03-01,"Retrospective March 2026 snapshot; use revised cost/date only as outcome labels, not predictive features."
565,New Broad Gauge line between Naliya to Jakhau Port,Western Railway [WR] - II,611943,N22000550,Gujarat,02/2023,02/2023,01/2028,06/2027,410.26,410.26,10.04,5.0,81,2026-03-31,https://ipm.mospi.gov.in/Content/PDF/FlashReport_March_2026.pdf,0,0.0000,0,-7,37,59,22,2.4472,2026-03,2026-03-01,"Retrospective March 2026 snapshot; use revised cost/date only as outcome labels, not predictive features."
566,Petlad Bhadran 23 Kms,Western Railway,611945,N22000538,Gujarat,05/2022,05/2022,05/2030,05/2030,307.11,307.11,14.2,17.0,81,2026-03-31,https://ipm.mospi.gov.in/Content/PDF/FlashReport_March_2026.pdf,0,0.0000,0,0,46,96,50,4.6238,2026-03,2026-03-01,"Retrospective March 2026 snapshot; use revised cost/date only as outcome labels, not predictive features."
567,Samlaya Timba Road 54 km,PCE/WR,611970,N22000540,Gujarat,02/2023,02/2023,03/2030,03/2030,670.17,670.17,45.21,12.0,81,2026-03-31,https://ipm.mospi.gov.in/Content/PDF/FlashReport_March_2026.pdf,0,0.0000,0,0,37,85,48,6.7460,2026-03,2026-03-01,"Retrospective March 2026 snapshot; use revised cost/date only as outcome labels, not predictive features."
568,Samni Jambusar 24 km,PCE/WR,611971,N22000541,Gujarat,05/2022,05/2022,03/2030,03/2030,350.0,349.93,71.05,31.0,81,2026-03-31,https://ipm.mospi.gov.in/Content/PDF/FlashReport_March_2026.pdf,0,-0.0200,0,0,46,94,48,20.3000,2026-03,2026-03-01,"Retrospective March 2026 snapshot; use revised cost/date only as outcome labels, not predictive features."
569,Western Railway Samakhiali Gandhidham Quadrupiling 53 Kms,Western Railway [WR] - II,611974,-,Gujarat,08/2023,08/2023,12/2026,12/2027,1430.0,1430.0,407.94,35.0,81,2026-03-31,https://ipm.mospi.gov.in/Content/PDF/FlashReport_March_2026.pdf,0,0.0000,1,12,31,40,9,28.5273,2026-03,2026-03-01,"Retrospective March 2026 snapshot; use revised cost/date only as outcome labels, not predictive features."
570,Dahod Creation of Infrastructure facilities for 9000 HP Electric locomotives Manufacturing at,PCE/WR,,,Gujarat,05/2022,,02/2025,,487.0,,222.88,53.0,81,2026-03-31,https://ipm.mospi.gov.in/Content/PDF/FlashReport_March_2026.pdf,,,,,46,33,-13,45.7659,2026-03,2026-03-01,"Retrospective March 2026 snapshot; use revised cost/date only as outcome labels, not predictive features."
571,Dahod Rolling Stock Workshop Provision of Infrastructure for CBS at,PCE/WR,611978,-,Gujarat,11/2022,03/2023,03/2025,,158.0,158.0,51.87,10.0,82,2026-03-31,https://ipm.mospi.gov.in/Content/PDF/FlashReport_March_2026.pdf,0,0.0000,,,40,28,-12,32.8291,2026-03,2026-03-01,"Retrospective March 2026 snapshot; use revised cost/date only as outcome labels, not predictive features."
572,Sabarmati Setting up of Maintenance Facilities for Train Sets Phase ii,Western Railway [WR] - II,611979,-,Gujarat,01/2023,04/2023,06/2025,05/2026,250.0,250.0,134.97,88.0,82,2026-03-31,https://ipm.mospi.gov.in/Content/PDF/FlashReport_March_2026.pdf,0,0.0000,1,11,38,29,-9,53.9880,2026-03,2026-03-01,"Retrospective March 2026 snapshot; use revised cost/date only as outcome labels, not predictive features."
573,4th LINE BETWEEN BAREJADI NANDEJ-SANAND-AHMEDABAD BYPASS,Western Railway WR - II,612072,N22000532,Gujarat,02/2023,02/2023,03/2027,07/2028,961.67,961.67,496.02,21.0,82,2026-03-31,https://ipm.mospi.gov.in/Content/PDF/FlashReport_March_2026.pdf,0,0.0000,1,16,37,49,12,51.5790,2026-03,2026-03-01,"Retrospective March 2026 snapshot; use revised cost/date only as outcome labels, not predictive features."
574,"Redevelopment of Ahmedabad railway station and associated infrastructure on engineering, procurement and construction mode",Rail Land Development Authority,613786,-,Gujarat,01/2023,11/2023,03/2028,,2379.0,2379.0,913.54,29.7,82,2026-03-31,https://ipm.mospi.gov.in/Content/PDF/FlashReport_March_2026.pdf,0,0.0000,,,38,62,24,38.4002,2026-03,2026-03-01,"Retrospective March 2026 snapshot; use revised cost/date only as outcome labels, not predictive features."
575,Devbhumi Dwarka [Okha] - Kanalus Doubling,Western Railway [WR] - II,618972,-,Gujarat,12/2025,12/2025,12/2028,,1456.77,1456.77,0.0,0.0,82,2026-03-31,https://ipm.mospi.gov.in/Content/PDF/FlashReport_March_2026.pdf,0,0.0000,,,3,36,33,0.0000,2026-03,2026-03-01,"Retrospective March 2026 snapshot; use revised cost/date only as outcome labels, not predictive features."
576,Miyagam-Karjan-Dabhoi-Samlaya [GC],Western Railway [WR] - II,705458,N22000142,Gujarat,01/2017,01/2017,03/2021,12/2026,483.88,1039.13,654.38,42.0,82,2026-03-31,https://ipm.mospi.gov.in/Content/PDF/FlashReport_March_2026.pdf,1,114.7495,1,69,110,50,-60,135.2360,2026-03,2026-03-01,"Retrospective March 2026 snapshot; use revised cost/date only as outcome labels, not predictive features."
577,Modasa-Shamlaji Road Railway Line Project,Western Railway WR - II,706757,N22000622,Gujarat,09/2012,04/2008,03/2025,03/2026,262.0,262.0,365.22,64.0,82,2026-03-31,https://ipm.mospi.gov.in/Content/PDF/FlashReport_March_2026.pdf,0,0.0000,1,12,162,150,-12,139.3969,2026-03,2026-03-01,"Retrospective March 2026 snapshot; use revised cost/date only as outcome labels, not predictive features."
578,Rajkot - Kanalus Doubling Project [111.2 Kms],Western Railway WR - II,706763,N22000535,Gujarat,10/2021,12/2021,10/2026,06/2026,1080.58,1080.58,916.33,81.0,82,2026-03-31,https://ipm.mospi.gov.in/Content/PDF/FlashReport_March_2026.pdf,0,0.0000,0,-4,53,60,7,84.7998,2026-03,2026-03-01,"Retrospective March 2026 snapshot; use revised cost/date only as outcome labels, not predictive features."
579,NADIAD-PETLAD [37.26 KM],Railway,709812,N22000539,Gujarat,05/2022,10/2023,06/2030,06/2030,461.91,461.91,178.78,8.0,82,2026-03-31,https://ipm.mospi.gov.in/Content/PDF/FlashReport_March_2026.pdf,0,0.0000,0,0,46,97,51,38.7045,2026-03,2026-03-01,"Retrospective March 2026 snapshot; use revised cost/date only as outcome labels, not predictive features."
580,NEW BG LINE INTERSECTION [5 NOS] BETWEEN GERATPUR-SANAND & BOTAD-AHMEDABAD [16.51 KM],Western Railway [WR] - II,709813,N22000551,Gujarat,10/2022,07/2025,06/2028,10/2027,437.21,437.21,116.06,21.0,82,2026-03-31,https://ipm.mospi.gov.in/Content/PDF/FlashReport_March_2026.pdf,0,0.0000,0,-8,41,68,27,26.5456,2026-03,2026-03-01,"Retrospective March 2026 snapshot; use revised cost/date only as outcome labels, not predictive features."
581,Bhiwani - Dobh Bahali Doubling Project [42.30 Km],North Western Railway [NWR],611884,N22000604,Haryana,02/2023,02/2023,02/2028,02/2028,471.0,471.0,250.47,72.0,82,2026-03-31,https://ipm.mospi.gov.in/Content/PDF/FlashReport_March_2026.pdf,0,0.0000,0,0,37,60,23,53.1783,2026-03,2026-03-01,"Retrospective March 2026 snapshot; use revised cost/date only as outcome labels, not predictive features."
582,Doubling between Pradhankunta-Patherih-Bhojudih of East Central Railway,East Central Railway [ECR] - I,617372,-,Jharkhand,11/2022,11/2022,12/2025,03/2026,349.22,349.22,119.69,71.2,82,2026-03-31,https://ipm.mospi.gov.in/Content/PDF/FlashReport_March_2026.pdf,0,0.0000,1,3,40,37,-3,34.2735,2026-03,2026-03-01,"Retrospective March 2026 snapshot; use revised cost/date only as outcome labels, not predictive features."
583,Koderma-Arigada Doubling 133.38 Km of East Central Railway,East Central Railway [ECR] - I,617832,-,Jharkhand,06/2025,06/2025,12/2029,,2887.11,2887.11,0.0,0.0,82,2026-03-31,https://ipm.mospi.gov.in/Content/PDF/FlashReport_March_2026.pdf,0,0.0000,,,9,54,45,0.0000,2026-03,2026-03-01,"Retrospective March 2026 snapshot; use revised cost/date only as outcome labels, not predictive features."
584,Gomoh - Flyover for DN trains,East Central Railway [ECR] - I,705765,N22000611,Jharkhand,01/2018,01/2018,03/2026,03/2026,686.0,686.0,621.98,66.0,82,2026-03-31,https://ipm.mospi.gov.in/Content/PDF/FlashReport_March_2026.pdf,0,0.0000,0,0,98,98,0,90.6676,2026-03,2026-03-01,"Retrospective March 2026 snapshot; use revised cost/date only as outcome labels, not predictive features."
585,Lodhma - Piska - Link Line bypassing Hatia/Ranchi with Y connection,South Eastern Railway [SER] - I,705785,N22000508,Jharkhand,08/2021,03/2019,06/2026,05/2027,473.0,473.0,302.69,5.0,82,2026-03-31,https://ipm.mospi.gov.in/Content/PDF/FlashReport_March_2026.pdf,0,0.0000,1,11,55,58,3,63.9937,2026-03,2026-03-01,"Retrospective March 2026 snapshot; use revised cost/date only as outcome labels, not predictive features."
586,Pradhan Kuntha Jn Line Doubling Project,East Central Railway [ECR] - I,706837,N22000529,Jharkhand,11/2022,11/2022,11/2027,11/2027,349.22,349.22,119.69,71.2,82,2026-03-31,https://ipm.mospi.gov.in/Content/PDF/FlashReport_March_2026.pdf,0,0.0000,0,0,40,60,20,34.2735,2026-03,2026-03-01,"Retrospective March 2026 snapshot; use revised cost/date only as outcome labels, not predictive features."
587,Construction of New BG line between Hassan to Belur [27 Km],South Western Railway [SWR] - II,400023,N22000558,Karnataka,03/2019,12/2025,04/2028,04/2027,749.0,749.0,0.94,0.3,82,2026-03-31,https://ipm.mospi.gov.in/Content/PDF/FlashReport_March_2026.pdf,0,0.0000,0,-12,84,109,25,0.1255,2026-03,2026-03-01,"Retrospective March 2026 snapshot; use revised cost/date only as outcome labels, not predictive features."
588,Yeshvanthpur - Channasandra Doubling Project [21.70 Km],Karnataka Rail Infrastructure Development Company Limited [K-RIDE],703585,N22000543,Karnataka,04/2019,10/2019,03/2024,03/2026,314.1,683.57,169.1,56.0,82,2026-03-31,https://ipm.mospi.gov.in/Content/PDF/FlashReport_March_2026.pdf,1,117.6281,1,24,83,59,-24,53.8364,2026-03,2026-03-01,"Retrospective March 2026 snapshot; use revised cost/date only as outcome labels, not predictive features."
589,New Railway Line between Ginigera and Raichur [165.57 km],South Western Railway [SWR] - II,705434,-,Karnataka,03/2008,05/2009,03/2019,03/2027,2565.0,3034.98,2247.23,70.0,82,2026-03-31,https://ipm.mospi.gov.in/Content/PDF/FlashReport_March_2026.pdf,1,18.3228,1,96,216,132,-84,87.6113,2026-03,2026-03-01,"Retrospective March 2026 snapshot; use revised cost/date only as outcome labels, not predictive features."
590,Gadag-Wadi New Railway Line [257 km],South Western Railway [SWR] - II,705490,N22000299,Karnataka,04/2013,08/2017,03/2027,12/2027,2842.0,6700.0,1513.54,34.0,82,2026-03-31,https://ipm.mospi.gov.in/Content/PDF/FlashReport_March_2026.pdf,1,135.7495,1,9,155,167,12,53.2562,2026-03,2026-03-01,"Retrospective March 2026 snapshot; use revised cost/date only as outcome labels, not predictive features."
591,Kadur - Chickamagalur - Sakleshpur [93km],South Western Railway [SWR] - II,705492,N22000486,Karnataka,01/2014,11/2016,06/2025,12/2025,825.0,825.0,760.05,84.0,82,2026-03-31,https://ipm.mospi.gov.in/Content/PDF/FlashReport_March_2026.pdf,0,0.0000,1,6,146,137,-9,92.1273,2026-03,2026-03-01,"Retrospective March 2026 snapshot; use revised cost/date only as outcome labels, not predictive features."
592,Bagalkot-Kudachi New Railway Line [142 km],South Western Railway [SWR] - II,705495,N22000258,Karnataka,10/2013,11/2012,03/2027,01/2027,1378.0,1649.0,783.19,35.8,82,2026-03-31,https://ipm.mospi.gov.in/Content/PDF/FlashReport_March_2026.pdf,1,19.6662,0,-2,149,161,12,56.8353,2026-03,2026-03-01,"Retrospective March 2026 snapshot; use revised cost/date only as outcome labels, not predictive features."
593,Tumkur-Chitradurga-Davangere New Rail Line Project [191 km],South Western Railway [SWR] - II,705496,,Karnataka,10/2013,,03/2019,12/2027,1876.0,1876.0,543.22,15.0,82,2026-03-31,https://ipm.mospi.gov.in/Content/PDF/FlashReport_March_2026.pdf,0,0.0000,1,105,149,65,-84,28.9563,2026-03,2026-03-01,"Retrospective March 2026 snapshot; use revised cost/date only as outcome labels, not predictive features."
594,Bangalore-Whitefield-Bangalore City-Krishnarajapuram [23.08 km] - Quadrupling,South Western Railway [SWR] - II,705663,N22000621,Karnataka,02/2018,06/2022,02/2026,02/2026,493.0,493.0,297.52,85.0,83,2026-03-31,https://ipm.mospi.gov.in/Content/PDF/FlashReport_March_2026.pdf,0,0.0000,0,0,97,96,-1,60.3489,2026-03,2026-03-01,"Retrospective March 2026 snapshot; use revised cost/date only as outcome labels, not predictive features."
595,SHIMOGA - SHIKARIPURA - RANEBENNUR [96 Km],South Western Railway [SWR] - II,705761,N22000559,Karnataka,09/2019,02/2023,12/2027,06/2028,1454.0,1454.0,87.13,13.0,83,2026-03-31,https://ipm.mospi.gov.in/Content/PDF/FlashReport_March_2026.pdf,0,0.0000,1,6,78,99,21,5.9924,2026-03,2026-03-01,"Retrospective March 2026 snapshot; use revised cost/date only as outcome labels, not predictive features."
596,Bangalore Suburban Railway Project,Karnataka Rail Infrastructure Development Company Limited [K-RIDE],705941,-,Karnataka,10/2020,10/2020,12/2026,03/2030,15767.0,15767.0,3182.59,19.85,83,2026-03-31,https://ipm.mospi.gov.in/Content/PDF/FlashReport_March_2026.pdf,0,0.0000,1,39,65,74,9,20.1851,2026-03,2026-03-01,"Retrospective March 2026 snapshot; use revised cost/date only as outcome labels, not predictive features."
597,Belgaum-Dharwad via Kittur [73.10Km],South Western Railway [SWR] - II,706835,N22000557,Karnataka,09/2020,03/2025,12/2027,03/2029,1591.0,1591.0,0.38,0.0,83,2026-03-31,https://ipm.mospi.gov.in/Content/PDF/FlashReport_March_2026.pdf,0,0.0000,1,15,66,87,21,0.0239,2026-03,2026-03-01,"Retrospective March 2026 snapshot; use revised cost/date only as outcome labels, not predictive features."
598,Kumbalam-Turavur doubling project [15.59 Km],Ministry of Railways,705638,N22000620,Kerala,04/2023,04/2023,03/2027,03/2027,813.0,802.8,101.22,30.0,83,2026-03-31,https://ipm.mospi.gov.in/Content/PDF/FlashReport_March_2026.pdf,0,-1.2546,0,0,35,47,12,12.4502,2026-03,2026-03-01,"Retrospective March 2026 snapshot; use revised cost/date only as outcome labels, not predictive features."
599,Ernakulam-Kumbalam doubling project [7.71 Km],SR-ERS,705639,N22000619,Kerala,04/2023,04/2023,03/2028,02/2027,601.0,595.39,300.61,24.5,83,2026-03-31,https://ipm.mospi.gov.in/Content/PDF/FlashReport_March_2026.pdf,0,-0.9334,0,-13,35,59,24,50.0183,2026-03,2026-03-01,"Retrospective March 2026 snapshot; use revised cost/date only as outcome labels, not predictive features."
600,"Lalitpur-Satna, Rewa-Singrauli & Mahoba-Khajuraho",North Central Railway,705480,220100232,Madhya Pradesh,01/2007,03/1998,03/2027,12/2027,8914.0,8914.0,6777.67,74.0,83,2026-03-31,https://ipm.mospi.gov.in/Content/PDF/FlashReport_March_2026.pdf,0,0.0000,1,9,230,242,12,76.0340,2026-03,2026-03-01,"Retrospective March 2026 snapshot; use revised cost/date only as outcome labels, not predictive features."
601,Satna-Rewa Railway Line Doubling Project,West Central Railway [WCR] - II,705659,N22000554,Madhya Pradesh,11/2015,08/2017,03/2026,03/2026,500.0,584.0,563.03,86.0,83,2026-03-31,https://ipm.mospi.gov.in/Content/PDF/FlashReport_March_2026.pdf,1,16.8000,0,0,124,124,0,112.6060,2026-03,2026-03-01,"Retrospective March 2026 snapshot; use revised cost/date only as outcome labels, not predictive features."
602,Doubling of Katni - Singrauli Railway Line [261 km],Indian Railway Construction International Limited [IRCON],705660,N22000351,Madhya Pradesh,03/2016,03/2017,12/2025,12/2025,2445.0,4377.0,3306.78,81.0,83,2026-03-31,https://ipm.mospi.gov.in/Content/PDF/FlashReport_March_2026.pdf,1,79.0184,0,0,120,117,-3,135.2466,2026-03,2026-03-01,"Retrospective March 2026 snapshot; use revised cost/date only as outcome labels, not predictive features."
603,Katni Grade Separator/Bye Pass,Indian Railway Construction International Limited [IRCON],705661,N22000416,Madhya Pradesh,03/2016,09/2017,09/2024,09/2026,1248.0,1248.0,1810.01,95.0,83,2026-03-31,https://ipm.mospi.gov.in/Content/PDF/FlashReport_March_2026.pdf,0,0.0000,1,24,120,102,-18,145.0329,2026-03,2026-03-01,"Retrospective March 2026 snapshot; use revised cost/date only as outcome labels, not predictive features."
604,Indore - Budni New Railway Line [198 kms],RVNL - II,705763,N22000601,Madhya Pradesh,08/2019,10/2020,09/2030,09/2030,7474.0,7474.0,2529.03,35.0,83,2026-03-31,https://ipm.mospi.gov.in/Content/PDF/FlashReport_March_2026.pdf,0,0.0000,0,0,79,133,54,33.8377,2026-03,2026-03-01,"Retrospective March 2026 snapshot; use revised cost/date only as outcome labels, not predictive features."
605,Nimach-Ratlam Doubling [133 Km],Western Railway [WR] - II,705933,N22000536,Madhya Pradesh,10/2021,10/2021,10/2027,10/2027,1095.88,1095.88,1284.91,94.0,83,2026-03-31,https://ipm.mospi.gov.in/Content/PDF/FlashReport_March_2026.pdf,0,0.0000,0,0,53,72,19,117.2492,2026-03,2026-03-01,"Retrospective March 2026 snapshot; use revised cost/date only as outcome labels, not predictive features."
606,DHULE [BORVIHIR] - NARDANA NEW LINE [50.60 KMS],Central Railway,400019,N22000514,Maharashtra,01/2019,04/2023,12/2026,09/2027,492.76,1170.83,480.92,25.0,83,2026-03-31,https://ipm.mospi.gov.in/Content/PDF/FlashReport_March_2026.pdf,1,137.6065,1,9,86,95,9,97.5972,2026-03,2026-03-01,"Retrospective March 2026 snapshot; use revised cost/date only as outcome labels, not predictive features."
607,Wardha-Nanded Via Yavatmal New BG Line,Central Railway [CR] - II,400271,N22000231,Maharashtra,12/2017,04/2008,03/2025,12/2026,3445.0,3445.0,3002.93,50.0,83,2026-03-31,https://ipm.mospi.gov.in/Content/PDF/FlashReport_March_2026.pdf,0,0.0000,1,21,99,87,-12,87.1678,2026-03,2026-03-01,"Retrospective March 2026 snapshot; use revised cost/date only as outcome labels, not predictive features."
608,AURANGABAD-ANKAI - DOUBLING PROJECT 98.25 Km,South Central Railway [SCR] - II,611751,-,Maharashtra,05/2023,05/2023,03/2027,,960.64,960.64,1281.74,2.01,83,2026-03-31,https://ipm.mospi.gov.in/Content/PDF/FlashReport_March_2026.pdf,0,0.0000,,,34,46,12,133.4256,2026-03,2026-03-01,"Retrospective March 2026 snapshot; use revised cost/date only as outcome labels, not predictive features."
609,Redevelopment of Chhatrapati Shivaji Maharaj Terminus [CSMT] and construction of associated infrastructure,Rail Land Development Authority,613015,-,Maharashtra,04/2023,07/2023,03/2027,,1813.0,1813.0,809.23,21.0,83,2026-03-31,https://ipm.mospi.gov.in/Content/PDF/FlashReport_March_2026.pdf,0,0.0000,,,35,47,12,44.6349,2026-03,2026-03-01,"Retrospective March 2026 snapshot; use revised cost/date only as outcome labels, not predictive features."
610,Gondia-Balharshah [Chanda Fort] Doubling [240 Km],South East Central Railway,617201,-,Maharashtra,04/2025,04/2025,03/2031,,4373.04,4373.04,0.76,1.0,83,2026-03-31,https://ipm.mospi.gov.in/Content/PDF/FlashReport_March_2026.pdf,0,0.0000,,,11,71,60,0.0174,2026-03,2026-03-01,"Retrospective March 2026 snapshot; use revised cost/date only as outcome labels, not predictive features."
611,Doubling between Parbhani Parli Vaijanath stations 64.71 Km,South Central Railway [SCR] - II,617215,-,Maharashtra,12/2023,12/2023,03/2028,,769.93,769.93,120.3,0.18,83,2026-03-31,https://ipm.mospi.gov.in/Content/PDF/FlashReport_March_2026.pdf,0,0.0000,,,27,51,24,15.6248,2026-03,2026-03-01,"Retrospective March 2026 snapshot; use revised cost/date only as outcome labels, not predictive features."
612,Babupeth - Sasti New Rail Line [13.114 KMs],CentralRailway,617361,-,Maharashtra,10/2024,10/2024,03/2028,,362.81,362.81,0.48,0.0,83,2026-03-31,https://ipm.mospi.gov.in/Content/PDF/FlashReport_March_2026.pdf,0,0.0000,,,17,41,24,0.1323,2026-03,2026-03-01,"Retrospective March 2026 snapshot; use revised cost/date only as outcome labels, not predictive features."
613,Double Chord line Between Nilaje-Kopar,CentralRailway,617364,-,Maharashtra,01/2025,01/2025,07/2028,,338.33,205.0,14.83,24.0,83,2026-03-31,https://ipm.mospi.gov.in/Content/PDF/FlashReport_March_2026.pdf,0,-39.4083,,,14,42,28,4.3833,2026-03,2026-03-01,"Retrospective March 2026 snapshot; use revised cost/date only as outcome labels, not predictive features."
614,Ahmednagar - Beed - Parli - Vaijnath New Broad Gauge Line Railway Project [261.3 km],Central Railway [CR] - II,705356,220100181,Maharashtra,01/1999,10/2002,03/2026,03/2026,2538.67,4957.27,5133.5,98.0,83,2026-03-31,https://ipm.mospi.gov.in/Content/PDF/FlashReport_March_2026.pdf,1,95.2704,0,0,326,326,0,202.2122,2026-03,2026-03-01,"Retrospective March 2026 snapshot; use revised cost/date only as outcome labels, not predictive features."
615,Baramati Lonand New Line Project,Central Railway,705357,N22000615,Maharashtra,03/2016,03/1999,03/2027,03/2027,138.48,1843.9,951.07,60.0,83,2026-03-31,https://ipm.mospi.gov.in/Content/PDF/FlashReport_March_2026.pdf,1,1231.5280,0,0,120,132,12,686.7923,2026-03,2026-03-01,"Retrospective March 2026 snapshot; use revised cost/date only as outcome labels, not predictive features."
616,Wadsa-Gadchiroli,South East Central Railway,705479,,Maharashtra,05/2017,,03/2027,03/2027,1886.0,1886.0,776.21,65.0,83,2026-03-31,https://ipm.mospi.gov.in/Content/PDF/FlashReport_March_2026.pdf,0,0.0000,0,0,106,118,12,41.1564,2026-03,2026-03-01,"Retrospective March 2026 snapshot; use revised cost/date only as outcome labels, not predictive features."
617,3rd Line Kalyan - Kasara [67.35 Kilometres],Central Railway,705498,N22000233,Maharashtra,09/2015,09/2015,12/2026,12/2026,792.89,1395.79,1033.38,71.0,84,2026-03-31,https://ipm.mospi.gov.in/Content/PDF/FlashReport_March_2026.pdf,1,76.0383,0,0,126,135,9,130.3308,2026-03,2026-03-01,"Retrospective March 2026 snapshot; use revised cost/date only as outcome labels, not predictive features."
618,3rd Line Wardha - Sewagram - Nagpur,Central Railway [CR] - II,705500,N22000250,Maharashtra,09/2015,05/2016,12/2025,10/2026,540.02,916.53,811.58,88.0,84,2026-03-31,https://ipm.mospi.gov.in/Content/PDF/FlashReport_March_2026.pdf,1,69.7215,1,10,126,123,-3,150.2870,2026-03,2026-03-01,"Retrospective March 2026 snapshot; use revised cost/date only as outcome labels, not predictive features."
619,3rd Line Wardha - Ballarshah [132 Kilometres],Central Railway [CR] - II,705502,N22000356,Maharashtra,03/2016,12/2016,12/2025,02/2026,1384.72,2033.59,1776.89,98.0,84,2026-03-31,https://ipm.mospi.gov.in/Content/PDF/FlashReport_March_2026.pdf,1,46.8593,1,2,120,117,-3,128.3212,2026-03,2026-03-01,"Retrospective March 2026 snapshot; use revised cost/date only as outcome labels, not predictive features."
620,Pune - Miraj-Londa [467 Kilometres],Central Railway,705503,N22000359,Maharashtra,06/2016,06/2016,02/2025,08/2025,4027.53,4872.52,5248.72,100.0,84,2026-03-31,https://ipm.mospi.gov.in/Content/PDF/FlashReport_March_2026.pdf,1,20.9804,1,6,117,104,-13,130.3211,2026-03,2026-03-01,"Retrospective March 2026 snapshot; use revised cost/date only as outcome labels, not predictive features."
621,Doubling of Daund Manmad Line [247.6 km],Central Railway,705504,N22000360,Maharashtra,10/2017,03/2017,12/2025,03/2026,2081.27,3267.06,3030.48,92.0,84,2026-03-31,https://ipm.mospi.gov.in/Content/PDF/FlashReport_March_2026.pdf,1,56.9743,1,3,101,98,-3,145.6072,2026-03,2026-03-01,"Retrospective March 2026 snapshot; use revised cost/date only as outcome labels, not predictive features."
622,4th Line Wardha - Nagpur [78.7 Kilometres],Central Railway [CR] - II,705505,N22000362,Maharashtra,04/2017,05/2018,12/2025,10/2026,637.95,1214.69,1031.75,88.0,84,2026-03-31,https://ipm.mospi.gov.in/Content/PDF/FlashReport_March_2026.pdf,1,90.4052,1,10,107,104,-3,161.7290,2026-03,2026-03-01,"Retrospective March 2026 snapshot; use revised cost/date only as outcome labels, not predictive features."
623,3rd Line Manmad - Jalgaon [160 Kilometres],Central Railway [CR] - II,705506,N22000361,Maharashtra,05/2017,04/2018,12/2024,08/2025,1035.16,1870.0,1817.02,100.0,84,2026-03-31,https://ipm.mospi.gov.in/Content/PDF/FlashReport_March_2026.pdf,1,80.6484,1,8,106,91,-15,175.5304,2026-03,2026-03-01,"Retrospective March 2026 snapshot; use revised cost/date only as outcome labels, not predictive features."
624,Solapur-tuljapur-Osmanabad,Central Railway,705735,N22000513,Maharashtra,08/2018,12/2023,03/2027,03/2028,904.92,3295.74,1214.94,12.0,84,2026-03-31,https://ipm.mospi.gov.in/Content/PDF/FlashReport_March_2026.pdf,1,264.2024,1,12,91,103,12,134.2594,2026-03,2026-03-01,"Retrospective March 2026 snapshot; use revised cost/date only as outcome labels, not predictive features."
625,Nagpur- Nagbhir Railway Line Gauge Conversion Project,MRIDC,705799,N22000629,Maharashtra,10/2019,04/2020,12/2025,12/2025,1400.0,1400.0,1472.0,80.0,84,2026-03-31,https://ipm.mospi.gov.in/Content/PDF/FlashReport_March_2026.pdf,0,0.0000,0,0,77,74,-3,105.1429,2026-03,2026-03-01,"Retrospective March 2026 snapshot; use revised cost/date only as outcome labels, not predictive features."
626,Mumbai Urban Transport Project [MUTP] - PHASE II,Mumbai Rail Vikas Corporation Ltd.[MRVC],706779,N22000092,Maharashtra,05/2008,04/2008,03/2014,12/2027,8087.0,8087.0,7505.83,90.0,84,2026-03-31,https://ipm.mospi.gov.in/Content/PDF/FlashReport_March_2026.pdf,0,0.0000,1,165,214,70,-144,92.8135,2026-03,2026-03-01,"Retrospective March 2026 snapshot; use revised cost/date only as outcome labels, not predictive features."
627,Mumbai Urban Transport Project [MUTP] Phase-IIIA,Mumbai Rail Vikas Corporation Ltd.[MRVC],706780,N22000627,Maharashtra,04/2019,04/2019,12/2027,12/2027,33690.0,33690.0,3485.59,22.0,84,2026-03-31,https://ipm.mospi.gov.in/Content/PDF/FlashReport_March_2026.pdf,0,0.0000,0,0,83,104,21,10.3461,2026-03,2026-03-01,"Retrospective March 2026 snapshot; use revised cost/date only as outcome labels, not predictive features."
628,Mumbai Urban Transport Project Phase-III,Mumbai Rail Vikas Corporation Ltd.[MRVC],706781,-,Maharashtra,11/2016,12/2016,03/2022,12/2026,10947.0,10947.0,6519.14,75.0,84,2026-03-31,https://ipm.mospi.gov.in/Content/PDF/FlashReport_March_2026.pdf,0,0.0000,1,57,112,64,-48,59.5518,2026-03,2026-03-01,"Retrospective March 2026 snapshot; use revised cost/date only as outcome labels, not predictive features."
629,Jiribam-Imphal new line project,Northeast Frontier Railway [NFR],705391,220100288,Manipur,03/2013,12/2007,12/2026,06/2029,14323.0,16020.78,,72.1,84,2026-03-31,https://ipm.mospi.gov.in/Content/PDF/FlashReport_March_2026.pdf,1,11.8535,1,30,156,165,9,,2026-03,2026-03-01,"Retrospective March 2026 snapshot; use revised cost/date only as outcome labels, not predictive features."
630,Marikuppam - Kuppam New Line Project [23.70 Km],South Western Railway [SWR] - II,705491,N22000308,"Multi-States Pradesh, Karnataka)",04/2012,10/2018,06/2026,06/2026,297.0,297.0,145.78,21.0,84,2026-03-31,https://ipm.mospi.gov.in/Content/PDF/FlashReport_March_2026.pdf,0,0.0000,0,0,167,170,3,49.0842,2026-03,2026-03-01,"Retrospective March 2026 snapshot; use revised cost/date only as outcome labels, not predictive features."
631,Rayadurg-Tumkur via Kalyandurg New Line [207 km],South Western Railway [SWR] - II,705494,N22000279,"Multi-States Pradesh, Karnataka)",03/2008,07/2010,09/2015,02/2028,2496.0,2496.0,1888.77,72.0,84,2026-03-31,https://ipm.mospi.gov.in/Content/PDF/FlashReport_March_2026.pdf,0,0.0000,1,149,216,90,-126,75.6719,2026-03,2026-03-01,"Retrospective March 2026 snapshot; use revised cost/date only as outcome labels, not predictive features."
632,"Renigunta, Wadi & Gooty Bypass Railway Project",South Central Railway [SCR] - II,705610,N22000587,"Multi-States Pradesh, Karnataka)",04/2016,04/2016,12/2025,03/2026,302.0,543.0,633.71,89.02,84,2026-03-31,https://ipm.mospi.gov.in/Content/PDF/FlashReport_March_2026.pdf,1,79.8013,1,3,119,116,-3,209.8377,2026-03,2026-03-01,"Retrospective March 2026 snapshot; use revised cost/date only as outcome labels, not predictive features."
633,Doubling between Mudkhed Medchal & Mahbubnagar Dhone section 417.88 Km,South Central Railway [SCR] - II,617212,-,"Multi-States Pradesh, Maharashtra, Telangana)",08/2023,08/2023,03/2029,,4686.09,4686.09,1811.8,2.07,84,2026-03-31,https://ipm.mospi.gov.in/Content/PDF/FlashReport_March_2026.pdf,0,0.0000,,,31,67,36,38.6634,2026-03,2026-03-01,"Retrospective March 2026 snapshot; use revised cost/date only as outcome labels, not predictive features."
634,Vizianagaram - Titlagarh 3rd line [272 Km including By - pass line of 7.68 KM],RVNL - II,400253,N22000409,"Multi-States Pradesh, Odisha)",06/2016,11/2016,12/2025,12/2026,4803.0,6669.91,6194.54,96.0,84,2026-03-31,https://ipm.mospi.gov.in/Content/PDF/FlashReport_March_2026.pdf,1,38.8697,1,12,117,114,-3,128.9723,2026-03,2026-03-01,"Retrospective March 2026 snapshot; use revised cost/date only as outcome labels, not predictive features."
635,Doubling of Kottavalasa-Koraput Rail Line [189 KM],East Coast Railway [ECoR] - II,705512,N22000377,"Multi-States Pradesh, Odisha)",12/2015,01/2016,03/2022,03/2028,2500.0,2500.0,2129.81,73.0,84,2026-03-31,https://ipm.mospi.gov.in/Content/PDF/FlashReport_March_2026.pdf,0,0.0000,1,72,123,75,-48,85.1924,2026-03,2026-03-01,"Retrospective March 2026 snapshot; use revised cost/date only as outcome labels, not predictive features."
636,Tindivanam-Nagari New Line Project [184.5 km],Ministry of Railways,400275,N22000085,"Multi-States Pradesh, Tamil Nadu)",07/2008,10/2008,09/2025,03/2028,3631.0,3631.0,1222.79,16.24,84,2026-03-31,https://ipm.mospi.gov.in/Content/PDF/FlashReport_March_2026.pdf,0,0.0000,1,30,212,206,-6,33.6764,2026-03,2026-03-01,"Retrospective March 2026 snapshot; use revised cost/date only as outcome labels, not predictive features."
637,Doubling between Motumari Vishnupuram - 88.81 Km and Rail over Rail - RoR at Motumari - 10.877 Km,South Central Railway [SCR] - II,616857,-,"Multi-States Pradesh, Telangana)",02/2024,03/2025,03/2029,,1595.55,1595.55,171.46,2.03,84,2026-03-31,https://ipm.mospi.gov.in/Content/PDF/FlashReport_March_2026.pdf,0,0.0000,,,25,61,36,10.7461,2026-03,2026-03-01,"Retrospective March 2026 snapshot; use revised cost/date only as outcome labels, not predictive features."
638,Doubling of Guntur Bibinagar 239 Km,South Central Railway [SCR] - II,617211,-,"Multi-States Pradesh, Telangana)",08/2023,08/2023,03/2029,,2853.23,2853.23,300.63,2.4,84,2026-03-31,https://ipm.mospi.gov.in/Content/PDF/FlashReport_March_2026.pdf,0,0.0000,,,31,67,36,10.5365,2026-03,2026-03-01,"Retrospective March 2026 snapshot; use revised cost/date only as outcome labels, not predictive features."
639,Rail Connectivity to Errupalem Amravati Namburu 57 Km,South Central Railway [SCR] - II,617214,,"Multi-States Pradesh, Telangana)",11/2024,11/2024,03/2027,,2047.4,2047.4,75.45,0.15,84,2026-03-31,https://ipm.mospi.gov.in/Content/PDF/FlashReport_March_2026.pdf,0,0.0000,,,16,28,12,3.6852,2026-03,2026-03-01,"Retrospective March 2026 snapshot; use revised cost/date only as outcome labels, not predictive features."
640,Kazipet-Vijayawada 3rd line with electrification [220 km],South Central Railway [SCR] - II,705612,N22000261,"Multi-States Pradesh, Telangana)",03/2013,08/2014,02/2025,12/2025,1953.0,3363.0,5132.1,95.0,85,2026-03-31,https://ipm.mospi.gov.in/Content/PDF/FlashReport_March_2026.pdf,1,72.1966,1,10,156,143,-13,262.7803,2026-03,2026-03-01,"Retrospective March 2026 snapshot; use revised cost/date only as outcome labels, not predictive features."
641,Vijayawada - Kazipet Byepass line,South Central Railway [SCR] - II,705632,N22000586,"Multi-States Pradesh, Telangana)",04/2016,04/2016,01/2025,12/2025,647.0,904.0,1229.06,95.0,85,2026-03-31,https://ipm.mospi.gov.in/Content/PDF/FlashReport_March_2026.pdf,1,39.7218,1,11,119,105,-14,189.9629,2026-03,2026-03-01,"Retrospective March 2026 snapshot; use revised cost/date only as outcome labels, not predictive features."
642,Murkongselek-Pasighat,Northeast Frontier Railway [NFR] - II,705401,N22000208,"Multi-States (Arunachal Pradesh, Assam)",02/2011,03/2023,03/2025,12/2026,435.0,1250.0,843.65,67.0,85,2026-03-31,https://ipm.mospi.gov.in/Content/PDF/FlashReport_March_2026.pdf,1,187.3563,1,21,181,169,-12,193.9425,2026-03,2026-03-01,"Retrospective March 2026 snapshot; use revised cost/date only as outcome labels, not predictive features."
643,Lumding Furkating Doubling Project 140 km,Northeast Frontier Railway [NFR],616701,-,"Multi-States (Assam, Nagaland)",02/2024,01/2025,02/2028,,2123.7,2123.7,95.64,2.0,85,2026-03-31,https://ipm.mospi.gov.in/Content/PDF/FlashReport_March_2026.pdf,0,0.0000,,,25,48,23,4.5035,2026-03,2026-03-01,"Retrospective March 2026 snapshot; use revised cost/date only as outcome labels, not predictive features."
644,Dimapur [Dhansiri]-Sukhobi Kohima [Zubza] NL [82.5 Km],Northeast Frontier Railway [NFR] - II,705392,N22000124,"Multi-States (Assam, Nagaland)",08/2015,02/2016,03/2025,12/2029,6663.0,6663.0,6111.34,42.0,85,2026-03-31,https://ipm.mospi.gov.in/Content/PDF/FlashReport_March_2026.pdf,0,0.0000,1,57,127,115,-12,91.7205,2026-03,2026-03-01,"Retrospective March 2026 snapshot; use revised cost/date only as outcome labels, not predictive features."
645,New Delhi- Howrah Speed Booster[160Kmph] Project,PCE/NCR,705794,-,"Multi-States (Bihar, Delhi, Jharkhand, Uttar Pradesh, West Bengal)",09/2019,09/2019,03/2024,,6684.81,6684.81,127.03,0.0,85,2026-03-31,https://ipm.mospi.gov.in/Content/PDF/FlashReport_March_2026.pdf,0,0.0000,,,78,54,-24,1.9003,2026-03,2026-03-01,"Retrospective March 2026 snapshot; use revised cost/date only as outcome labels, not predictive features."
646,Multi tracking of Son Nagar-Andal 374.53 rkm & 814.38 tkm,East Central Railway [ECR] - I,616699,-,Multi-States Jharkhand),08/2023,08/2023,03/2028,,12333.57,12333.6,759.62,17.0,85,2026-03-31,https://ipm.mospi.gov.in/Content/PDF/FlashReport_March_2026.pdf,1,0.0002,,,31,55,24,6.1590,2026-03,2026-03-01,"Retrospective March 2026 snapshot; use revised cost/date only as outcome labels, not predictive features."
647,Koderma-Tilaiya New Line,East Central Railway [ECR] - I,705375,220100305,Multi-States Jharkhand),11/2004,03/2002,02/2025,02/2026,1626.0,2486.62,2184.16,95.4,85,2026-03-31,https://ipm.mospi.gov.in/Content/PDF/FlashReport_March_2026.pdf,1,52.9287,1,12,256,243,-13,134.3272,2026-03,2026-03-01,"Retrospective March 2026 snapshot; use revised cost/date only as outcome labels, not predictive features."
648,Pirpainti - Jasidih [100.52 Km] New BG line,Eastern Railway [ER] - I,705385,N22000219,Multi-States Jharkhand),03/2014,03/2022,03/2028,03/2028,2555.0,2555.0,1108.34,61.6,85,2026-03-31,https://ipm.mospi.gov.in/Content/PDF/FlashReport_March_2026.pdf,0,0.0000,0,0,144,168,24,43.3793,2026-03,2026-03-01,"Retrospective March 2026 snapshot; use revised cost/date only as outcome labels, not predictive features."
649,NER Provision of Automatic Block Signalling on Gorakhpur Cantt[Excl] Chhapra Gramin & Burhwal Jn [Excl] Sitapur Jn section of high density routes,North Eastern Railway [NER],611669,-,"Multi-States (Bihar, Uttar Pradesh)",05/2022,06/2023,03/2027,03/2028,380.47,380.47,248.51,20.0,85,2026-03-31,https://ipm.mospi.gov.in/Content/PDF/FlashReport_March_2026.pdf,0,0.0000,1,12,46,58,12,65.3166,2026-03,2026-03-01,"Retrospective March 2026 snapshot; use revised cost/date only as outcome labels, not predictive features."
650,Gorakhpur-Valmikinagar Doubling project,NER,617224,-,"Multi-States (Bihar, Uttar Pradesh)",08/2023,03/2024,12/2027,,1120.0,1120.0,352.79,26.3,85,2026-03-31,https://ipm.mospi.gov.in/Content/PDF/FlashReport_March_2026.pdf,0,0.0000,,,31,52,21,31.4991,2026-03,2026-03-01,"Retrospective March 2026 snapshot; use revised cost/date only as outcome labels, not predictive features."
651,Chhapra-Ballia Patch Doubling,North Eastern Railway [NER],705562,N22000134,"Multi-States (Bihar, Uttar Pradesh)",03/2013,12/2015,02/2025,05/2026,963.0,1046.0,914.38,95.8,85,2026-03-31,https://ipm.mospi.gov.in/Content/PDF/FlashReport_March_2026.pdf,1,8.6189,1,15,156,143,-13,94.9512,2026-03,2026-03-01,"Retrospective March 2026 snapshot; use revised cost/date only as outcome labels, not predictive features."
652,Katihar Kumedpur & Katihar Mukuria BG Doubling Project,Northeast Frontier Railway [NFR],617245,-,"Multi-States (Bihar, West Bengal)",08/2022,08/2022,08/2026,02/2027,942.64,942.64,536.69,64.0,85,2026-03-31,https://ipm.mospi.gov.in/Content/PDF/FlashReport_March_2026.pdf,0,0.0000,1,6,43,48,5,56.9348,2026-03,2026-03-01,"Retrospective March 2026 snapshot; use revised cost/date only as outcome labels, not predictive features."
653,Gondia - Dongargarh 4th line [84 Km],South Eastern Central Railway,618978,-,"Multi-States (Chhattisgarh, Maharashtra)",10/2025,10/2025,10/2030,,2222.53,2222.53,0.0,0.0,85,2026-03-31,https://ipm.mospi.gov.in/Content/PDF/FlashReport_March_2026.pdf,0,0.0000,,,5,60,55,0.0000,2026-03,2026-03-01,"Retrospective March 2026 snapshot; use revised cost/date only as outcome labels, not predictive features."
654,Rajnandgaon - Nagpur [Kalumna] Third Railway Line [228.30 km],South East Central Railway [SECR] - II,705617,N22000420,"Multi-States (Chhattisgarh, Maharashtra)",09/2016,12/2016,12/2024,06/2026,3545.0,3545.0,3623.47,96.0,85,2026-03-31,https://ipm.mospi.gov.in/Content/PDF/FlashReport_March_2026.pdf,0,0.0000,1,18,114,99,-15,102.2135,2026-03,2026-03-01,"Retrospective March 2026 snapshot; use revised cost/date only as outcome labels, not predictive features."
655,Sardega -Bhalumuda New Double line [37.24 Km],SECR,617390,-,"Multi-States (Chhattisgarh, Odisha)",09/2024,09/2024,03/2028,,1281.81,1281.81,128.07,3.0,85,2026-03-31,https://ipm.mospi.gov.in/Content/PDF/FlashReport_March_2026.pdf,0,0.0000,,,18,42,24,9.9913,2026-03,2026-03-01,"Retrospective March 2026 snapshot; use revised cost/date only as outcome labels, not predictive features."
656,Jagdalpur-Koraput,East Coast Railway [ECoR] - II,705511,N22000376,"Multi-States (Chhattisgarh, Odisha)",12/2015,03/2016,03/2024,12/2026,1547.0,1547.0,1369.95,93.86,85,2026-03-31,https://ipm.mospi.gov.in/Content/PDF/FlashReport_March_2026.pdf,0,0.0000,1,33,123,99,-24,88.5553,2026-03,2026-03-01,"Retrospective March 2026 snapshot; use revised cost/date only as outcome labels, not predictive features."
657,Jharsuguda-Bilaspur Fourth Railway Line [206 km],SECR,705616,N22000484,"Multi-States (Chhattisgarh, Odisha)",09/2016,09/2016,10/2024,03/2026,2140.0,2979.0,2237.23,96.0,85,2026-03-31,https://ipm.mospi.gov.in/Content/PDF/FlashReport_March_2026.pdf,1,39.2056,1,17,114,97,-17,104.5435,2026-03,2026-03-01,"Retrospective March 2026 snapshot; use revised cost/date only as outcome labels, not predictive features."
658,Mumbai-Ahmedabad High Speed Rail Project- 508 km,National High Speed Rail Corporation [NHSRC],705728,N22000463,"Multi-States (Dadra & Nagar and Daman & Diu, Gujarat, Maharashtra)",03/2015,09/2017,08/2027,12/2029,108000.0,90395.89,,59.1,85,2026-03-31,https://ipm.mospi.gov.in/Content/PDF/FlashReport_March_2026.pdf,0,-16.3001,1,28,132,149,17,,2026-03,2026-03-01,"Retrospective March 2026 snapshot; use revised cost/date only as outcome labels, not predictive features."
659,Raising of speed to 160 kmph/200 kmph on existing New Delhi-Mumbai route incl. Multi-States Vadodara-Ahmedabad,PCE/WR,705793,-,"(Delhi, Gujarat, Madhya Pradesh, Maharashtra, Rajasthan)",09/2019,09/2019,03/2024,03/2026,6806.44,8095.12,9478.55,66.3,85,2026-03-31,https://ipm.mospi.gov.in/Content/PDF/FlashReport_March_2026.pdf,1,18.9332,1,24,78,54,-24,139.2586,2026-03,2026-03-01,"Retrospective March 2026 snapshot; use revised cost/date only as outcome labels, not predictive features."
660,Hospet - Tinaighat - Vasco Rail Doubling Project,RVNL - II,705650,N22000297,"(Goa, Karnataka)",03/2010,07/2012,03/2027,12/2027,5060.0,5060.0,5299.33,86.13,85,2026-03-31,https://ipm.mospi.gov.in/Content/PDF/FlashReport_March_2026.pdf,0,0.0000,1,9,192,204,12,104.7298,2026-03,2026-03-01,"Retrospective March 2026 snapshot; use revised cost/date only as outcome labels, not predictive features."
661,Hospet-Hubli-Vasco da Gama Line Electrification Project,RVNL,706950,-,"(Goa, Karnataka)",07/2015,05/2018,03/2023,06/2026,744.49,1122.62,1161.7,99.65,85,2026-03-31,https://ipm.mospi.gov.in/Content/PDF/FlashReport_March_2026.pdf,1,50.7905,1,39,128,92,-36,156.0397,2026-03,2026-03-01,"Retrospective March 2026 snapshot; use revised cost/date only as outcome labels, not predictive features."
663,"New line Dahod-Indore via Sardarpur, Jabuwa and Dhar",Western Railway [WR] - II,705453,N22000139,"Multi-States (Gujarat, Madhya Pradesh)",06/2012,06/2012,02/2027,02/2027,456.07,3516.77,4006.93,53.0,86,2026-03-31,https://ipm.mospi.gov.in/Content/PDF/FlashReport_March_2026.pdf,1,671.1031,0,0,165,176,11,878.5778,2026-03,2026-03-01,"Retrospective March 2026 snapshot; use revised cost/date only as outcome labels, not predictive features."
664,Chhota Udaipur - Dhar New Line Project [157 km],Western Railway [WR] - II,705454,N22000138,"Multi-States (Gujarat, Madhya Pradesh)",11/2008,01/2014,12/2025,12/2025,1794.0,1794.0,1816.87,80.3,86,2026-03-31,https://ipm.mospi.gov.in/Content/PDF/FlashReport_March_2026.pdf,0,0.0000,0,0,208,205,-3,101.2748,2026-03,2026-03-01,"Retrospective March 2026 snapshot; use revised cost/date only as outcome labels, not predictive features."
665,MUMBAI CENTRAL VIRAR VADODARA AHMEDABAAD TRAIN PROTECTION SYSTEM 500 RKM,Western Railway,611452,N22000434,"Multi-States (Gujarat, Maharashtra)",09/2019,03/2023,12/2025,12/2026,311.0,311.0,263.42,93.0,86,2026-03-31,https://ipm.mospi.gov.in/Content/PDF/FlashReport_March_2026.pdf,0,0.0000,1,12,78,75,-3,84.7010,2026-03,2026-03-01,"Retrospective March 2026 snapshot; use revised cost/date only as outcome labels, not predictive features."
666,Taranga Hill-Abu Road via Ambaji,North Western Railway [NWR],400022,N22000592,"Multi-States (Gujarat, Rajasthan)",07/2022,07/2022,07/2030,07/2030,2798.0,2798.0,2321.81,30.0,86,2026-03-31,https://ipm.mospi.gov.in/Content/PDF/FlashReport_March_2026.pdf,0,0.0000,0,0,44,96,52,82.9811,2026-03,2026-03-01,"Retrospective March 2026 snapshot; use revised cost/date only as outcome labels, not predictive features."
667,LUNI- SAMDARI- BHILDI DOUBLING,North Western Railway [NWR],616842,-,"Multi-States (Gujarat, Rajasthan)",02/2024,02/2024,07/2027,,3085.59,3085.59,661.67,18.0,86,2026-03-31,https://ipm.mospi.gov.in/Content/PDF/FlashReport_March_2026.pdf,0,0.0000,,,25,41,16,21.4439,2026-03,2026-03-01,"Retrospective March 2026 snapshot; use revised cost/date only as outcome labels, not predictive features."
668,Chandigarh-Baddi New Rail Line- 36 km,Northen Railway [NR],705424,N22000467,"Multi-States (Haryana, Pradesh)",02/2018,02/2018,12/2026,12/2026,1540.0,1540.13,578.99,42.0,86,2026-03-31,https://ipm.mospi.gov.in/Content/PDF/FlashReport_March_2026.pdf,1,0.0084,0,0,97,106,9,37.5968,2026-03,2026-03-01,"Retrospective March 2026 snapshot; use revised cost/date only as outcome labels, not predictive features."
669,Rewari - Kathuwas Doubling Project [27.72 Km],North Western Railway [NWR],611861,N22000606,"Multi-States (Haryana, Rajasthan)",02/2023,12/2022,06/2027,06/2027,352.0,352.0,306.87,75.0,86,2026-03-31,https://ipm.mospi.gov.in/Content/PDF/FlashReport_March_2026.pdf,0,0.0000,0,0,37,52,15,87.1790,2026-03,2026-03-01,"Retrospective March 2026 snapshot; use revised cost/date only as outcome labels, not predictive features."
670,Bhanupalli-Bilaspur-Beri New Railway Line Project,RVNL - II,705428,N22000273,"Multi-States (Himachal Pradesh, Punjab)",03/2009,04/2015,12/2026,12/2027,13447.0,13447.0,7556.6,63.0,86,2026-03-31,https://ipm.mospi.gov.in/Content/PDF/FlashReport_March_2026.pdf,0,0.0000,1,12,204,213,9,56.1954,2026-03,2026-03-01,"Retrospective March 2026 snapshot; use revised cost/date only as outcome labels, not predictive features."
671,Doubling of Hatia [Ranchi]-Bondamunda Rail Line - 159 km,South Eastern Railway - JH,705628,N22000396,"Multi-States (Jharkhand, Odisha)",03/2016,02/2017,06/2025,06/2026,3029.0,3029.04,2589.94,90.0,86,2026-03-31,https://ipm.mospi.gov.in/Content/PDF/FlashReport_March_2026.pdf,1,0.0013,1,12,120,111,-9,85.5048,2026-03,2026-03-01,"Retrospective March 2026 snapshot; use revised cost/date only as outcome labels, not predictive features."
672,Buramara-Chakulia new line [59.96 km],South Eastern Railway [SER] - I,616588,-,"Multi-States (Jharkhand, Odisha, West Bengal)",08/2024,12/2024,12/2029,,1459.13,1459.13,6.97,0.0,86,2026-03-31,https://ipm.mospi.gov.in/Content/PDF/FlashReport_March_2026.pdf,0,0.0000,,,19,64,45,0.4777,2026-03,2026-03-01,"Retrospective March 2026 snapshot; use revised cost/date only as outcome labels, not predictive features."
673,Chandil - Anara - Damodar - 3rd line [121.26 km],CAO/C/SER,616227,-,Multi-States West Bengal),09/2024,07/2025,09/2029,,1932.01,1932.01,1.97,0.0,86,2026-03-31,https://ipm.mospi.gov.in/Content/PDF/FlashReport_March_2026.pdf,0,0.0000,,,18,60,42,0.1020,2026-03,2026-03-01,"Retrospective March 2026 snapshot; use revised cost/date only as outcome labels, not predictive features."
674,KHARAGPUR-ADITYAPUR THIRD RAIL LINE- 132 KM,RVNL - I,705668,N22000595,Multi-States West Bengal),09/2016,01/2018,03/2025,06/2026,3250.0,3250.0,3286.92,97.5,86,2026-03-31,https://ipm.mospi.gov.in/Content/PDF/FlashReport_March_2026.pdf,0,0.0000,1,15,114,102,-12,101.1360,2026-03,2026-03-01,"Retrospective March 2026 snapshot; use revised cost/date only as outcome labels, not predictive features."
675,Baiyyappanahalli - Hosur Doubling Project [48 km],Karnataka Rail Infrastructure Development Company Limited [K-RIDE],703586,N22000542,Multi-States Tamil Nadu),04/2019,02/2019,03/2024,01/2026,498.7,748.7,694.91,87.6,86,2026-03-31,https://ipm.mospi.gov.in/Content/PDF/FlashReport_March_2026.pdf,1,50.1303,1,22,83,59,-24,139.3443,2026-03,2026-03-01,"Retrospective March 2026 snapshot; use revised cost/date only as outcome labels, not predictive features."
676,Trivandrum- Kanyakumari,Southern Railway [SR] - I,705635,N22000399,"Multi-States (Kerala, Tamil Nadu)",08/2017,03/2016,03/2025,06/2028,1432.0,3785.45,2874.14,55.0,86,2026-03-31,https://ipm.mospi.gov.in/Content/PDF/FlashReport_March_2026.pdf,1,164.3471,1,39,103,91,-12,200.7081,2026-03,2026-03-01,"Retrospective March 2026 snapshot; use revised cost/date only as outcome labels, not predictive features."
677,Ratlam-Mhow-Khandwa-Akola Gauge Conversion,Western Railway [WR] - II,705457,N22000120,"Multi-States Pradesh, Maharashtra)",04/2008,03/2010,03/2027,09/2028,1656.25,6499.86,4606.71,83.0,86,2026-03-31,https://ipm.mospi.gov.in/Content/PDF/FlashReport_March_2026.pdf,1,292.4444,1,18,215,227,12,278.1410,2026-03,2026-03-01,"Retrospective March 2026 snapshot; use revised cost/date only as outcome labels, not predictive features."
678,Itarsi - Nagpur Third Railway Line [280 km],Central Railway [CR] - II,705507,N22000358,"Multi-States Pradesh, Maharashtra)",09/2016,09/2016,03/2027,12/2027,2449.91,2506.68,2086.49,55.0,86,2026-03-31,https://ipm.mospi.gov.in/Content/PDF/FlashReport_March_2026.pdf,1,2.3172,1,9,114,126,12,85.1660,2026-03,2026-03-01,"Retrospective March 2026 snapshot; use revised cost/date only as outcome labels, not predictive features."
679,RATLAM- DUNGARPUR VIA BANSWARA NEW LINE PROJECT,North Western Railway [NWR],617406,-,"Multi-States Pradesh, Rajasthan)",10/2015,05/2023,03/2028,,2417.24,2417.24,7.19,8.0,86,2026-03-31,https://ipm.mospi.gov.in/Content/PDF/FlashReport_March_2026.pdf,0,0.0000,,,125,149,24,0.2974,2026-03,2026-03-01,"Retrospective March 2026 snapshot; use revised cost/date only as outcome labels, not predictive features."
680,Gwalior - Seopurkala with extension to Kota [Gauge Conversion],North Central Railway,705419,N22000148,"Multi-States Pradesh, Rajasthan)",03/2011,07/2018,03/2025,02/2026,2913.0,2913.0,2144.59,89.0,86,2026-03-31,https://ipm.mospi.gov.in/Content/PDF/FlashReport_March_2026.pdf,0,0.0000,1,11,180,168,-12,73.6214,2026-03,2026-03-01,"Retrospective March 2026 snapshot; use revised cost/date only as outcome labels, not predictive features."
681,Ramganjmandi-Bhopal New Line Project [276.50 km],West Central Railway [WCR] - II,705481,220100314,"Multi-States Pradesh, Rajasthan)",03/2001,10/2004,12/2025,12/2027,3032.0,5073.0,4039.87,81.0,86,2026-03-31,https://ipm.mospi.gov.in/Content/PDF/FlashReport_March_2026.pdf,1,67.3153,1,24,300,297,-3,133.2411,2026-03,2026-03-01,"Retrospective March 2026 snapshot; use revised cost/date only as outcome labels, not predictive features."
682,Nimach-Badi Sadri New Rail Line Project,Western Railway [WR] - II,705764,N22000503,"Multi-States Pradesh, Rajasthan)",04/2017,09/2021,03/2026,06/2026,495.0,825.0,238.2,61.0,86,2026-03-31,https://ipm.mospi.gov.in/Content/PDF/FlashReport_March_2026.pdf,1,66.6667,1,3,107,107,0,48.1212,2026-03,2026-03-01,"Retrospective March 2026 snapshot; use revised cost/date only as outcome labels, not predictive features."
683,Mathura-Jhansi Third Railway Line [274 Km],RVNL - II,705667,N22000501,"Multi-States Pradesh, Rajasthan, Uttar Pradesh)",12/2015,03/2018,12/2024,12/2026,5961.0,5961.0,5097.69,94.96,86,2026-03-31,https://ipm.mospi.gov.in/Content/PDF/FlashReport_March_2026.pdf,0,0.0000,1,24,123,108,-15,85.5174,2026-03,2026-03-01,"Retrospective March 2026 snapshot; use revised cost/date only as outcome labels, not predictive features."
684,Jhansi - Bina Third Railway Line [153 Km],CAO/C/NCR,705598,N22000496,"Multi-States Pradesh, Uttar Pradesh)",09/2016,03/2018,03/2022,03/2026,2002.0,2002.0,1912.33,96.0,86,2026-03-31,https://ipm.mospi.gov.in/Content/PDF/FlashReport_March_2026.pdf,0,0.0000,1,48,114,66,-48,95.5210,2026-03,2026-03-01,"Retrospective March 2026 snapshot; use revised cost/date only as outcome labels, not predictive features."
685,Jhansi-Khairar-Manikpur & Khirar-Bhimsen,North Central Railway,705608,,"Multi-States Pradesh, Uttar Pradesh)",03/2018,04/2019,03/2026,03/2026,4330.0,4330.0,2760.45,67.0,86,2026-03-31,https://ipm.mospi.gov.in/Content/PDF/FlashReport_March_2026.pdf,0,0.0000,0,0,96,96,0,63.7517,2026-03,2026-03-01,"Retrospective March 2026 snapshot; use revised cost/date only as outcome labels, not predictive features."
686,Third Line [new] between Kazipet - Balharshah with electrification [201.04 Km],South Central Railway [SCR] - II,705613,N22000367,"Multi-States (Maharashtra, Telangana)",09/2016,10/2016,01/2025,11/2025,2595.0,3071.0,4108.55,94.6,87,2026-03-31,https://ipm.mospi.gov.in/Content/PDF/FlashReport_March_2026.pdf,1,18.3430,1,10,114,100,-14,158.3256,2026-03,2026-03-01,"Retrospective March 2026 snapshot; use revised cost/date only as outcome labels, not predictive features."
687,Narayangarh-Bhadrak 3rd line,South Eastern Railway [SER] - I,705629,N22000506,"Multi-States (Odisha, West Bengal)",03/2019,03/2017,12/2025,01/2027,2400.0,3425.32,2542.79,75.0,87,2026-03-31,https://ipm.mospi.gov.in/Content/PDF/FlashReport_March_2026.pdf,1,42.7217,1,13,84,81,-3,105.9496,2026-03,2026-03-01,"Retrospective March 2026 snapshot; use revised cost/date only as outcome labels, not predictive features."
688,Nagapattinam-Tiruturaipundi and Karaikal-Peralam New Line,Ministry of Railways,400223,N22000626,Multi-States Tamil Nadu),07/2008,01/2019,03/2027,03/2028,713.0,981.0,633.24,80.0,87,2026-03-31,https://ipm.mospi.gov.in/Content/PDF/FlashReport_March_2026.pdf,1,37.5877,1,12,212,224,12,88.8135,2026-03,2026-03-01,"Retrospective March 2026 snapshot; use revised cost/date only as outcome labels, not predictive features."
689,Sivok-Rangpo New Rail Line,Indian Railway Construction International Limited [IRCON],705432,N22000102,"Multi-States (Sikkim, West Bengal)",10/2009,05/2010,05/2015,12/2027,7877.0,10618.63,,92.5,87,2026-03-31,https://ipm.mospi.gov.in/Content/PDF/FlashReport_March_2026.pdf,1,34.8055,1,151,197,67,-130,,2026-03,2026-03-01,"Retrospective March 2026 snapshot; use revised cost/date only as outcome labels, not predictive features."
690,"Sainthia, Sitarampur, Mughalsarai, Allahabad & Etawah - Bypass Line Project Multi-States",Eastern Railway [ER] - I,602797,N22000631,"(Uttar Pradesh, West Bengal)",08/2017,12/2017,03/2027,03/2027,461.64,461.64,238.93,20.5,87,2026-03-31,https://ipm.mospi.gov.in/Content/PDF/FlashReport_March_2026.pdf,0,0.0000,0,0,103,115,12,51.7568,2026-03,2026-03-01,"Retrospective March 2026 snapshot; use revised cost/date only as outcome labels, not predictive features."
691,Jharsuguda-Barpali-Sardega Ph II Works- Rail Connectivity for Coal Loading Bulb at Barpali.,South Eastern Railway [SER] - I,400006,-,Odisha,10/2021,10/2021,10/2025,12/2026,808.99,808.99,596.45,36.0,87,2026-03-31,https://ipm.mospi.gov.in/Content/PDF/FlashReport_March_2026.pdf,0,0.0000,1,14,53,48,-5,73.7277,2026-03,2026-03-01,"Retrospective March 2026 snapshot; use revised cost/date only as outcome labels, not predictive features."
692,Proposed 6 nos Road Over Bridge [ROB] at different locations under MCL Talcher Under Deposit Scheme.,East Coast Railway [ECoR] - II,400045,-,Odisha,08/2022,07/2022,03/2025,01/2025,168.32,168.32,69.85,82.0,87,2026-03-31,https://ipm.mospi.gov.in/Content/PDF/FlashReport_March_2026.pdf,0,0.0000,0,-2,43,31,-12,41.4983,2026-03,2026-03-01,"Retrospective March 2026 snapshot; use revised cost/date only as outcome labels, not predictive features."
693,Doubling of Lingaraj SILO connectivity of NTPC line and augmentation of NTPC exchange yard and NTPC Block Cabin.,East Coast Railway [ECoR] - II,400047,-,Odisha,08/2022,06/2022,12/2024,12/2026,210.0,210.0,38.26,50.0,87,2026-03-31,https://ipm.mospi.gov.in/Content/PDF/FlashReport_March_2026.pdf,0,0.0000,1,24,43,28,-15,18.2190,2026-03,2026-03-01,"Retrospective March 2026 snapshot; use revised cost/date only as outcome labels, not predictive features."
694,Doubling of lines connecting the loading spurs in Talcher Yard.,East Coast Railway [ECoR] - II,400048,-,Odisha,09/2022,06/2022,12/2024,04/2026,186.21,186.21,96.77,88.0,87,2026-03-31,https://ipm.mospi.gov.in/Content/PDF/FlashReport_March_2026.pdf,0,0.0000,1,16,42,27,-15,51.9682,2026-03,2026-03-01,"Retrospective March 2026 snapshot; use revised cost/date only as outcome labels, not predictive features."
695,Brundamal-Jharsuguda- flyover connection for joining downline,East Coast Railway [ECoR] - II,400232,N22000521,Odisha,01/2014,01/2014,12/2026,12/2026,297.0,297.0,224.43,52.0,87,2026-03-31,https://ipm.mospi.gov.in/Content/PDF/FlashReport_March_2026.pdf,0,0.0000,0,0,146,155,9,75.5657,2026-03,2026-03-01,"Retrospective March 2026 snapshot; use revised cost/date only as outcome labels, not predictive features."
696,3rd & 4th line between Sarla - Sason [8 km] [PB 73/2023-24/NR],East Coast Railway [ECoR] - II,612834,-,Odisha,04/2023,04/2023,12/2025,,252.0,252.0,105.8,80.0,87,2026-03-31,https://ipm.mospi.gov.in/Content/PDF/FlashReport_March_2026.pdf,0,0.0000,,,35,32,-3,41.9841,2026-03,2026-03-01,"Retrospective March 2026 snapshot; use revised cost/date only as outcome labels, not predictive features."
697,Bangriposi-Gorumahisani new line [ 85.60 km ],CAO/C/SER,616586,-,Odisha,08/2024,09/2025,12/2029,,2269.49,2269.49,6.06,0.0,87,2026-03-31,https://ipm.mospi.gov.in/Content/PDF/FlashReport_March_2026.pdf,0,0.0000,,,19,64,45,0.2670,2026-03,2026-03-01,"Retrospective March 2026 snapshot; use revised cost/date only as outcome labels, not predictive features."
698,Badampahar-Kendujhargarh new line [82.06 km],CAO/C/SER,616587,-,Odisha,08/2024,09/2025,12/2029,,1875.72,1875.72,1.96,0.0,87,2026-03-31,https://ipm.mospi.gov.in/Content/PDF/FlashReport_March_2026.pdf,0,0.0000,,,19,64,45,0.1045,2026-03,2026-03-01,"Retrospective March 2026 snapshot; use revised cost/date only as outcome labels, not predictive features."
699,Flyover between Siju and Paradeep coaching Yard to avoid Surface crossing of trains,East Coast Railway [ECoR] - II,616694,-,Odisha,04/2023,10/2025,07/2028,,200.77,200.77,30.86,5.0,87,2026-03-31,https://ipm.mospi.gov.in/Content/PDF/FlashReport_March_2026.pdf,0,0.0000,,,35,63,28,15.3708,2026-03,2026-03-01,"Retrospective March 2026 snapshot; use revised cost/date only as outcome labels, not predictive features."
700,Paradeep - Badabandha 3rd & 4th Line / 18.51kms,East Coast Railway [ECoR] - II,616695,-,Odisha,08/2023,04/2025,11/2028,,300.15,300.15,0.1,10.0,87,2026-03-31,https://ipm.mospi.gov.in/Content/PDF/FlashReport_March_2026.pdf,0,0.0000,,,31,63,32,0.0333,2026-03,2026-03-01,"Retrospective March 2026 snapshot; use revised cost/date only as outcome labels, not predictive features."
701,New Line between Junagarh - Nabarangpur [116.21 Km],Indian Railway,618995,-,Odisha,08/2024,08/2025,08/2030,,2864.51,2864.51,0.0,0.0,87,2026-03-31,https://ipm.mospi.gov.in/Content/PDF/FlashReport_March_2026.pdf,0,0.0000,,,19,72,53,0.0000,2026-03,2026-03-01,"Retrospective March 2026 snapshot; use revised cost/date only as outcome labels, not predictive features."
702,Khurda-Bolangir New Broad Gauge Rail Link [301km],East Coast Railway [ECoR] - II,705358,220100284,Odisha,03/1994,03/2001,12/2026,12/2026,3792.0,5089.0,5585.85,91.5,87,2026-03-31,https://ipm.mospi.gov.in/Content/PDF/FlashReport_March_2026.pdf,1,34.2036,0,0,384,393,9,147.3062,2026-03,2026-03-01,"Retrospective March 2026 snapshot; use revised cost/date only as outcome labels, not predictive features."
703,Talcher-Bimlagarh New Railway Line,East Coast Railway [ECoR] - II,705359,220100328,Odisha,03/2004,12/2004,03/2025,03/2029,1928.0,1928.0,2079.48,54.0,87,2026-03-31,https://ipm.mospi.gov.in/Content/PDF/FlashReport_March_2026.pdf,0,0.0000,1,48,264,252,-12,107.8568,2026-03,2026-03-01,"Retrospective March 2026 snapshot; use revised cost/date only as outcome labels, not predictive features."
704,Bhadrak-Nergundi Third Line,East Coast Railway [ECoR] - II,705510,N22000316,Odisha,10/2015,04/2015,11/2024,01/2026,1284.0,1284.0,1334.31,93.1,87,2026-03-31,https://ipm.mospi.gov.in/Content/PDF/FlashReport_March_2026.pdf,0,0.0000,1,14,125,109,-16,103.9182,2026-03,2026-03-01,"Retrospective March 2026 snapshot; use revised cost/date only as outcome labels, not predictive features."
705,Koraput - Singapur Railway Doubling,East Coast Railway [ECoR] - II,705513,N22000379,Odisha,12/2015,12/2015,12/2027,03/2028,2362.0,2362.0,1932.52,73.4,87,2026-03-31,https://ipm.mospi.gov.in/Content/PDF/FlashReport_March_2026.pdf,0,0.0000,1,3,123,144,21,81.8171,2026-03,2026-03-01,"Retrospective March 2026 snapshot; use revised cost/date only as outcome labels, not predictive features."
706,Jarapada- Budhapank with flyover at Talcher road 3rd and 4th Line,East Coast Railway [ECoR] - II,705514,N22000380,Odisha,11/2015,12/2015,11/2018,03/2027,1000.0,810.02,447.56,59.0,87,2026-03-31,https://ipm.mospi.gov.in/Content/PDF/FlashReport_March_2026.pdf,0,-18.9980,1,100,124,36,-88,44.7560,2026-03,2026-03-01,"Retrospective March 2026 snapshot; use revised cost/date only as outcome labels, not predictive features."
707,3rd & 4th Railway Line Project from Salegaon to Budhapank via Rajathgarh.,East Coast Railway [ECoR] - II,705515,N22000381,Odisha,07/2013,12/2015,03/2026,03/2026,1173.0,2092.0,2098.98,87.0,87,2026-03-31,https://ipm.mospi.gov.in/Content/PDF/FlashReport_March_2026.pdf,1,78.3461,0,0,152,152,0,178.9412,2026-03,2026-03-01,"Retrospective March 2026 snapshot; use revised cost/date only as outcome labels, not predictive features."
708,Jeypore-Navarangpur New Rail Line Project,East Coast Railway [ECoR] - II,,,Odisha,07/2017,,07/2028,,748.0,,14.43,1.77,87,2026-03-31,https://ipm.mospi.gov.in/Content/PDF/FlashReport_March_2026.pdf,,,,,104,132,28,1.9291,2026-03,2026-03-01,"Retrospective March 2026 snapshot; use revised cost/date only as outcome labels, not predictive features."
709,Jeypore-Malkanagiri New Railway Line Project,East Coast Railway [ECoR] - II,705742,N22000516,Odisha,02/2018,12/2023,07/2033,07/2033,2344.0,2344.0,549.72,23.1,88,2026-03-31,https://ipm.mospi.gov.in/Content/PDF/FlashReport_March_2026.pdf,0,0.0000,0,0,97,185,88,23.4522,2026-03,2026-03-01,"Retrospective March 2026 snapshot; use revised cost/date only as outcome labels, not predictive features."
710,Khurda Road - Balangir Electrification of Railway Track Project,Ministry of Railways,706898,-,Odisha,09/2018,09/2019,03/2021,,267.61,267.61,0.0,0.0,88,2026-03-31,https://ipm.mospi.gov.in/Content/PDF/FlashReport_March_2026.pdf,0,0.0000,,,90,30,-60,0.0000,2026-03,2026-03-01,"Retrospective March 2026 snapshot; use revised cost/date only as outcome labels, not predictive features."
711,GANDHAMARDAN IRON ORE MINES TO GOALDIH STATION/12.76kms,East Coast Railway [ECoR] - II,709811,N22000520,Odisha,09/2022,05/2025,09/2027,09/2027,190.0,189.93,0.0,0.0,88,2026-03-31,https://ipm.mospi.gov.in/Content/PDF/FlashReport_March_2026.pdf,0,-0.0368,0,0,42,60,18,0.0000,2026-03,2026-03-01,"Retrospective March 2026 snapshot; use revised cost/date only as outcome labels, not predictive features."
712,"Jaynagar-Bijalpura, incl. extn. Bet, Bijalpura-Bardibas [Nepal]",East Central Railway [ECR] - I,705362,N22000181,Offshore,08/2015,03/2011,03/2022,03/2026,819.0,819.0,580.51,75.0,88,2026-03-31,https://ipm.mospi.gov.in/Content/PDF/FlashReport_March_2026.pdf,0,0.0000,1,48,127,79,-48,70.8803,2026-03,2026-03-01,"Retrospective March 2026 snapshot; use revised cost/date only as outcome labels, not predictive features."
713,North Region Video Surveillance Project,RCIL,705298,-,PAN India,06/2020,04/2023,03/2024,,274.39,274.39,0.0,48.0,88,2026-03-31,https://ipm.mospi.gov.in/Content/PDF/FlashReport_March_2026.pdf,0,0.0000,,,69,45,-24,0.0000,2026-03,2026-03-01,"Retrospective March 2026 snapshot; use revised cost/date only as outcome labels, not predictive features."
714,Ludhiana- Killa Raipur Railway Doubling Project,Railway,705783,N22000584,Punjab,03/2019,12/2022,03/2025,02/2027,237.64,238.0,137.07,57.0,88,2026-03-31,https://ipm.mospi.gov.in/Content/PDF/FlashReport_March_2026.pdf,1,0.1515,1,23,84,72,-12,57.6797,2026-03,2026-03-01,"Retrospective March 2026 snapshot; use revised cost/date only as outcome labels, not predictive features."
715,Devgarh Madariya - Nathdwara Gauge Conversion [82.54 Km] part of Marwar - Mavli Gauge Conversion [152 Km],North Western Railway [NWR],611849,N22000608,Rajasthan,01/2023,01/2023,06/2028,06/2028,968.92,968.92,275.74,56.0,88,2026-03-31,https://ipm.mospi.gov.in/Content/PDF/FlashReport_March_2026.pdf,0,0.0000,0,0,38,65,27,28.4585,2026-03,2026-03-01,"Retrospective March 2026 snapshot; use revised cost/date only as outcome labels, not predictive features."
716,Devgarh Madariya - Nathdwara Gauge Conversion [82.54 Km] part of Marwar - Mavli Gauge Conversion [152 Km],North Western Railway [NWR],611855,-,Rajasthan,NA,01/2023,01/2027,,968.92,968.92,656.32,65.0,88,2026-03-31,https://ipm.mospi.gov.in/Content/PDF/FlashReport_March_2026.pdf,0,0.0000,,,,,10,67.7373,2026-03,2026-03-01,"Retrospective March 2026 snapshot; use revised cost/date only as outcome labels, not predictive features."
717,Maintenance cum workshop depot for Vande Bharat Sleeper Trains as per conditions under WTA 527,WPO/Patna,611929,-,Rajasthan,09/2022,06/2023,12/2024,,166.86,166.86,0.0,0.0,88,2026-03-31,https://ipm.mospi.gov.in/Content/PDF/FlashReport_March_2026.pdf,0,0.0000,,,42,27,-15,0.0000,2026-03,2026-03-01,"Retrospective March 2026 snapshot; use revised cost/date only as outcome labels, not predictive features."
718,PUSHKAR- MERTA CITY NEW LINE,North Western Railway [NWR],616841,-,Rajasthan,02/2024,02/2024,12/2026,,799.64,799.64,76.63,7.0,88,2026-03-31,https://ipm.mospi.gov.in/Content/PDF/FlashReport_March_2026.pdf,0,0.0000,,,25,34,9,9.5831,2026-03,2026-03-01,"Retrospective March 2026 snapshot; use revised cost/date only as outcome labels, not predictive features."
719,AJMER- CHANDERIYA DOUBLING,North Western Railway [NWR],616843,-,Rajasthan,02/2024,02/2024,06/2027,,1634.79,1634.79,288.73,12.0,88,2026-03-31,https://ipm.mospi.gov.in/Content/PDF/FlashReport_March_2026.pdf,0,0.0000,,,25,40,15,17.6616,2026-03,2026-03-01,"Retrospective March 2026 snapshot; use revised cost/date only as outcome labels, not predictive features."
720,SADULPUR - CHURU DOUBLING PROJECT,North Western Railway [NWR],617403,-,Rajasthan,01/2024,01/2024,06/2026,,468.64,468.64,167.03,71.0,88,2026-03-31,https://ipm.mospi.gov.in/Content/PDF/FlashReport_March_2026.pdf,0,0.0000,,,26,29,3,35.6414,2026-03,2026-03-01,"Retrospective March 2026 snapshot; use revised cost/date only as outcome labels, not predictive features."
721,POKHRAN - RAMDEVRA New Line,North Western Railway [NWR],617404,-,Rajasthan,04/2025,04/2025,03/2028,,189.21,189.21,0.0,0.0,88,2026-03-31,https://ipm.mospi.gov.in/Content/PDF/FlashReport_March_2026.pdf,0,0.0000,,,11,35,24,0.0000,2026-03,2026-03-01,"Retrospective March 2026 snapshot; use revised cost/date only as outcome labels, not predictive features."
722,NATHDWARA- NATHDWARA TOWN NL,North Western Railway [NWR],617408,-,Rajasthan,03/2019,04/2024,03/2027,,166.33,166.33,101.55,14.0,88,2026-03-31,https://ipm.mospi.gov.in/Content/PDF/FlashReport_March_2026.pdf,0,0.0000,,,84,96,12,61.0533,2026-03,2026-03-01,"Retrospective March 2026 snapshot; use revised cost/date only as outcome labels, not predictive features."
723,Dholpur - Sirmuttra Gauge Conversion,North Central Railway,705482,N22000158,Rajasthan,03/2022,04/2020,02/2019,02/2027,747.0,747.0,467.2,49.0,88,2026-03-31,https://ipm.mospi.gov.in/Content/PDF/FlashReport_March_2026.pdf,0,0.0000,1,96,48,-37,-85,62.5435,2026-03,2026-03-01,"Retrospective March 2026 snapshot; use revised cost/date only as outcome labels, not predictive features."
724,Gudha-Thatha Mithri Construction of Railway Track Project,North Western Railway [NWR],705752,N22000593,Rajasthan,04/2019,04/2019,11/2026,11/2026,819.48,967.06,397.28,99.5,88,2026-03-31,https://ipm.mospi.gov.in/Content/PDF/FlashReport_March_2026.pdf,1,18.0090,0,0,83,91,8,48.4795,2026-03,2026-03-01,"Retrospective March 2026 snapshot; use revised cost/date only as outcome labels, not predictive features."
725,Sawai Madhopur-Jaipur Railway Line Project,North Western Railway [NWR],705912,-,Rajasthan,02/2024,04/2023,03/2027,,1203.89,1203.89,171.05,14.0,88,2026-03-31,https://ipm.mospi.gov.in/Content/PDF/FlashReport_March_2026.pdf,0,0.0000,,,25,37,12,14.2081,2026-03,2026-03-01,"Retrospective March 2026 snapshot; use revised cost/date only as outcome labels, not predictive features."
726,Agra Fort-Bandikui Doubling Line Project,CAO/C/NCR,705919,N22000553,Rajasthan,06/2022,02/2021,06/2027,06/2027,1390.0,1390.0,428.26,65.0,88,2026-03-31,https://ipm.mospi.gov.in/Content/PDF/FlashReport_March_2026.pdf,0,0.0000,0,0,45,60,15,30.8101,2026-03,2026-03-01,"Retrospective March 2026 snapshot; use revised cost/date only as outcome labels, not predictive features."
727,Sawaimadhopur Bye Pass Line Project,North Western Railway [NWR],706866,N22000607,Rajasthan,12/2022,01/2023,03/2026,05/2027,304.0,304.0,69.33,72.0,88,2026-03-31,https://ipm.mospi.gov.in/Content/PDF/FlashReport_March_2026.pdf,0,0.0000,1,14,39,39,0,22.8059,2026-03,2026-03-01,"Retrospective March 2026 snapshot; use revised cost/date only as outcome labels, not predictive features."
728,Phase II extension of MRTS from Velachery to St Thomas Mount,Ministry of Railways,400280,N22000028,Tamil Nadu,11/2007,11/2008,07/2025,09/2025,734.0,734.01,484.91,99.9,88,2026-03-31,https://ipm.mospi.gov.in/Content/PDF/FlashReport_March_2026.pdf,1,0.0014,1,2,220,212,-8,66.0640,2026-03,2026-03-01,"Retrospective March 2026 snapshot; use revised cost/date only as outcome labels, not predictive features."
729,Redevelopment of Chennai Egmore Station,Ministry of Railways,613002,-,Tamil Nadu,05/2022,10/2022,03/2026,,842.0,842.0,340.0,0.0,88,2026-03-31,https://ipm.mospi.gov.in/Content/PDF/FlashReport_March_2026.pdf,0,0.0000,,,46,46,0,40.3800,2026-03,2026-03-01,"Retrospective March 2026 snapshot; use revised cost/date only as outcome labels, not predictive features."
730,Coach Production Factory Upgradation Project,CPM/ICF,705244,-,Tamil Nadu,12/2017,07/2018,12/2021,,520.0,520.0,192.25,0.0,88,2026-03-31,https://ipm.mospi.gov.in/Content/PDF/FlashReport_March_2026.pdf,0,0.0000,,,99,48,-51,36.9712,2026-03,2026-03-01,"Retrospective March 2026 snapshot; use revised cost/date only as outcome labels, not predictive features."
731,Doubling between Bhadrachalam Road and Dornakal,South Central Railway [SCR] - II,,,Telangana,08/2023,,04/2029,,770.12,,80.85,0.04,88,2026-03-31,https://ipm.mospi.gov.in/Content/PDF/FlashReport_March_2026.pdf,,,,,31,68,37,10.4984,2026-03,2026-03-01,"Retrospective March 2026 snapshot; use revised cost/date only as outcome labels, not predictive features."
732,Railway Manufacturing Unit,RVNL - II,617409,-,Telangana,07/2016,02/2023,12/2026,03/2026,521.36,521.36,491.37,87.35,89,2026-03-31,https://ipm.mospi.gov.in/Content/PDF/FlashReport_March_2026.pdf,0,0.0000,0,-9,116,125,9,94.2477,2026-03,2026-03-01,"Retrospective March 2026 snapshot; use revised cost/date only as outcome labels, not predictive features."
733,Kazipet Wagon Overhauling Project,RVNL,705252,-,Telangana,09/2017,07/2017,12/2023,,385.0,385.0,0.0,0.0,89,2026-03-31,https://ipm.mospi.gov.in/Content/PDF/FlashReport_March_2026.pdf,0,0.0000,,,102,75,-27,0.0000,2026-03,2026-03-01,"Retrospective March 2026 snapshot; use revised cost/date only as outcome labels, not predictive features."
734,Manoharabad-Kothapalli New Rail Line [151 km],South Central Railway [SCR] - II,705437,N22000032,Telangana,07/2016,01/2017,03/2027,12/2027,1160.0,2781.0,2964.82,72.0,89,2026-03-31,https://ipm.mospi.gov.in/Content/PDF/FlashReport_March_2026.pdf,1,139.7414,1,9,116,128,12,255.5879,2026-03,2026-03-01,"Retrospective March 2026 snapshot; use revised cost/date only as outcome labels, not predictive features."
735,Bahraich-Shravasti-Balrampur-Siddharthnagar -Santkabir nagar,North Eastern Railway [NER],400204,N22000569,Uttar Pradesh,10/2018,03/2017,10/2030,10/2030,4939.78,4939.78,971.79,8.8,89,2026-03-31,https://ipm.mospi.gov.in/Content/PDF/FlashReport_March_2026.pdf,0,0.0000,0,0,89,144,55,19.6727,2026-03,2026-03-01,"Retrospective March 2026 snapshot; use revised cost/date only as outcome labels, not predictive features."
736,Sahjanwa-Dohrighat,North Eastern Railway [NER],400205,N22000565,Uttar Pradesh,08/2019,03/2017,03/2029,03/2029,1319.75,1319.75,482.55,3.9,89,2026-03-31,https://ipm.mospi.gov.in/Content/PDF/FlashReport_March_2026.pdf,0,0.0000,0,0,79,115,36,36.5637,2026-03,2026-03-01,"Retrospective March 2026 snapshot; use revised cost/date only as outcome labels, not predictive features."
737,Varanasi-Pt. Deen Dayal Upadhyaya multitracking 15km including construction of new Rail-cum-Road Bridge across Ganga River.,Northern Railways,617213,-,Uttar Pradesh,10/2024,10/2025,10/2029,,2464.46,2464.46,42.29,0.0,89,2026-03-31,https://ipm.mospi.gov.in/Content/PDF/FlashReport_March_2026.pdf,0,0.0000,,,17,60,43,1.7160,2026-03,2026-03-01,"Retrospective March 2026 snapshot; use revised cost/date only as outcome labels, not predictive features."
738,Anandnagar - Ghugli via Maharajganj New line 52.7 km,Construction NER,617252,-,Uttar Pradesh,10/2023,11/2023,03/2028,,958.27,958.27,623.94,23.8,89,2026-03-31,https://ipm.mospi.gov.in/Content/PDF/FlashReport_March_2026.pdf,0,0.0000,,,29,53,24,65.1111,2026-03,2026-03-01,"Retrospective March 2026 snapshot; use revised cost/date only as outcome labels, not predictive features."
739,Chunar-Chopan doubling project,North Central Railway,617284,-,Uttar Pradesh,08/2023,01/2025,03/2028,,1423.96,1423.96,102.43,15.0,89,2026-03-31,https://ipm.mospi.gov.in/Content/PDF/FlashReport_March_2026.pdf,0,0.0000,,,31,55,24,7.1933,2026-03,2026-03-01,"Retrospective March 2026 snapshot; use revised cost/date only as outcome labels, not predictive features."
740,Surface triangle line bet. Bhadura stn and new crossing stn Karma,East Central Railway [ECR] - I,617333,-,Uttar Pradesh,10/2022,05/2024,02/2027,,199.96,199.96,4.17,0.2,89,2026-03-31,https://ipm.mospi.gov.in/Content/PDF/FlashReport_March_2026.pdf,0,0.0000,,,41,52,11,2.0854,2026-03,2026-03-01,"Retrospective March 2026 snapshot; use revised cost/date only as outcome labels, not predictive features."
741,Doubling between Jaunpur Jn - Zaffarabad 6.28 km,M/S SRC company Infra Private Limited,617370,-,Uttar Pradesh,03/2023,02/2025,01/2027,,180.66,180.66,43.65,10.5,89,2026-03-31,https://ipm.mospi.gov.in/Content/PDF/FlashReport_March_2026.pdf,0,0.0000,,,36,46,10,24.1614,2026-03,2026-03-01,"Retrospective March 2026 snapshot; use revised cost/date only as outcome labels, not predictive features."
742,Burhwal Gonda 3rd line,North Eastern Railway [NER],705567,N22000468,Uttar Pradesh,11/2017,07/2019,03/2025,05/2026,1016.0,1118.0,1014.1,88.3,89,2026-03-31,https://ipm.mospi.gov.in/Content/PDF/FlashReport_March_2026.pdf,1,10.0394,1,14,100,88,-12,99.8130,2026-03,2026-03-01,"Retrospective March 2026 snapshot; use revised cost/date only as outcome labels, not predictive features."
743,Janghai-Pratapgarh- Amethi,CAO/C/II/NR,705588,N22000583,Uttar Pradesh,11/2017,03/2017,03/2025,03/2026,722.0,1194.0,1670.58,80.0,89,2026-03-31,https://ipm.mospi.gov.in/Content/PDF/FlashReport_March_2026.pdf,1,65.3740,1,12,100,88,-12,231.3823,2026-03,2026-03-01,"Retrospective March 2026 snapshot; use revised cost/date only as outcome labels, not predictive features."
744,Lalitpur-Birari with flyover at Lalitpur- 16 Km,North Central Railway,705766,N22000546,Uttar Pradesh,03/2017,11/2017,12/2024,01/2026,304.44,356.0,248.55,85.0,89,2026-03-31,https://ipm.mospi.gov.in/Content/PDF/FlashReport_March_2026.pdf,1,16.9360,1,13,108,93,-15,81.6417,2026-03,2026-03-01,"Retrospective March 2026 snapshot; use revised cost/date only as outcome labels, not predictive features."
745,Allahabad-Bamhrauli Flyover Construction & 4th Railway Line Project,North Central Railway,705771,N22000563,Uttar Pradesh,04/2019,10/2020,03/2026,03/2026,494.0,494.0,376.99,76.0,89,2026-03-31,https://ipm.mospi.gov.in/Content/PDF/FlashReport_March_2026.pdf,0,0.0000,0,0,83,83,0,76.3138,2026-03,2026-03-01,"Retrospective March 2026 snapshot; use revised cost/date only as outcome labels, not predictive features."
746,"Mughalsarai-Allahabad, 3rd line",North Central Railway,705772,N22000544,Uttar Pradesh,12/2015,03/2016,12/2026,03/2027,2649.0,2649.44,1836.67,69.0,89,2026-03-31,https://ipm.mospi.gov.in/Content/PDF/FlashReport_March_2026.pdf,1,0.0166,1,3,123,132,9,69.3345,2026-03,2026-03-01,"Retrospective March 2026 snapshot; use revised cost/date only as outcome labels, not predictive features."
747,Aligarh -Daud Khan Flyover Construction & 3rd Railway Line Project,CAO/C/NCR,705774,N22000562,Uttar Pradesh,04/2019,09/2020,01/2025,03/2027,758.0,779.49,469.8,83.0,89,2026-03-31,https://ipm.mospi.gov.in/Content/PDF/FlashReport_March_2026.pdf,1,2.8351,1,26,83,69,-14,61.9789,2026-03,2026-03-01,"Retrospective March 2026 snapshot; use revised cost/date only as outcome labels, not predictive features."
748,Bhandai - Flyover for Etawah bound down train- 10 Km,North Central Railway [NCR] - II,705777,N22000564,Uttar Pradesh,07/2020,04/2021,02/2026,02/2027,250.18,250.18,115.71,8.0,89,2026-03-31,https://ipm.mospi.gov.in/Content/PDF/FlashReport_March_2026.pdf,0,0.0000,1,12,68,67,-1,46.2507,2026-03,2026-03-01,"Retrospective March 2026 snapshot; use revised cost/date only as outcome labels, not predictive features."
749,Bhatni-Aurnihar with electrification excluding Indara-Mau,RVNL - I,705780,N22000598,Uttar Pradesh,03/2018,03/2017,12/2024,06/2026,2529.0,2529.46,2138.39,96.0,89,2026-03-31,https://ipm.mospi.gov.in/Content/PDF/FlashReport_March_2026.pdf,1,0.0182,1,18,96,81,-15,84.5548,2026-03,2026-03-01,"Retrospective March 2026 snapshot; use revised cost/date only as outcome labels, not predictive features."
750,Barabanki-Malhaur 3rd & 4th Railway Line Project,Ministry of Railways,705782,N22000590,Uttar Pradesh,01/2019,04/2017,03/2025,08/2026,407.0,407.0,392.94,77.0,89,2026-03-31,https://ipm.mospi.gov.in/Content/PDF/FlashReport_March_2026.pdf,0,0.0000,1,17,86,74,-12,96.5455,2026-03,2026-03-01,"Retrospective March 2026 snapshot; use revised cost/date only as outcome labels, not predictive features."
751,Allahabad division - Aligarh - Harduaganj Flyover,North Central Railway,705918,N22000545,Uttar Pradesh,04/2020,02/2021,10/2026,03/2027,1457.0,1457.0,400.19,14.0,89,2026-03-31,https://ipm.mospi.gov.in/Content/PDF/FlashReport_March_2026.pdf,0,0.0000,1,5,71,78,7,27.4667,2026-03,2026-03-01,"Retrospective March 2026 snapshot; use revised cost/date only as outcome labels, not predictive features."
752,Rishikesh-Karnaprayag New Rail Line- 125 km,RVNL - II,705429,N22000406,Uttarakhand,11/2016,08/2018,12/2025,12/2028,38953.0,28269.15,,73.5,89,2026-03-31,https://ipm.mospi.gov.in/Content/PDF/FlashReport_March_2026.pdf,0,-27.4275,1,36,112,109,-3,,2026-03,2026-03-01,"Retrospective March 2026 snapshot; use revised cost/date only as outcome labels, not predictive features."
753,Kalinarayanpur-Krishnanagar Doubling Alongwith Krishnanagar - Chapra New Line And Naihati-Ranaghat 3rd Line.,Eastern Railway [ER] - I,400247,N22000624,West Bengal,07/2015,11/2005,02/2027,03/2028,1000.0,1000.0,1060.84,70.5,89,2026-03-31,https://ipm.mospi.gov.in/Content/PDF/FlashReport_March_2026.pdf,0,0.0000,1,13,128,139,11,106.0840,2026-03,2026-03-01,"Retrospective March 2026 snapshot; use revised cost/date only as outcome labels, not predictive features."
754,Tarakeshwar-Bishnupur New Line [82.47 km],Eastern Railway [ER] - I,400273,,West Bengal,03/2001,,03/2019,02/2026,1189.0,1542.0,1367.58,96.68,89,2026-03-31,https://ipm.mospi.gov.in/Content/PDF/FlashReport_March_2026.pdf,1,29.6888,1,83,300,216,-84,115.0193,2026-03,2026-03-01,"Retrospective March 2026 snapshot; use revised cost/date only as outcome labels, not predictive features."
755,Dum Dum Airport-New Garia via Rajarhat-Construction of Metro Railway,RVNL - II,400277,N22000110,West Bengal,03/2010,10/2011,12/2025,12/2027,8964.0,8964.0,8617.5,86.6,90,2026-03-31,https://ipm.mospi.gov.in/Content/PDF/FlashReport_March_2026.pdf,0,0.0000,1,24,192,189,-3,96.1345,2026-03,2026-03-01,"Retrospective March 2026 snapshot; use revised cost/date only as outcome labels, not predictive features."
756,Construction of Balurghat-Hilli new BG Line,Northeast Frontier Railway [NFR],612096,N22000206,West Bengal,12/2010,12/2010,03/2027,03/2027,1209.0,1181.57,449.29,16.0,90,2026-03-31,https://ipm.mospi.gov.in/Content/PDF/FlashReport_March_2026.pdf,0,-2.2688,0,0,183,195,12,37.1621,2026-03,2026-03-01,"Retrospective March 2026 snapshot; use revised cost/date only as outcome labels, not predictive features."
757,SER Upgradation of maintenance infrastructure at Shalimar into Vande Bharat Chair Car maintenance cum workshop depot.,South Eastern Railway - JH,617345,-,West Bengal,03/2024,12/2024,10/2026,,226.87,226.87,43.64,50.0,90,2026-03-31,https://ipm.mospi.gov.in/Content/PDF/FlashReport_March_2026.pdf,0,0.0000,,,24,31,7,19.2357,2026-03,2026-03-01,"Retrospective March 2026 snapshot; use revised cost/date only as outcome labels, not predictive features."
758,Joka-BBD Bag new metro project,RVNL - II,705730,N22000111,West Bengal,03/2010,04/2010,12/2026,12/2029,4835.0,10362.0,4931.47,51.0,90,2026-03-31,https://ipm.mospi.gov.in/Content/PDF/FlashReport_March_2026.pdf,1,114.3123,1,36,192,201,9,101.9952,2026-03,2026-03-01,"Retrospective March 2026 snapshot; use revised cost/date only as outcome labels, not predictive features."
759,Noapara-Barasat via Bimanbandar - Construction of Metro railway [18 km],"Metro Railway, Kolkata",706776,N22000108,West Bengal,11/2010,03/2010,08/2026,03/2029,4830.0,4830.0,3258.95,32.0,90,2026-03-31,https://ipm.mospi.gov.in/Content/PDF/FlashReport_March_2026.pdf,0,0.0000,1,31,184,189,5,67.4731,2026-03,2026-03-01,"Retrospective March 2026 snapshot; use revised cost/date only as outcome labels, not predictive features."
760,Baranagar-Barrackpore and Dakshineshwar- Construction of Metro Railway,RVNL - II,706777,N22000109,West Bengal,03/2010,03/2010,12/2026,12/2030,2298.0,2734.0,393.02,17.0,90,2026-03-31,https://ipm.mospi.gov.in/Content/PDF/FlashReport_March_2026.pdf,1,18.9730,1,48,192,201,9,17.1027,2026-03,2026-03-01,"Retrospective March 2026 snapshot; use revised cost/date only as outcome labels, not predictive features."
761,"Roads & Highways Rehabilitation and up-gradation of section to Intermediate/2-Lane with hard shoulder from Km 107.760 to Km 129.445 After Middle strait to Humphrey, Km 130.600 to Km 138.00 After Humphrey to Kadamtala & Km 155.00 to Km 181.0 End of Jarwa to Rangat of NH-04 in UT of A&N on EPC Package-IIIA",NHIDCL,619184,-,Andaman & Nicobar,02/2018,03/2024,09/2025,05/2026,207.45,376.48,0.0,72.42,90,2026-03-31,https://ipm.mospi.gov.in/Content/PDF/FlashReport_March_2026.pdf,1,81.4799,1,8,97,91,-6,0.0000,2026-03,2026-03-01,"Retrospective March 2026 snapshot; use revised cost/date only as outcome labels, not predictive features."
762,Rehabilitation and up-gradation and completion of balance work of section from Km 155.00 to Km 181.00 End of Jarwa to Rangat of NH -4 Total length 26 Km to Intermediate Lane/2-lane with hard shoulders in the UT of A&N Islands on EPC basis - Package-III.B Balance work,NHIDCL,619185,-,Andaman & Nicobar,02/2018,05/2024,10/2025,05/2026,183.56,333.12,0.0,45.72,90,2026-03-31,https://ipm.mospi.gov.in/Content/PDF/FlashReport_March_2026.pdf,1,81.4774,1,7,97,92,-5,0.0000,2026-03,2026-03-01,"Retrospective March 2026 snapshot; use revised cost/date only as outcome labels, not predictive features."
763,Construction of Balance works of Major Bridge over Middle Strait Creek between Km.106.590 to km108.553 of NH-04 connecting South Andaman & Baratang Island in the Union Territory of Andaman & Nicobar Islands on EPC basis,NHIDCL,619186,-,Andaman & Nicobar,03/2015,05/2024,02/2026,12/2026,262.96,371.88,0.0,9.76,90,2026-03-31,https://ipm.mospi.gov.in/Content/PDF/FlashReport_March_2026.pdf,1,41.4207,1,10,132,131,-1,0.0000,2026-03,2026-03-01,"Retrospective March 2026 snapshot; use revised cost/date only as outcome labels, not predictive features."
764,Rehabilitation and Up-gradation from Km 170700 Bhadrachalam to Km 234567 Konta on NH-30 to Two lane with Paved Shoulder in the State of Andra Pradesh on EPC mode.,MoRTH,617907,N24001953,Andhra Pradesh,12/2021,09/2022,09/2024,04/2026,436.09,436.09,215.74,100.0,90,2026-03-31,https://ipm.mospi.gov.in/Content/PDF/FlashReport_March_2026.pdf,0,0.0000,1,19,51,33,-18,49.4714,2026-03,2026-03-01,"Retrospective March 2026 snapshot; use revised cost/date only as outcome labels, not predictive features."
765,Tadipatri Bypass Km 0000 to Km 6285 of 4-Lane on NH-67 in Anantapuramu district of AP state under NHO on EPC Mode under Annual Plan 2022-23,MoRTH,617949,N24002145,Andhra Pradesh,03/2023,03/2024,03/2026,03/2026,159.66,159.66,59.26,100.0,90,2026-03-31,https://ipm.mospi.gov.in/Content/PDF/FlashReport_March_2026.pdf,0,0.0000,0,0,36,36,0,37.1164,2026-03,2026-03-01,"Retrospective March 2026 snapshot; use revised cost/date only as outcome labels, not predictive features."
766,"Gudivada Town 2 RoB, and Road improvement NH-165",MoRTH,617984,N24000989,Andhra Pradesh,03/2022,05/2023,05/2025,06/2026,317.22,317.22,0.0,73.46,90,2026-03-31,https://ipm.mospi.gov.in/Content/PDF/FlashReport_March_2026.pdf,0,0.0000,1,13,48,38,-10,0.0000,2026-03,2026-03-01,"Retrospective March 2026 snapshot; use revised cost/date only as outcome labels, not predictive features."
767,Widening to two lane with paved shoulders from Km 0/0 to 64/020 Pamarru to Akiveedu,MoRTH,617985,N24000983,Andhra Pradesh,03/2020,11/2021,11/2023,07/2026,529.54,588.65,0.0,69.62,90,2026-03-31,https://ipm.mospi.gov.in/Content/PDF/FlashReport_March_2026.pdf,1,11.1625,1,32,72,44,-28,0.0000,2026-03,2026-03-01,"Retrospective March 2026 snapshot; use revised cost/date only as outcome labels, not predictive features."
768,Kurnool/Kadapa Border-Jammalamadugu section of NH-167K i.e. Design Ch. Km 248010 to km 269900 to 2,MoRTH,617986,N24001537,Andhra Pradesh,03/2023,12/2024,12/2026,12/2026,292.63,292.63,0.0,82.57,90,2026-03-31,https://ipm.mospi.gov.in/Content/PDF/FlashReport_March_2026.pdf,0,0.0000,0,0,36,45,9,0.0000,2026-03,2026-03-01,"Retrospective March 2026 snapshot; use revised cost/date only as outcome labels, not predictive features."
769,Nandyala-Kurnool/Kadapa Border section of NH-167K i.e. Km 186/000 to Km 250/000Design Ch.186000 to 248010 to 2LPS,MoRTH,617987,-,Andhra Pradesh,10/2024,09/2025,09/2027,09/2027,691.81,691.81,0.0,40.49,90,2026-03-31,https://ipm.mospi.gov.in/Content/PDF/FlashReport_March_2026.pdf,0,0.0000,0,0,17,35,18,0.0000,2026-03,2026-03-01,"Retrospective March 2026 snapshot; use revised cost/date only as outcome labels, not predictive features."
770,Sangameswaram - Atmakuru section from Km 96 to Km 124 & Velegodu- Nandyal section including Nandyal Bypass from Km 143/6 to 185/9 NH-167K,MoRTH,617988,-,Andhra Pradesh,10/2024,07/2025,07/2027,07/2027,776.17,644.14,0.0,16.4,90,2026-03-31,https://ipm.mospi.gov.in/Content/PDF/FlashReport_March_2026.pdf,0,-17.0104,0,0,17,33,16,0.0000,2026-03,2026-03-01,"Retrospective March 2026 snapshot; use revised cost/date only as outcome labels, not predictive features."
771,Construction of bypass road to Adoni town connecting NH-167 Hagari - Jadcharla road from km.62/700 to 71/400 in Kurnool District in the State of Andhra Pradesh.,MoRTH,617990,N24002025,Andhra Pradesh,03/2023,02/2024,11/2025,,242.0,242.0,78.49,95.94,90,2026-03-31,https://ipm.mospi.gov.in/Content/PDF/FlashReport_March_2026.pdf,0,0.0000,,,36,32,-4,32.4339,2026-03,2026-03-01,"Retrospective March 2026 snapshot; use revised cost/date only as outcome labels, not predictive features."
772,"Rehabilitation and up-gradation of NH-167 from Km 14/900 to Km70/000 Design Ch. 14/900 to 69/700 Chintakunta to Adoni section to two lane with paved shoulders in the State of Andhra Pradesh under Corridor Approach through Engineering, Procurement",MoRTH,,,Andhra Pradesh,11/2016,05/2017,05/2019,07/2026,290.15,290.15,140.23,91.9,90,2026-03-31,https://ipm.mospi.gov.in/Content/PDF/FlashReport_March_2026.pdf,0,0.0000,1,86,112,30,-82,48.3302,2026-03,2026-03-01,"Retrospective March 2026 snapshot; use revised cost/date only as outcome labels, not predictive features."
773,4-laning of Puttaparthi-Koduru Section of NH-342,MoRTH,618013,-,Andhra Pradesh,10/2022,11/2023,11/2025,04/2026,1318.59,909.19,341.52,79.5,91,2026-03-31,https://ipm.mospi.gov.in/Content/PDF/FlashReport_March_2026.pdf,0,-31.0483,1,5,41,37,-4,25.9004,2026-03,2026-03-01,"Retrospective March 2026 snapshot; use revised cost/date only as outcome labels, not predictive features."
774,Rehabilitation and Up-gradation of existin of road from 2-lane to 2-lane with paved shoulders from km. 0.00 to km 53.590 total length-53.590 km of Raychoti to Vempalli section of NH-440 in the State of Andhra Pradesh on EPC mode.,MoRTH,618037,N24001934,Andhra Pradesh,12/2021,05/2022,05/2024,06/2026,439.82,359.52,178.83,78.9,91,2026-03-31,https://ipm.mospi.gov.in/Content/PDF/FlashReport_March_2026.pdf,0,-18.2575,1,25,51,29,-22,40.6598,2026-03,2026-03-01,"Retrospective March 2026 snapshot; use revised cost/date only as outcome labels, not predictive features."
775,Gorantla - Hindupur section from Km 120/300 to 165/000 of NH716G in the State of Andhra Pradesh,MoRTH,618052,-,Andhra Pradesh,10/2024,08/2025,08/2027,08/2027,808.7,808.7,0.0,9.41,91,2026-03-31,https://ipm.mospi.gov.in/Content/PDF/FlashReport_March_2026.pdf,0,0.0000,0,0,17,34,17,0.0000,2026-03,2026-03-01,"Retrospective March 2026 snapshot; use revised cost/date only as outcome labels, not predictive features."
776,Muddanur to B. Kothapalli section of NH-716G from Km. 0/000 to Km. 56/500 56.500 Km in the State of Andhra Pradesh on EPC mode Job no. 741,MoRTH,618053,-,Andhra Pradesh,10/2024,08/2025,08/2027,08/2027,1019.97,1019.97,0.0,17.53,91,2026-03-31,https://ipm.mospi.gov.in/Content/PDF/FlashReport_March_2026.pdf,0,0.0000,0,0,17,34,17,0.0000,2026-03,2026-03-01,"Retrospective March 2026 snapshot; use revised cost/date only as outcome labels, not predictive features."
777,Dornala to Kunta Junction from Design Chainage Km 244000 to 267990 section of NH-765 Package-2,MoRTH,618062,N24002147,Andhra Pradesh,12/2022,03/2024,09/2025,01/2026,244.83,244.83,0.0,99.64,91,2026-03-31,https://ipm.mospi.gov.in/Content/PDF/FlashReport_March_2026.pdf,0,0.0000,1,4,39,33,-6,0.0000,2026-03,2026-03-01,"Retrospective March 2026 snapshot; use revised cost/date only as outcome labels, not predictive features."
778,Kondamodu to Perecherla Section Design Ch. Km 000 to Km 49917 of NH-167AG to to 4LPS,MoRTH,618101,-,Andhra Pradesh,10/2024,04/2025,04/2027,04/2027,881.61,881.61,0.0,25.09,91,2026-03-31,https://ipm.mospi.gov.in/Content/PDF/FlashReport_March_2026.pdf,0,0.0000,0,0,17,30,13,0.0000,2026-03,2026-03-01,"Retrospective March 2026 snapshot; use revised cost/date only as outcome labels, not predictive features."
779,Rehabilitation and upgradation from Km 22300 to 58635 of MudireddyPalle to Kadapa/Nellore Border via porumamilla Section of NH 167 Two Lane with paved Shoulder in,MoRTH,618103,-,Andhra Pradesh,03/2022,10/2024,04/2026,04/2026,279.29,279.29,155.02,88.25,91,2026-03-31,https://ipm.mospi.gov.in/Content/PDF/FlashReport_March_2026.pdf,0,0.0000,0,0,48,49,1,55.5050,2026-03,2026-03-01,"Retrospective March 2026 snapshot; use revised cost/date only as outcome labels, not predictive features."
780,Rehabilitation and upgradation of NH 326A from km 0/0 to 41/979 excluding km 2/255 to 3/372 and km 36/820 to 38/275 Odisha border to Narasamapeta to two lane with paved Shoulders in the State of Andhra Pradesh under NHO on EPC Mode,MoRTH,618125,-,Andhra Pradesh,03/2018,09/2018,03/2020,10/2025,228.32,228.32,44.45,100.0,91,2026-03-31,https://ipm.mospi.gov.in/Content/PDF/FlashReport_March_2026.pdf,0,0.0000,1,67,96,24,-72,19.4683,2026-03,2026-03-01,"Retrospective March 2026 snapshot; use revised cost/date only as outcome labels, not predictive features."
781,Widening to two lane with paved shoulder of Rampachodavaram - Koyyuru section of NH 516E from Km 43700 to Km 113820 in the State of Andhra Pradesh on EPC mode Job No. 737,MoRTH,618145,N24001263,Andhra Pradesh,03/2022,01/2023,01/2025,04/2026,568.12,568.12,298.82,98.63,91,2026-03-31,https://ipm.mospi.gov.in/Content/PDF/FlashReport_March_2026.pdf,0,0.0000,1,15,48,34,-14,52.5980,2026-03,2026-03-01,"Retrospective March 2026 snapshot; use revised cost/date only as outcome labels, not predictive features."
782,Widening and Reconstruction of existing road to four lane from Km.56400 to Km 120300 i.e. from B.Kothapalli Junction to Gorantla excluding Kadiri Bypass from Km 70200 to Km 77105 of NH 716G in the State of Andhra Pradesh on EPC mode Job no. 742,MoRTH,618161,N24001416,Andhra Pradesh,03/2022,09/2023,12/2025,04/2026,839.98,839.98,355.56,99.45,91,2026-03-31,https://ipm.mospi.gov.in/Content/PDF/FlashReport_March_2026.pdf,0,0.0000,1,4,48,45,-3,42.3296,2026-03,2026-03-01,"Retrospective March 2026 snapshot; use revised cost/date only as outcome labels, not predictive features."
783,"Rehabilitation and upgradation of NH-167AD from Macherla to Dachepalli via Paluvai Junction, Rentachinthala, Gurazala from Km.0.000 to 43.659 to two lane with paved shoulders in the state of Andhra Pradesh job-729",MoRTH,618191,N24001951,Andhra Pradesh,01/2022,01/2023,01/2025,03/2026,403.22,403.22,227.13,99.06,91,2026-03-31,https://ipm.mospi.gov.in/Content/PDF/FlashReport_March_2026.pdf,0,0.0000,1,14,50,36,-14,56.3291,2026-03,2026-03-01,"Retrospective March 2026 snapshot; use revised cost/date only as outcome labels, not predictive features."
784,Duttalur at NH-565 Junction to Kavali Joining on NH-16 Chainage Km. 36/400 to Km. 107/224 excluding the stretch from Km 101.880 to 105.300 67.404 Km of NH-167BG from in the State of Andhra Pradesh on EPC mode,MoRTH,618192,N24001942,Andhra Pradesh,03/2021,07/2022,07/2024,04/2026,423.67,423.67,0.0,94.65,91,2026-03-31,https://ipm.mospi.gov.in/Content/PDF/FlashReport_March_2026.pdf,0,0.0000,1,21,60,40,-20,0.0000,2026-03,2026-03-01,"Retrospective March 2026 snapshot; use revised cost/date only as outcome labels, not predictive features."
785,Widening of Existing Road to Two Lane with Paved Shoulder Configuration from Km 0.00 to 26.000 & Km 45.200 To 59.622 Of NH 365BB in the State of Andhra Pradesh Under Annual Plan 2023-24 through EPC Mode,MoRTH,618193,-,Andhra Pradesh,01/2024,04/2025,12/2026,10/2026,368.63,368.63,37.37,22.55,91,2026-03-31,https://ipm.mospi.gov.in/Content/PDF/FlashReport_March_2026.pdf,0,0.0000,0,-2,26,35,9,10.1375,2026-03,2026-03-01,"Retrospective March 2026 snapshot; use revised cost/date only as outcome labels, not predictive features."
786,Rehabilitation and upgradation of New NH 544DD from design Chainage Km. 56/000 to 102/20 of Kalyandrg - Molakalmuru Section,MoRTH,618194,N24000937,Andhra Pradesh,03/2018,08/2018,02/2020,09/2025,294.13,285.29,312.39,98.52,91,2026-03-31,https://ipm.mospi.gov.in/Content/PDF/FlashReport_March_2026.pdf,0,-3.0055,1,67,96,23,-73,106.2081,2026-03,2026-03-01,"Retrospective March 2026 snapshot; use revised cost/date only as outcome labels, not predictive features."
787,Rehabilitation and Up-gradation of Dhindi - Digamarru section from Km 126/510 to Km 135/740 of NH -214New NH -216 and digamarru -Losari section from Km 0/000 tp Km 34/230 of NH-214 ANew Nh-216 to two lane with paved shoulder in the state of AP- NH,MoRTH,618236,-,Andhra Pradesh,02/2016,05/2016,05/2018,11/2023,316.06,288.76,220.02,100.0,91,2026-03-31,https://ipm.mospi.gov.in/Content/PDF/FlashReport_March_2026.pdf,0,-8.6376,1,66,121,27,-94,69.6134,2026-03,2026-03-01,"Retrospective March 2026 snapshot; use revised cost/date only as outcome labels, not predictive features."
788,Rehabilitation and Up-gradation of Pasarlapudi to Dhindi section from Km 105/170 to Km 126/510 of NH -214 New NH -216 to two lane with paved shoulder in the state of Andhra Pradesh under NHDP-IV,MoRTH,618237,N24000969,Andhra Pradesh,03/2017,09/2017,09/2019,09/2025,263.45,263.45,151.56,98.4,91,2026-03-31,https://ipm.mospi.gov.in/Content/PDF/FlashReport_March_2026.pdf,0,0.0000,1,72,108,30,-78,57.5289,2026-03,2026-03-01,"Retrospective March 2026 snapshot; use revised cost/date only as outcome labels, not predictive features."
789,Rehabilitation and Up-gradation of Thimmapuram to Gurajanapalli section from Km 26/150 to Km 41/161 of NH - 214 New NH - 216 to two lane with paved shoulder in the state of Andhra Pradesh under NHDP-IV,MoRTH,,,Andhra Pradesh,08/2016,,07/2018,07/2026,350.61,432.91,233.92,98.2,91,2026-03-31,https://ipm.mospi.gov.in/Content/PDF/FlashReport_March_2026.pdf,1,23.4734,1,96,115,23,-92,66.7180,2026-03,2026-03-01,"Retrospective March 2026 snapshot; use revised cost/date only as outcome labels, not predictive features."
790,"Losari to Machavaram Section to two lane with paved shoulder in the state of Andhrapradesh under NHDP-IV through Engineering, Procurement& Construction EPC mode.",MoRTH,618239,-,Andhra Pradesh,03/2016,09/2016,09/2018,07/2025,445.22,459.37,0.0,98.6,92,2026-03-31,https://ipm.mospi.gov.in/Content/PDF/FlashReport_March_2026.pdf,1,3.1782,1,82,120,30,-90,0.0000,2026-03,2026-03-01,"Retrospective March 2026 snapshot; use revised cost/date only as outcome labels, not predictive features."
791,Construction of Paderu bypass Km 0000 to Km 13000 of 2- lane with paved shoulder on NH-516E,MoRTH,618254,N24002148,Andhra Pradesh,03/2023,01/2025,07/2026,12/2026,244.43,244.43,11.67,13.0,92,2026-03-31,https://ipm.mospi.gov.in/Content/PDF/FlashReport_March_2026.pdf,0,0.0000,1,5,36,40,4,4.7744,2026-03,2026-03-01,"Retrospective March 2026 snapshot; use revised cost/date only as outcome labels, not predictive features."
792,Two laning with paved shoulders of Lambasingi to Paderusection of NH 516E,MoRTH,618255,N24002142,Andhra Pradesh,04/2020,11/2023,11/2025,11/2026,361.24,358.05,104.0,43.22,92,2026-03-31,https://ipm.mospi.gov.in/Content/PDF/FlashReport_March_2026.pdf,0,-0.8831,1,12,71,67,-4,28.7897,2026-03,2026-03-01,"Retrospective March 2026 snapshot; use revised cost/date only as outcome labels, not predictive features."
793,Chaprathipalem to Lambasingi section Km 165500 to Km 205000 of NH-516E in the State of Andhra Pradesh under Green National Highways Corridor Project GNHCP with the loan assistance of World Bank on EPC mode,MoRTH,618256,N24001958,Andhra Pradesh,08/2020,10/2022,10/2024,04/2026,311.22,311.22,195.13,91.25,92,2026-03-31,https://ipm.mospi.gov.in/Content/PDF/FlashReport_March_2026.pdf,0,0.0000,1,18,67,50,-17,62.6984,2026-03,2026-03-01,"Retrospective March 2026 snapshot; use revised cost/date only as outcome labels, not predictive features."
794,Rehabilitation and Upgradation to 2-lane with paved shoulders configuration of Koyyuru to Chaprathipalem section Km 120000 to Km 165500 of NH-516E in the State of Andhra Pradesh under Green National Highways Corridor Project GNHCP with the loan assistance of World Bank on EPC mode,MoRTH,618257,N24001957,Andhra Pradesh,08/2020,07/2022,07/2024,03/2026,349.29,349.29,241.96,100.0,92,2026-03-31,https://ipm.mospi.gov.in/Content/PDF/FlashReport_March_2026.pdf,0,0.0000,1,20,67,47,-20,69.2720,2026-03,2026-03-01,"Retrospective March 2026 snapshot; use revised cost/date only as outcome labels, not predictive features."
795,Two laning with paved shoulders of Gondiguda to Araku uptoBhallaguda section of NH 516E,MoRTH,618258,N24001956,Andhra Pradesh,08/2020,09/2021,09/2023,04/2024,296.66,289.11,237.52,91.5,92,2026-03-31,https://ipm.mospi.gov.in/Content/PDF/FlashReport_March_2026.pdf,0,-2.5450,1,7,67,37,-30,80.0647,2026-03,2026-03-01,"Retrospective March 2026 snapshot; use revised cost/date only as outcome labels, not predictive features."
796,Two laning with paved shoulders of Paderu to GundigudaSection of NH 516E,MoRTH,618259,N24001386,Andhra Pradesh,08/2020,03/2021,03/2023,03/2024,222.61,222.61,122.52,100.0,92,2026-03-31,https://ipm.mospi.gov.in/Content/PDF/FlashReport_March_2026.pdf,0,0.0000,1,12,67,31,-36,55.0380,2026-03,2026-03-01,"Retrospective March 2026 snapshot; use revised cost/date only as outcome labels, not predictive features."
797,18.475km and ii 14.150 Km long 2-L Bi-directional single tube Zoji-la Tunnel across Zojila Pass on Sonamarg - Kargil section from Km 82 to Km 118 of NH-01 under PMDP,NHIDCL,618412,N24001256,Andhra Pradesh,01/2018,10/2020,09/2026,02/2028,6808.69,6808.69,3214.27,66.05,92,2026-03-31,https://ipm.mospi.gov.in/Content/PDF/FlashReport_March_2026.pdf,0,0.0000,1,17,98,104,6,47.2083,2026-03,2026-03-01,"Retrospective March 2026 snapshot; use revised cost/date only as outcome labels, not predictive features."
798,Bangalore Chennai Expressway Phase-II Pkg-II from km.96.000 to Km 127.000 Baireddypalle to Bangarupalem section,National Highways Authority of India [NHAI],618475,N24001985,Andhra Pradesh,02/2021,06/2023,06/2025,06/2026,2548.04,2548.04,1079.25,90.13,92,2026-03-31,https://ipm.mospi.gov.in/Content/PDF/FlashReport_March_2026.pdf,0,0.0000,1,12,61,52,-9,42.3561,2026-03,2026-03-01,"Retrospective March 2026 snapshot; use revised cost/date only as outcome labels, not predictive features."
799,Bangalore Chennai Expressway Phase-II Pkg-III from km.127.000 to Km 156.000 Bangarupalem to Gudipala section,National Highways Authority of India [NHAI],618476,N24001821,Andhra Pradesh,11/2020,10/2022,10/2024,04/2026,1407.33,1407.33,675.64,99.46,92,2026-03-31,https://ipm.mospi.gov.in/Content/PDF/FlashReport_March_2026.pdf,0,0.0000,1,18,64,47,-17,48.0086,2026-03,2026-03-01,"Retrospective March 2026 snapshot; use revised cost/date only as outcome labels, not predictive features."
800,Construction of 6 lane elevated corridor including its approaches from Km. 629880 to Km. 634470 Design Chainage of NH-16 in Ranasthalam Town portion in the state of Andhra Pradesh on EPC Mode under NHO.,National Highways Authority of India [NHAI],618524,-,Andhra Pradesh,07/2024,03/2025,03/2027,03/2027,257.98,192.85,37.1,31.0,92,2026-03-31,https://ipm.mospi.gov.in/Content/PDF/FlashReport_March_2026.pdf,0,-25.2461,0,0,20,32,12,14.3810,2026-03,2026-03-01,"Retrospective March 2026 snapshot; use revised cost/date only as outcome labels, not predictive features."
801,Construction of flyover at Gammon Junction at Km.903.265 on NH16 including vent at Diwancheruvu junction at Km.902.308 Blackspot ID No.AP03299 in Andhra Pradesh on EPC mode under NHO,National Highways Authority of India [NHAI],618525,-,Andhra Pradesh,03/2025,10/2025,10/2027,10/2027,326.61,223.29,5.34,5.58,92,2026-03-31,https://ipm.mospi.gov.in/Content/PDF/FlashReport_March_2026.pdf,0,-31.6341,0,0,12,31,19,1.6350,2026-03,2026-03-01,"Retrospective March 2026 snapshot; use revised cost/date only as outcome labels, not predictive features."
802,6L of Gundugolanu Design km 1023.280 to Kalaparru Design km 1050.680 of NH-5 New NH-16,National Highways Authority of India [NHAI],618526,-,Andhra Pradesh,10/2018,01/2020,07/2021,04/2026,665.59,665.59,509.4,95.73,92,2026-03-31,https://ipm.mospi.gov.in/Content/PDF/FlashReport_March_2026.pdf,0,0.0000,1,57,89,33,-56,76.5336,2026-03,2026-03-01,"Retrospective March 2026 snapshot; use revised cost/date only as outcome labels, not predictive features."
803,Six Laning of Vijayawada Bypass from Gollapudi to Chinnakakani in Vijayawada - Gundugolanu Section from km. 30.00 to km. 47.881 Pkg-IV,National Highways Authority of India [NHAI],618527,N24001301,Andhra Pradesh,01/2020,07/2021,01/2024,04/2026,1194.57,1757.82,759.42,99.92,92,2026-03-31,https://ipm.mospi.gov.in/Content/PDF/FlashReport_March_2026.pdf,1,47.1509,1,27,74,48,-26,63.5727,2026-03,2026-03-01,"Retrospective March 2026 snapshot; use revised cost/date only as outcome labels, not predictive features."
804,6L of Anandapuram Pendurthi Anakapalli Section from km. 681.000 to km. 731.780 of NH-16,National Highways Authority of India [NHAI],618579,-,Andhra Pradesh,01/2018,01/2019,07/2021,04/2026,2527.0,2957.25,924.33,100.0,92,2026-03-31,https://ipm.mospi.gov.in/Content/PDF/FlashReport_March_2026.pdf,1,17.0261,1,57,98,42,-56,36.5782,2026-03,2026-03-01,"Retrospective March 2026 snapshot; use revised cost/date only as outcome labels, not predictive features."
805,Nandigama Bypass and Kanchikacherla bypass,National Highways Authority of India [NHAI],618629,-,Andhra Pradesh,11/2017,03/2018,06/2019,04/2026,416.07,444.58,110.65,98.47,92,2026-03-31,https://ipm.mospi.gov.in/Content/PDF/FlashReport_March_2026.pdf,1,6.8522,1,82,100,19,-81,26.5941,2026-03,2026-03-01,"Retrospective March 2026 snapshot; use revised cost/date only as outcome labels, not predictive features."
806,6L Korlam-Kantakapalle Section of NH-130CD Road from Km 421.100 to Km 445.100 Pkg-3,National Highways Authority of India [NHAI],618682,-,Andhra Pradesh,02/2021,02/2022,02/2024,05/2026,1112.7,1127.63,782.77,99.26,92,2026-03-31,https://ipm.mospi.gov.in/Content/PDF/FlashReport_March_2026.pdf,1,1.3418,1,27,61,36,-25,70.3487,2026-03,2026-03-01,"Retrospective March 2026 snapshot; use revised cost/date only as outcome labels, not predictive features."
807,Renigunta - Poyya - Naidupeta km 124.60 to km 183.4 of NH 71,National Highways Authority of India [NHAI],,,Andhra Pradesh,03/2020,,01/2024,,1863.09,,1346.19,98.6,92,2026-03-31,https://ipm.mospi.gov.in/Content/PDF/FlashReport_March_2026.pdf,,,,,72,46,-26,72.2558,2026-03,2026-03-01,"Retrospective March 2026 snapshot; use revised cost/date only as outcome labels, not predictive features."
808,24300 of [NH-544G] Package-1,National Highways Authority of India [NHAI],618712,N24001841,Andhra Pradesh,01/2023,02/2024,02/2026,07/2026,912.94,798.25,331.07,83.98,93,2026-03-31,https://ipm.mospi.gov.in/Content/PDF/FlashReport_March_2026.pdf,0,-12.5627,1,5,38,37,-1,36.2642,2026-03,2026-03-01,"Retrospective March 2026 snapshot; use revised cost/date only as outcome labels, not predictive features."
809,6L Access Controlled Greenfield Highway from Yerragudipadu Ch. 129000 to Audireddipalle Ch. 160000 of [NH 544G] Package-6,National Highways Authority of India [NHAI],618713,N24001846,Andhra Pradesh,02/2023,02/2024,02/2026,02/2027,1200.42,1019.69,178.35,31.01,93,2026-03-31,https://ipm.mospi.gov.in/Content/PDF/FlashReport_March_2026.pdf,0,-15.0556,1,12,37,36,-1,14.8573,2026-03,2026-03-01,"Retrospective March 2026 snapshot; use revised cost/date only as outcome labels, not predictive features."
810,6L Access Controlled Greenfield Highway from Nallacheruvu palli Ch. 96300 to Yerragudipadu Ch. 129000 of [NH-544G] Package-5,National Highways Authority of India [NHAI],618714,N24001845,Andhra Pradesh,02/2022,02/2024,02/2026,11/2026,1253.26,1095.78,297.2,58.43,93,2026-03-31,https://ipm.mospi.gov.in/Content/PDF/FlashReport_March_2026.pdf,0,-12.5656,1,9,49,48,-1,23.7142,2026-03,2026-03-01,"Retrospective March 2026 snapshot; use revised cost/date only as outcome labels, not predictive features."
811,6L Access Controlled Greenfield Highway from Odulapalle Ch. 72000 to Nallacheruvu- palli Ch. 96300 of [NH-544G]Package-4,National Highways Authority of India [NHAI],618715,N24001844,Andhra Pradesh,01/2023,02/2024,02/2026,08/2026,1058.9,946.1,367.65,71.92,93,2026-03-31,https://ipm.mospi.gov.in/Content/PDF/FlashReport_March_2026.pdf,0,-10.6526,1,6,38,37,-1,34.7200,2026-03,2026-03-01,"Retrospective March 2026 snapshot; use revised cost/date only as outcome labels, not predictive features."
812,6L Access Controlled Greenfield Highway from Vankarakunta Ch. 45700 to Odulapalle Ch. 72000 of [NH-544G]Package-3,National Highways Authority of India [NHAI],618716,N24001843,Andhra Pradesh,12/2022,03/2024,03/2026,07/2026,992.91,888.07,279.56,70.86,93,2026-03-31,https://ipm.mospi.gov.in/Content/PDF/FlashReport_March_2026.pdf,0,-10.5589,1,4,39,39,0,28.1556,2026-03,2026-03-01,"Retrospective March 2026 snapshot; use revised cost/date only as outcome labels, not predictive features."
813,6L Access Controlled Greenfield Highway from Vanavolu Ch. 24300 to Vankarakunta Ch. 45700 of [NH-544G] Package-2,National Highways Authority of India [NHAI],618717,N24001842,Andhra Pradesh,01/2023,03/2024,03/2026,07/2026,750.81,626.91,203.15,80.81,93,2026-03-31,https://ipm.mospi.gov.in/Content/PDF/FlashReport_March_2026.pdf,0,-16.5022,1,4,38,38,0,27.0574,2026-03,2026-03-01,"Retrospective March 2026 snapshot; use revised cost/date only as outcome labels, not predictive features."
814,6L Access Controlled Greenfield Highway from Kavulakuntla Ch. 196000 to Narayanmpet Ch. 203500Package-09,National Highways Authority of India [NHAI],618718,-,Andhra Pradesh,02/2023,02/2025,02/2027,02/2027,1092.18,956.4,118.58,33.28,93,2026-03-31,https://ipm.mospi.gov.in/Content/PDF/FlashReport_March_2026.pdf,0,-12.4320,0,0,37,48,11,10.8572,2026-03,2026-03-01,"Retrospective March 2026 snapshot; use revised cost/date only as outcome labels, not predictive features."
815,6L Access Controlled Greenfield Highway from Mallapalle Ch. 176000 to Kavulakuntla Ch. 196000 Package-08,National Highways Authority of India [NHAI],618719,N24001848,Andhra Pradesh,02/2023,02/2024,02/2026,11/2026,909.02,751.81,226.03,52.43,93,2026-03-31,https://ipm.mospi.gov.in/Content/PDF/FlashReport_March_2026.pdf,0,-17.2944,1,9,37,36,-1,24.8652,2026-03,2026-03-01,"Retrospective March 2026 snapshot; use revised cost/date only as outcome labels, not predictive features."
816,6L Access Controlled Greenfield Highway from Audireddipalle Ch. 160000 to Mallapalle Ch. 176000Package-07,National Highways Authority of India [NHAI],618720,N24001847,Andhra Pradesh,02/2023,03/2024,03/2026,12/2026,987.1,848.06,296.63,63.57,93,2026-03-31,https://ipm.mospi.gov.in/Content/PDF/FlashReport_March_2026.pdf,0,-14.0857,1,9,37,37,0,30.0507,2026-03,2026-03-01,"Retrospective March 2026 snapshot; use revised cost/date only as outcome labels, not predictive features."
817,6L Access Controlled Greenfield Highway from Chandrasekharapuram Ch. 228000 to Polavaram Ch. 260000of [NH-544G] Package-11,National Highways Authority of India [NHAI],618721,N24002123,Andhra Pradesh,02/2023,02/2024,02/2026,11/2026,1292.65,1110.33,298.63,53.73,93,2026-03-31,https://ipm.mospi.gov.in/Content/PDF/FlashReport_March_2026.pdf,0,-14.1044,1,9,37,36,-1,23.1022,2026-03,2026-03-01,"Retrospective March 2026 snapshot; use revised cost/date only as outcome labels, not predictive features."
818,Khammam-Devarapalle Pkg IV [4L Access Controlled Greenfield from Recherla village to Gurvaygudem village Design Chainage 105236 to 132664],National Highways Authority of India [NHAI],618748,N24001476,Andhra Pradesh,11/2020,09/2022,09/2024,05/2025,569.37,752.02,355.88,100.0,93,2026-03-31,https://ipm.mospi.gov.in/Content/PDF/FlashReport_March_2026.pdf,1,32.0793,1,8,64,46,-18,62.5042,2026-03,2026-03-01,"Retrospective March 2026 snapshot; use revised cost/date only as outcome labels, not predictive features."
819,Khammam-Devarapalle Pkg V [4L Access Controlled Greenfield from Gurvaygudem village to Devarapalle village Design Chainage 132664 to 162126,National Highways Authority of India [NHAI],618749,N24001477,Andhra Pradesh,12/2020,09/2022,09/2024,04/2026,711.94,926.48,407.99,97.96,93,2026-03-31,https://ipm.mospi.gov.in/Content/PDF/FlashReport_March_2026.pdf,1,30.1346,1,19,63,45,-18,57.3068,2026-03,2026-03-01,"Retrospective March 2026 snapshot; use revised cost/date only as outcome labels, not predictive features."
820,4L PS Mydukur - Badvel from Km 585.820 to Km 630.960 of NH-67,National Highways Authority of India [NHAI],618759,N24001849,Andhra Pradesh,05/2022,09/2023,09/2025,04/2026,1063.57,1103.87,467.8,90.4,93,2026-03-31,https://ipm.mospi.gov.in/Content/PDF/FlashReport_March_2026.pdf,1,3.7891,1,7,46,40,-6,43.9839,2026-03,2026-03-01,"Retrospective March 2026 snapshot; use revised cost/date only as outcome labels, not predictive features."
821,4L of Pileru to Kalur Section from Km 55.900 to Km 92.800 & Km 94.500 to Km 95.717 of NH-71Package-II,National Highways Authority of India [NHAI],618777,N24001986,Andhra Pradesh,03/2022,10/2023,11/2025,06/2026,1877.47,592.85,246.05,98.84,93,2026-03-31,https://ipm.mospi.gov.in/Content/PDF/FlashReport_March_2026.pdf,0,-68.4229,1,7,48,44,-4,13.1054,2026-03,2026-03-01,"Retrospective March 2026 snapshot; use revised cost/date only as outcome labels, not predictive features."
822,4L of Madanapalle to Pileru Section from Km 0.000 to Km 55.900 of NH-71Package-I,National Highways Authority of India [NHAI],618778,N24001823,Andhra Pradesh,02/2022,01/2023,01/2025,06/2026,1877.47,1994.1,1105.01,94.9,93,2026-03-31,https://ipm.mospi.gov.in/Content/PDF/FlashReport_March_2026.pdf,1,6.2121,1,17,49,35,-14,58.8563,2026-03,2026-03-01,"Retrospective March 2026 snapshot; use revised cost/date only as outcome labels, not predictive features."
823,Development of 4L Road from Samarlakota to Achampeta Junction as part of Kakinada Port Connectivity to NH-16 Rajanagaram Junction in East Godavari District,National Highways Authority of India [NHAI],618803,N24001856,Andhra Pradesh,09/2022,08/2023,08/2025,05/2026,645.63,750.2,569.44,89.02,93,2026-03-31,https://ipm.mospi.gov.in/Content/PDF/FlashReport_March_2026.pdf,1,16.1966,1,9,42,35,-7,88.1991,2026-03,2026-03-01,"Retrospective March 2026 snapshot; use revised cost/date only as outcome labels, not predictive features."
824,Dedicated Port road to Krishnapatnam Port Package-I from Km. 0.000 to Km. 18.000,National Highways Authority of India [NHAI],618804,N24000811,Andhra Pradesh,03/2018,12/2018,12/2020,08/2026,348.72,341.36,181.22,77.93,93,2026-03-31,https://ipm.mospi.gov.in/Content/PDF/FlashReport_March_2026.pdf,0,-2.1106,1,68,96,33,-63,51.9672,2026-03,2026-03-01,"Retrospective March 2026 snapshot; use revised cost/date only as outcome labels, not predictive features."
825,6L Connectivity to Port Road from Sabbavaram Sheelanagar-NH516C,National Highways Authority of India [NHAI],618805,-,Andhra Pradesh,12/2024,02/2026,02/2028,02/2028,977.33,977.33,0.0,0.0,93,2026-03-31,https://ipm.mospi.gov.in/Content/PDF/FlashReport_March_2026.pdf,0,0.0000,0,0,15,38,23,0.0000,2026-03,2026-03-01,"Retrospective March 2026 snapshot; use revised cost/date only as outcome labels, not predictive features."
826,Improvement of 4L road to 6L road and 4L dedicated Port Roads for the Port connectivity road from Convent junction to Sheelanagar Junction,National Highways Authority of India [NHAI],618806,-,Andhra Pradesh,01/2023,02/2024,02/2026,06/2026,685.99,680.21,444.34,79.0,93,2026-03-31,https://ipm.mospi.gov.in/Content/PDF/FlashReport_March_2026.pdf,0,-0.8426,1,4,38,37,-1,64.7735,2026-03,2026-03-01,"Retrospective March 2026 snapshot; use revised cost/date only as outcome labels, not predictive features."
827,"4L Greenfield Road connecting North and South industrial cluster of Khandaleru Creek near Krishnapatnam port at Thamminapatnam to Mollur from Km 0.0 to Km 16.046, Part I & 6L extension of dedicated port road of NH-67 Km 18.0 to Km 19.3, Part II",,,,Andhra Pradesh,08/2022,,09/2025,,609.43,,446.52,78.62,93,2026-03-31,https://ipm.mospi.gov.in/Content/PDF/FlashReport_March_2026.pdf,,,,,43,37,-6,73.2685,2026-03,2026-03-01,"Retrospective March 2026 snapshot; use revised cost/date only as outcome labels, not predictive features."
828,Pkg-1,National Highways Authority of India [NHAI],618826,N24001980,Andhra Pradesh,10/2022,07/2023,07/2025,05/2026,907.76,905.98,440.84,91.4,94,2026-03-31,https://ipm.mospi.gov.in/Content/PDF/FlashReport_March_2026.pdf,0,-0.1961,1,10,41,33,-8,48.5635,2026-03,2026-03-01,"Retrospective March 2026 snapshot; use revised cost/date only as outcome labels, not predictive features."
829,4 Laning of NH-544D from Km 37.000 to km 69.000 of Muchukota- Bugga section Pkg-2,National Highways Authority of India [NHAI],618827,N24001983,Andhra Pradesh,10/2022,08/2023,08/2025,07/2026,1097.57,1055.23,320.17,70.68,94,2026-03-31,https://ipm.mospi.gov.in/Content/PDF/FlashReport_March_2026.pdf,0,-3.8576,1,11,41,34,-7,29.1708,2026-03,2026-03-01,"Retrospective March 2026 snapshot; use revised cost/date only as outcome labels, not predictive features."
830,4L PS from Mandlem Existing Km. 38.000/Design Km.30.600 to Atmakur Existing Km.73.000/Design Km 66.115 of NH340C Package2,National Highways Authority of India [NHAI],618919,N24001984,Andhra Pradesh,03/2023,11/2023,11/2025,,887.28,913.03,374.39,99.94,94,2026-03-31,https://ipm.mospi.gov.in/Content/PDF/FlashReport_March_2026.pdf,1,2.9021,,,36,32,-4,42.1952,2026-03,2026-03-01,"Retrospective March 2026 snapshot; use revised cost/date only as outcome labels, not predictive features."
831,Access Controlled Highway of 4 Lane with Paved Shoulders from TN/AP Border Design Chainage Km 6151 to Puttur Design Chainage Km 81540 of NH-716 & 6 Lane with Paved Shoulders from Mallavaram to Renigunta,National Highways Authority of India [NHAI],618920,-,Andhra Pradesh,03/2024,12/2024,12/2026,12/2026,1346.82,1260.37,128.38,34.35,94,2026-03-31,https://ipm.mospi.gov.in/Content/PDF/FlashReport_March_2026.pdf,0,-6.4188,0,0,24,33,9,9.5321,2026-03,2026-03-01,"Retrospective March 2026 snapshot; use revised cost/date only as outcome labels, not predictive features."
832,Six Laning of Vijayawada Bypass from Chinna Avutapalli to Gollapudi in Vijayawada - Gundugolanu Section from km. 0.00 to km. 30.00 Pkg-III,National Highways Authority of India [NHAI],619076,-,Andhra Pradesh,01/2020,02/2021,02/2023,05/2026,1581.24,1883.71,856.44,98.2,94,2026-03-31,https://ipm.mospi.gov.in/Content/PDF/FlashReport_March_2026.pdf,1,19.1287,1,39,74,37,-37,54.1626,2026-03,2026-03-01,"Retrospective March 2026 snapshot; use revised cost/date only as outcome labels, not predictive features."
833,6L Jakkuva Korlam Section of NH-130CD Road from km 396.800 to km 421.100 Pkg 2,National Highways Authority of India [NHAI],619111,N24001837,Andhra Pradesh,02/2021,03/2022,03/2024,05/2026,840.51,840.51,495.8,99.28,94,2026-03-31,https://ipm.mospi.gov.in/Content/PDF/FlashReport_March_2026.pdf,0,0.0000,1,26,61,37,-24,58.9880,2026-03,2026-03-01,"Retrospective March 2026 snapshot; use revised cost/date only as outcome labels, not predictive features."
834,6L Kantakapalle Sabbavaram Section of NH-130CD Road from Km 445.100 to Km 464.662 Pkg-4,National Highways Authority of India [NHAI],619112,N24001836,Andhra Pradesh,02/2021,10/2022,10/2024,12/2026,1012.57,1012.57,508.13,81.06,94,2026-03-31,https://ipm.mospi.gov.in/Content/PDF/FlashReport_March_2026.pdf,0,0.0000,1,26,61,44,-17,50.1822,2026-03,2026-03-01,"Retrospective March 2026 snapshot; use revised cost/date only as outcome labels, not predictive features."
835,6L Access Controlled Greenfield Highway from Narayanmpet Ch. 203500 to Chandrasekharpuram Ch. 228000Package-10,National Highways Authority of India [NHAI],619123,N24002122,Andhra Pradesh,02/2023,02/2024,02/2026,10/2026,813.66,678.21,167.91,60.07,94,2026-03-31,https://ipm.mospi.gov.in/Content/PDF/FlashReport_March_2026.pdf,0,-16.6470,1,8,37,36,-1,20.6364,2026-03,2026-03-01,"Retrospective March 2026 snapshot; use revised cost/date only as outcome labels, not predictive features."
836,6L Access Controlled Greenfield Highway from Polavaram Ch. 260000 to Marripudi Ch. 285500 of [NH-544G]Package-12,National Highways Authority of India [NHAI],619124,N24002124,Andhra Pradesh,02/2023,02/2024,02/2026,08/2026,747.29,626.83,204.06,66.3,94,2026-03-31,https://ipm.mospi.gov.in/Content/PDF/FlashReport_March_2026.pdf,0,-16.1196,1,6,37,36,-1,27.3067,2026-03,2026-03-01,"Retrospective March 2026 snapshot; use revised cost/date only as outcome labels, not predictive features."
837,6L Access Controlled Greenfield Highway from Somavarappadu Ch.314.600 to Muppavaram Ch.343240 of [NH-544G] Package-14,National Highways Authority of India [NHAI],619125,N24002126,Andhra Pradesh,02/2023,02/2024,02/2026,01/2027,1103.9,943.66,161.75,41.96,94,2026-03-31,https://ipm.mospi.gov.in/Content/PDF/FlashReport_March_2026.pdf,0,-14.5158,1,11,37,36,-1,14.6526,2026-03,2026-03-01,"Retrospective March 2026 snapshot; use revised cost/date only as outcome labels, not predictive features."
838,6L Access Controlled Greenfield Highway from Marripudi Ch. 285500 to Somavarappadu Ch. 314600 of [NH-544G] Package-13,National Highways Authority of India [NHAI],619126,N24002125,Andhra Pradesh,02/2023,02/2024,02/2026,07/2026,976.41,798.71,259.73,73.0,94,2026-03-31,https://ipm.mospi.gov.in/Content/PDF/FlashReport_March_2026.pdf,0,-18.1993,1,5,37,36,-1,26.6005,2026-03,2026-03-01,"Retrospective March 2026 snapshot; use revised cost/date only as outcome labels, not predictive features."
839,6L of Naidupeta Junction - Turpukanupur Section from km 57.046 to km 91.927,National Highways Authority of India [NHAI],619140,N24001981,Andhra Pradesh,08/2022,10/2023,10/2025,02/2027,1398.84,965.58,274.15,42.0,94,2026-03-31,https://ipm.mospi.gov.in/Content/PDF/FlashReport_March_2026.pdf,0,-30.9728,1,16,43,38,-5,19.5984,2026-03,2026-03-01,"Retrospective March 2026 snapshot; use revised cost/date only as outcome labels, not predictive features."
840,Turpu KanupurPart 1 of Package - II km 0.000 131.500 of NH - 16 to km 23.770 on New NH-516W including sixlane flyover and approaches on NH-16 length km 1.050 and six lane access controlled from TurpuKanupur to Port South Gate Part 2 of Package - II km 23.770 to km 35.015 on New NH-516W inthe state of Andhra Pradesh on HAM Mode under Bharatmala Pariyojana Phase I,National Highways Authority of India [NHAI],619141,,Andhra Pradesh,08/2022,12/2023,12/2025,11/2026,864.2,844.39,294.13,50.17,94,2026-03-31,https://ipm.mospi.gov.in/Content/PDF/FlashReport_March_2026.pdf,0,-2.2923,1,11,43,40,-3,34.0349,2026-03,2026-03-01,"Retrospective March 2026 snapshot; use revised cost/date only as outcome labels, not predictive features."
841,(N24002033) Balance works in AP Portion and punch list items in TN & AP portion of NH-205,National Highways Authority of India [NHAI],619160,-,Andhra Pradesh,10/2022,07/2023,01/2025,01/2026,166.52,113.46,98.26,100.0,94,2026-03-31,https://ipm.mospi.gov.in/Content/PDF/FlashReport_March_2026.pdf,0,-31.8640,1,12,41,27,-14,59.0079,2026-03,2026-03-01,"Retrospective March 2026 snapshot; use revised cost/date only as outcome labels, not predictive features."
842,206.66 Package-5 on EPC Mode in the State of Arunachal Pradesh under Arunachal Pradesh Package of Roads and Highways of SARDP-NE [Job No SARDP-NE/P- P/Pkg-A/NH-13/Ar.Pr./PWD/2018-19/116] Arunachal,MoRTH,617892,N24001297,Pradesh,03/2019,11/2020,11/2023,05/2026,450.65,450.65,308.61,96.61,94,2026-03-31,https://ipm.mospi.gov.in/Content/PDF/FlashReport_March_2026.pdf,0,0.0000,1,30,84,56,-28,68.4811,2026-03,2026-03-01,"Retrospective March 2026 snapshot; use revised cost/date only as outcome labels, not predictive features."
843,4-Laning of Itanagar to Bandardewa section of NH-415from km 40430 to km 51735 Package-Bon EPC Mode in the state of Arunachal Pradesh Job NO. 415/Ar. P/2020- 21/031 Arunachal,MoRTH,618033,N24001375,Pradesh,06/2020,12/2021,12/2024,07/2026,496.47,496.47,156.97,51.37,94,2026-03-31,https://ipm.mospi.gov.in/Content/PDF/FlashReport_March_2026.pdf,0,0.0000,1,19,69,54,-15,31.6172,2026-03,2026-03-01,"Retrospective March 2026 snapshot; use revised cost/date only as outcome labels, not predictive features."
844,"Construction of Intermediate Lane with Hard Shoulder of Hunli to Hayuliang Package- III from design Km 60.000 to Km 121.500 Design Length 61.500 km, Greenfield Section of Frontier Highway NH-913 in the State of Arunachal Pradesh on EPC Mode Pkg-3 Arunachal",NHIDCL,618401,,Pradesh,02/2024,07/2025,07/2028,07/2028,1418.67,1418.67,0.0,1.7,94,2026-03-31,https://ipm.mospi.gov.in/Content/PDF/FlashReport_March_2026.pdf,0,0.0000,0,0,25,53,28,0.0000,2026-03,2026-03-01,"Retrospective March 2026 snapshot; use revised cost/date only as outcome labels, not predictive features."
846,Km 17.387 Total length 17.387 km of Hunli to Ithun Bridge section on NH-913 Frontier Highway in State of Arunachal Pradesh on EPC mode under NHO-NE Arunachal,NHIDCL,618403,N24002223,Pradesh,02/2024,01/2025,01/2027,01/2027,275.5,275.5,0.0,49.1,95,2026-03-31,https://ipm.mospi.gov.in/Content/PDF/FlashReport_March_2026.pdf,0,0.0000,0,0,25,35,10,0.0000,2026-03,2026-03-01,"Retrospective March 2026 snapshot; use revised cost/date only as outcome labels, not predictive features."
847,Construction of lntermediate Lane Road with hard shoulder from design chainage Km 0.000 to Km 53.040 Existing Length68.500 Km & Total Design length 53.04 km of Tato to Monigong section of NH-913 Frontier Highway on Nafra Bomdila to Vijaynagar along China border in state of Arunachal pradesh on EPC mode Arunachal,NHIDCL,618404,-,Pradesh,12/2023,05/2025,11/2027,11/2027,625.61,625.61,0.0,21.02,95,2026-03-31,https://ipm.mospi.gov.in/Content/PDF/FlashReport_March_2026.pdf,0,0.0000,0,0,27,47,20,0.0000,2026-03,2026-03-01,"Retrospective March 2026 snapshot; use revised cost/date only as outcome labels, not predictive features."
848,"Construction of Intermediate Lane of Pango to Jorging Road from 0000 to Design Km Design Km 40000 Design Length 40.00 Km, Pkg-l, Greenfield Alignment in the State of Arunachal Pradesh on EPC mode Pkg-1 Arunachal",NHIDCL,618405,N24002224,Pradesh,01/2024,01/2025,07/2027,07/2027,898.19,898.19,0.0,34.88,95,2026-03-31,https://ipm.mospi.gov.in/Content/PDF/FlashReport_March_2026.pdf,0,0.0000,0,0,26,42,16,0.0000,2026-03,2026-03-01,"Retrospective March 2026 snapshot; use revised cost/date only as outcome labels, not predictive features."
849,Construction of Balance work of 2-Lane with PS of Joram-Koloriang Road NH-713 on EPC basis from Design Km 44.989 to Km 61.547 Existing Km 50.050 to Km 70.000 in the state of Arunachal Pradesh under SARDP-NE Pkg-3 Arunachal,NHIDCL,618432,N24001390,Pradesh,02/2017,10/2020,04/2022,07/2023,228.72,228.72,0.0,99.52,95,2026-03-31,https://ipm.mospi.gov.in/Content/PDF/FlashReport_March_2026.pdf,0,0.0000,1,15,109,62,-47,0.0000,2026-03,2026-03-01,"Retrospective March 2026 snapshot; use revised cost/date only as outcome labels, not predictive features."
850,Construction of Balance work of 2-Lane with PS of Joram Koloriang Road from existing Km122.600 to km138.00 [Design Km108.724 to Km123.714] in Arunachal Pradesh on EPC Mode under SARDP-NE Pkg-7 Arunachal,NHIDCL,618433,N24001393,Pradesh,02/2017,10/2020,04/2022,04/2026,184.89,184.89,0.0,99.69,95,2026-03-31,https://ipm.mospi.gov.in/Content/PDF/FlashReport_March_2026.pdf,0,0.0000,1,48,109,62,-47,0.0000,2026-03,2026-03-01,"Retrospective March 2026 snapshot; use revised cost/date only as outcome labels, not predictive features."
851,Roing-Hunli Road Greenfield Alignment Project,NHIDCL,618434,N24000946,Pradesh,02/2017,03/2018,03/2022,06/2026,1718.59,1718.59,178.83,81.69,95,2026-03-31,https://ipm.mospi.gov.in/Content/PDF/FlashReport_March_2026.pdf,0,0.0000,1,51,109,61,-48,10.4056,2026-03,2026-03-01,"Retrospective March 2026 snapshot; use revised cost/date only as outcome labels, not predictive features."
852,Construction of 2-Laning with hard shoulders of Demwe-Brahmakund section of NH- 13 from Ch.0.00 km to 18.464 km on EPC under SARDP-NE NHO-NE -Balance Work,NHIDCL,618445,-,Pradesh,08/2020,06/2025,12/2027,12/2027,353.9,353.9,0.0,17.81,95,2026-03-31,https://ipm.mospi.gov.in/Content/PDF/FlashReport_March_2026.pdf,0,0.0000,0,0,67,88,21,0.0000,2026-03,2026-03-01,"Retrospective March 2026 snapshot; use revised cost/date only as outcome labels, not predictive features."
853,Construction of Mangaldoi Bypass NH-15 starting at Ch 26400 and terminating at Ch 41505 under Rangia NH Division L 15.105 Km in the State of Assam. Job No. 15/AS/2021-22/234,MoRTH,617895,N24001840,Assam,03/2022,04/2023,04/2025,12/2026,535.03,535.03,161.56,94.92,95,2026-03-31,https://ipm.mospi.gov.in/Content/PDF/FlashReport_March_2026.pdf,0,0.0000,1,20,48,37,-11,30.1964,2026-03,2026-03-01,"Retrospective March 2026 snapshot; use revised cost/date only as outcome labels, not predictive features."
854,"Construction of 4 lane Gauripur Bypass Starting bfrom Km 852.56 of NH- 31Dumardoha Pt-II and Terminating at Km 862.17 Baladmara via. Khudimari Pt.- II, Fulkumari, Charaldanga, Sajuakuti,Geramari Pt.-III and finally meeting at km 862.17 of NH-17New/ NH-31Old in the State of Assam under EPC Mode Job no. 31/AS/ 2023- 24/265",MoRTH,617896,N24002237,Assam,03/2024,04/2025,10/2026,10/2026,421.15,421.15,0.0,17.1,95,2026-03-31,https://ipm.mospi.gov.in/Content/PDF/FlashReport_March_2026.pdf,0,0.0000,0,0,24,31,7,0.0000,2026-03,2026-03-01,"Retrospective March 2026 snapshot; use revised cost/date only as outcome labels, not predictive features."
855,Construction of 2 lane Barpeta Bypass from Km 77900Baradi to Km 86150 Deurikuchi Length8.25Km on NH-427 in the state of Assam under EPC ModeJob No.427/AS/2022-23/245,MoRTH,618034,N24002238,Assam,03/2023,02/2025,08/2026,08/2026,173.65,173.65,8.07,20.0,95,2026-03-31,https://ipm.mospi.gov.in/Content/PDF/FlashReport_March_2026.pdf,0,0.0000,0,0,36,41,5,4.6473,2026-03,2026-03-01,"Retrospective March 2026 snapshot; use revised cost/date only as outcome labels, not predictive features."
856,"Construction of new 2 Lane with paved shoulders of NH Standards from km 0.080 to km 11.690 L11.610 km in Majuli and from km 19.715 to km 27.484 L 7.769 km in Jorhat on the newly declared NH 715K and construction of 1.10 km flyover on NH-715 with its approaches and service roads L1.10 km, Total Length 20.479 km in the State of Assam Job No. 715K/AS/2023-24/256",MoRTH,618159,-,Assam,02/2024,09/2025,03/2027,03/2027,382.1,382.1,19.65,0.0,95,2026-03-31,https://ipm.mospi.gov.in/Content/PDF/FlashReport_March_2026.pdf,0,0.0000,0,0,25,37,12,5.1426,2026-03,2026-03-01,"Retrospective March 2026 snapshot; use revised cost/date only as outcome labels, not predictive features."
857,"Construction of 2 lane Major Bridge including approaches over Brahmaputra between Majuli on North Bank and Jorhat on South Bank from km. 11.690 to km. 19.715 length of bridge 6,812.5m Package - II on NH-715K in the state of Assam Job no. 715/AS/2020-21/213",MoRTH,618160,,Assam,03/2025,12/2025,12/2027,12/2027,1019.17,1019.17,0.0,0.0,95,2026-03-31,https://ipm.mospi.gov.in/Content/PDF/FlashReport_March_2026.pdf,0,0.0000,0,0,12,33,21,0.0000,2026-03,2026-03-01,"Retrospective March 2026 snapshot; use revised cost/date only as outcome labels, not predictive features."
858,(-) 4-L Bilasipara-Guwahati Package-10,NHIDCL,618282,N24002023,Assam,03/2023,12/2023,06/2026,03/2027,1264.9,1264.9,469.24,56.65,95,2026-03-31,https://ipm.mospi.gov.in/Content/PDF/FlashReport_March_2026.pdf,0,0.0000,1,9,36,39,3,37.0970,2026-03,2026-03-01,"Retrospective March 2026 snapshot; use revised cost/date only as outcome labels, not predictive features."
859,4-L Bilasipara-Guwahati Package-9,NHIDCL,618283,N24002022,Assam,03/2023,12/2023,06/2026,03/2027,1000.27,1000.27,416.11,50.1,95,2026-03-31,https://ipm.mospi.gov.in/Content/PDF/FlashReport_March_2026.pdf,0,0.0000,1,9,36,39,3,41.5998,2026-03,2026-03-01,"Retrospective March 2026 snapshot; use revised cost/date only as outcome labels, not predictive features."
860,Design Chainage 96000 to 139750 of Paikan to Dhupdhara Sahar of Bilasipura- Guwahati Road on NH-17 in the state of Assam on EPC mode under Bharatmala Pariyojana in Economic Corridors Project Length 43.750km under NHO-NE Package- 8,NHIDCL,618284,N24002021,Assam,03/2023,12/2023,12/2026,12/2026,1457.59,1457.59,793.68,77.0,95,2026-03-31,https://ipm.mospi.gov.in/Content/PDF/FlashReport_March_2026.pdf,0,0.0000,0,0,36,45,9,54.4515,2026-03,2026-03-01,"Retrospective March 2026 snapshot; use revised cost/date only as outcome labels, not predictive features."
861,Widening/Improvement to 4 -Lane with Paved Shoulder from Ch. 88.000km to Ch.99.930 km Design Ch.84.100km to Ch.96.000 km of Sagunbashi forest near Nichinta to starting of Krishnai Bypass Section of Bilasipura Guwahati road NH 17 on EPC Package-7,,,,Assam,03/2021,,10/2025,01/2026,286.72,286.72,186.64,100.0,95,2026-03-31,https://ipm.mospi.gov.in/Content/PDF/FlashReport_March_2026.pdf,0,0.0000,1,3,60,55,-5,65.0949,2026-03,2026-03-01,"Retrospective March 2026 snapshot; use revised cost/date only as outcome labels, not predictive features."
862,across River Brahmaputra on NH-17 at Jogighopa in Assam on EPC mode,NHIDCL,618286,N24001434,Assam,09/2021,11/2021,11/2024,12/2026,746.76,746.76,410.28,76.11,96,2026-03-31,https://ipm.mospi.gov.in/Content/PDF/FlashReport_March_2026.pdf,0,0.0000,1,25,54,38,-16,54.9413,2026-03,2026-03-01,"Retrospective March 2026 snapshot; use revised cost/date only as outcome labels, not predictive features."
863,"Widening/Improvement to 4-Lane with paved Shoulder from Ch. 25.633 Km to Ch. 52.470 Km Design Ch. 21.850 Km to Ch.48.670 Km for Package-2 of Bilasipura- Guwahati road NH-17 Section Near Mowatari, before Chapar Bypass to Tulungia junction with NH-17 in the state of Assam on HAM mode under NHO-NE Package-2",NHIDCL,618287,N24002229,Assam,11/2023,12/2024,06/2027,06/2027,1338.61,1338.61,0.0,12.45,96,2026-03-31,https://ipm.mospi.gov.in/Content/PDF/FlashReport_March_2026.pdf,0,0.0000,0,0,28,43,15,0.0000,2026-03,2026-03-01,"Retrospective March 2026 snapshot; use revised cost/date only as outcome labels, not predictive features."
864,"Widening/lmprovement to 4-Lane with Paved Shoulder from Ch.5.580 Km to Ch.25.633 Km Design Ch.0.000 Km to Ch.17.737km Km 901.100 to Km 921.145 of old NH-31 of Bilasipara- Guwahati road NH-17 Section Near Chirakuta to near Mowatari, before Chapar Bypass in the state ol Assam on HAM mode Package-1",NHIDCL,618288,N24002225,Assam,02/2024,02/2025,08/2027,08/2027,1081.15,1081.15,0.0,25.08,96,2026-03-31,https://ipm.mospi.gov.in/Content/PDF/FlashReport_March_2026.pdf,0,0.0000,0,0,25,42,17,0.0000,2026-03,2026-03-01,"Retrospective March 2026 snapshot; use revised cost/date only as outcome labels, not predictive features."
865,Construction and up gradation to 4-Lane of existing two lane with paved shoulder from Hapachara to Tulungia road of NH-117 of existing Km 0.00 to km 14.050 and Design Km 0.000 to km 14.660 under BMP on EPC mode,NHIDCL,618289,N24001246,Assam,03/2020,06/2020,12/2022,03/2026,224.85,224.85,204.31,97.76,96,2026-03-31,https://ipm.mospi.gov.in/Content/PDF/FlashReport_March_2026.pdf,0,0.0000,1,39,72,33,-39,90.8650,2026-03,2026-03-01,"Retrospective March 2026 snapshot; use revised cost/date only as outcome labels, not predictive features."
866,Construction of 4-Lane Panchgram Bypass from Design Chainage km 15500 on NH- 37 Old NH-53 at Kalinagar Pt.-I Village to Design Chainage km 27300 at crossing with NH-6 Old NH-44 Near Siddeswar Pt.-I Village on Silchar - Churaibari stretch in the State of Assam on EPC Mode under Bharatmala Pariyojana in Economic Corridors Silchar- Churaibari Package-2,NHIDCL,618308,N24002154,Assam,03/2023,08/2024,02/2027,02/2027,676.18,728.97,0.0,57.17,96,2026-03-31,https://ipm.mospi.gov.in/Content/PDF/FlashReport_March_2026.pdf,1,7.8071,0,0,36,47,11,0.0000,2026-03,2026-03-01,"Retrospective March 2026 snapshot; use revised cost/date only as outcome labels, not predictive features."
867,Widening/lmprovement to 4-Laning and Greenfield alignment with Paved shoulder of Silchar-Badarpur Churaibari section of NH-37 & NH-8 from Design chainage 38.600 End point of proposed Badarpur Bypass to Km. 62.800 Start point of proposed Nilambazar/Cheragi Bypass in the state of Assam on HAM Mode Package-4,NHIDCL,618309,-,Assam,02/2024,08/2025,08/2027,08/2027,1319.55,1319.55,0.0,14.6,96,2026-03-31,https://ipm.mospi.gov.in/Content/PDF/FlashReport_March_2026.pdf,0,0.0000,0,0,25,42,17,0.0000,2026-03,2026-03-01,"Retrospective March 2026 snapshot; use revised cost/date only as outcome labels, not predictive features."
868,Widening/lmprovement to 4-L of Karimgani - sutarkandi section of NH 37 from design Ch 0020 Start of proposed Karimganj Bypass from NH -8 to design Chainage Km 14380 near Sutarkandi Spur Connectivity to Indo/Bangladesh Border on Silchar- Churaibari in the State of Assam on HAM Mode Package-7,NHIDCL,618310,N24002231,Assam,02/2024,02/2025,02/2027,02/2027,791.79,791.79,0.06,33.22,96,2026-03-31,https://ipm.mospi.gov.in/Content/PDF/FlashReport_March_2026.pdf,0,0.0000,0,0,25,36,11,0.0076,2026-03,2026-03-01,"Retrospective March 2026 snapshot; use revised cost/date only as outcome labels, not predictive features."
869,Widening/lmprovement to 4-Lane with Paved shoulder for existing as well as Greenfield alignment of Badarpur Churaibari section of NH-8 from Design chainage 87.700 Chandkhira to Km. 106.500 Churaibari section Assam-Tripura border in the state of Assam on HAM Mode Package-6,NHIDCL,618311,N24002230,Assam,03/2024,03/2025,03/2027,03/2027,870.0,870.0,0.0,31.34,96,2026-03-31,https://ipm.mospi.gov.in/Content/PDF/FlashReport_March_2026.pdf,0,0.0000,0,0,24,36,12,0.0000,2026-03,2026-03-01,"Retrospective March 2026 snapshot; use revised cost/date only as outcome labels, not predictive features."
870,Widening/lmprovement to 4-Lane with Paved Shoulder from existing road and Greenfield alignment form Design Ch. 62.800 start of proposed Nilambazar/Cheragi Bypass to Design Ch. 87.700 near Chandkhira Village of NH-8 on Silchar-Churaibari in the state of Assam on HAM Mode Package-5,NHIDCL,618312,N24002243,Assam,02/2024,04/2025,10/2027,10/2027,1258.13,1258.13,0.0,10.91,96,2026-03-31,https://ipm.mospi.gov.in/Content/PDF/FlashReport_March_2026.pdf,0,0.0000,0,0,25,44,19,0.0000,2026-03,2026-03-01,"Retrospective March 2026 snapshot; use revised cost/date only as outcome labels, not predictive features."
871,Widening/lmprovement of Existing 2 lane to 4-Laning of Karimganj-Silchar section of NH-37 from Design Ch 0.000 near Silchar ISBT to Design Ch 15.970 near Kalinagar Pt I on NH-37 in Assam on HAM Mode Pkg-1,NHIDCL,618313,-,Assam,03/2024,09/2025,09/2027,09/2027,1181.55,1181.55,0.0,0.0,96,2026-03-31,https://ipm.mospi.gov.in/Content/PDF/FlashReport_March_2026.pdf,0,0.0000,0,0,24,42,18,0.0000,2026-03,2026-03-01,"Retrospective March 2026 snapshot; use revised cost/date only as outcome labels, not predictive features."
872,4-Laning of Dhanehari Lailapur / Vairengte section from Existing Chainage km 12920 to km 43000 of NH 306 Design Chainage km 20000 to km 49360 on Silchar - Vairengte Sairang road in the State of Assam under Bharatmala Pariyojna on EPC mode. Project Length 29.360 km under NHO-NE Package-2,NHIDCL,618314,N24002128,Assam,03/2023,02/2024,08/2026,08/2026,1716.21,1716.21,918.32,79.34,96,2026-03-31,https://ipm.mospi.gov.in/Content/PDF/FlashReport_March_2026.pdf,0,0.0000,0,0,36,41,5,53.5086,2026-03,2026-03-01,"Retrospective March 2026 snapshot; use revised cost/date only as outcome labels, not predictive features."
873,4-Laning of Silchar - Dhanehari section from Existing Chainage km 263800 of NH 37 to km 12920 of NH 306 Design Chainage km 0000 to km 20000 on Silchar - Vairengte - Sairang road in the State of Assam under Bharatmala Pariyojna on EPC mode Package-1,NHIDCL,618315,,Assam,02/2023,01/2024,07/2026,07/2026,1256.9,1256.9,550.91,55.46,96,2026-03-31,https://ipm.mospi.gov.in/Content/PDF/FlashReport_March_2026.pdf,0,0.0000,0,0,37,41,4,43.8309,2026-03,2026-03-01,"Retrospective March 2026 snapshot; use revised cost/date only as outcome labels, not predictive features."
874,(N24002127) Dillai to Lahorijan Package-7,NHIDCL,618325,N24001537,Assam,11/2021,01/2023,07/2024,12/2025,204.1,204.1,0.0,0.0,96,2026-03-31,https://ipm.mospi.gov.in/Content/PDF/FlashReport_March_2026.pdf,0,0.0000,1,17,52,32,-20,0.0000,2026-03,2026-03-01,"Retrospective March 2026 snapshot; use revised cost/date only as outcome labels, not predictive features."
875,Widening/Improvement to 4-Lane with Paved Shoulder from KM 38500 to Km 51246 Design Chainage 38500 to 50959 with proposed Daboka Bypass of Daboka- Parokhaowa of NH 29 on EPC under NHO-NE Package-1,NHIDCL,618326,N24001450,Assam,01/2023,11/2023,11/2025,04/2026,516.88,516.88,0.0,97.01,96,2026-03-31,https://ipm.mospi.gov.in/Content/PDF/FlashReport_March_2026.pdf,0,0.0000,1,5,38,34,-4,0.0000,2026-03,2026-03-01,"Retrospective March 2026 snapshot; use revised cost/date only as outcome labels, not predictive features."
876,Widening/Improvement to 4-Lane with Paved Shoulder from KM 113300 to Km 146230 Design Chainage 113830 to 145712 of Kwaram Taro Village - Dillai Section in Assam on EPC Package-6,NHIDCL,,,Assam,09/2021,07/2022,07/2024,03/2025,625.64,625.64,0.0,0.0,96,2026-03-31,https://ipm.mospi.gov.in/Content/PDF/FlashReport_March_2026.pdf,0,0.0000,1,8,54,34,-20,0.0000,2026-03,2026-03-01,"Retrospective March 2026 snapshot; use revised cost/date only as outcome labels, not predictive features."
877,of NH-39 and upto end point of Assam portion [Design Km 118.050 to design Km 132.375] Total New Alignment length of 14.325 Km of Daboka -Dimapur Section Dimapur Bypass in the state of Assam under SARDP-NE 'Phase-A' on EPC mode Assam Portion,NHIDCL,618330,N24001263,Assam,03/2018,11/2019,11/2022,09/2025,511.02,511.02,647.21,100.0,97,2026-03-31,https://ipm.mospi.gov.in/Content/PDF/FlashReport_March_2026.pdf,0,0.0000,1,34,96,56,-40,126.6506,2026-03,2026-03-01,"Retrospective March 2026 snapshot; use revised cost/date only as outcome labels, not predictive features."
878,lmprovement to 4-Lane with Paved Shoulder from existing km 260000 Design Ch.4560 km to existing km Ch.233000 D. Ch.24560 of Silchar near Nutan Dayapur village - Budha Nagar Section Length-20.00 Km of NH-37 under Package Silchar- Jiribam Pkg-1 in the state of Assam on HAM Mode,NHIDCL,618331,N24002226,Assam,01/2024,01/2025,01/2028,01/2028,957.95,957.95,149.51,36.56,97,2026-03-31,https://ipm.mospi.gov.in/Content/PDF/FlashReport_March_2026.pdf,0,0.0000,0,0,26,48,22,15.6073,2026-03,2026-03-01,"Retrospective March 2026 snapshot; use revised cost/date only as outcome labels, not predictive features."
879,Widening/Improvement to 2-Lane Lane with Paved Shoulder from km 16900 Bogapani to km 27150 Golai Goan on existing Dibrugarh to Ledo section with proposed Digboi Bypass Green Field and Brownfield 2-LanePS of NH-315 OLD NH-38 in Tinsukia District under NHO- NE Package-4,NHIDCL,618339,N24002025,Assam,01/2023,12/2023,12/2026,,356.65,356.65,0.0,20.45,97,2026-03-31,https://ipm.mospi.gov.in/Content/PDF/FlashReport_March_2026.pdf,0,0.0000,,,38,47,9,0.0000,2026-03,2026-03-01,"Retrospective March 2026 snapshot; use revised cost/date only as outcome labels, not predictive features."
880,Widening/Improvement to 4-Lane with Paved Shoulder from km 626030 Nalani hulla Gaon to km 650450 Chotahapjan on existing Tinsukhia -Makum Bypass of NH-15 OLD NH-37 and Strengthening of existing NH-315 OLD NH-38 from Km 0000 Chotahapjan to Km 16900 Bogapani section 2-Lane PS in Assam on EPCMode under NHO-NE Package-3,NHIDCL,618340,N24001419,Assam,01/2023,05/2023,05/2025,05/2026,458.59,458.59,217.2,83.29,97,2026-03-31,https://ipm.mospi.gov.in/Content/PDF/FlashReport_March_2026.pdf,0,0.0000,1,12,38,28,-10,47.3626,2026-03,2026-03-01,"Retrospective March 2026 snapshot; use revised cost/date only as outcome labels, not predictive features."
881,Widening & Upgradation to 2 lanes with paved shoulders road from Tamenglong to Mahur NH-137 in the State of Assam starting from km 156.489 near P. Leikul to km 176.410 near Borowapu on EPC mode under NHO-NE Assam portion Package-10,NHIDCL,618351,N24001971,Assam,03/2023,08/2023,08/2025,06/2026,890.33,693.15,569.61,81.9,97,2026-03-31,https://ipm.mospi.gov.in/Content/PDF/FlashReport_March_2026.pdf,0,-22.1468,1,10,36,29,-7,63.9774,2026-03,2026-03-01,"Retrospective March 2026 snapshot; use revised cost/date only as outcome labels, not predictive features."
882,Widening & Upgradation to 2 lanes with paved shoulders road from Tamenglong to Mahur NH-137 in the State of Assam starting from km 136.500 near Hejaichak to km 156.489 near P. Leikul Package-9 on EPC mode under NHO-NE Package-9,NHIDCL,618352,N24001970,Assam,03/2023,08/2023,08/2025,06/2026,860.37,614.43,528.46,87.5,97,2026-03-31,https://ipm.mospi.gov.in/Content/PDF/FlashReport_March_2026.pdf,0,-28.5854,1,10,36,29,-7,61.4224,2026-03,2026-03-01,"Retrospective March 2026 snapshot; use revised cost/date only as outcome labels, not predictive features."
883,Widening & Upgradation to 2-lanes with paved shoulders road from Tamenglong to Mahur NH-137 in the State of Assam starting from km 116.480 near Hangrum to km 136.500 near Hejaichak Package-8 on EPC mode under NHO-NE Package 8,NHIDCL,618353,N24001969,Assam,03/2023,08/2023,08/2025,06/2026,904.04,904.04,520.05,85.2,97,2026-03-31,https://ipm.mospi.gov.in/Content/PDF/FlashReport_March_2026.pdf,0,0.0000,1,10,36,29,-7,57.5251,2026-03,2026-03-01,"Retrospective March 2026 snapshot; use revised cost/date only as outcome labels, not predictive features."
884,Wideinig & Upgradation to 2-lanes with paved shoulders road from Tamenglong to Mahur NH-137 in the State of Assam starting from km 96.870 near Jiri River to km 116.550 near Hangrum Package-7 on EPC mode Package7,NHIDCL,618354,N24002130,Assam,12/2023,03/2024,03/2026,06/2026,846.82,846.82,0.0,85.29,97,2026-03-31,https://ipm.mospi.gov.in/Content/PDF/FlashReport_March_2026.pdf,0,0.0000,1,3,27,27,0,0.0000,2026-03,2026-03-01,"Retrospective March 2026 snapshot; use revised cost/date only as outcome labels, not predictive features."
885,"Widening/Improvement to 4-Lane with Paved Shoulder configuration of existing single lane road from Srirampur near Bhairiguri Village to Kachukhana Harichara Paglagaunj Package-I of Srirampur - Dhubri Section of NH-127B from existing Km 0.000 to Km 28.050 Design Km 0.000 to Km 27.650, Design Length27.650 Km under JICA ODA Loan assistance Phase-V -Balance work",NHIDCL,618371,N24001831,Assam,03/2022,11/2024,11/2026,11/2026,613.89,613.89,260.02,77.66,97,2026-03-31,https://ipm.mospi.gov.in/Content/PDF/FlashReport_March_2026.pdf,0,0.0000,0,0,48,56,8,42.3561,2026-03,2026-03-01,"Retrospective March 2026 snapshot; use revised cost/date only as outcome labels, not predictive features."
886,"Widening / Improvement to 4-Lane with Paved Shoulder configuration of existing single lane road from Kachukhana Harichara Paglagaunj to Dhubri - Phulbari Bridge approach Package-II of Srirampur - Dhubri Section of NH-127B from existing Km 28.050 to Km 55.060 Design Km 27.650 to Km 54.154, Design Length26.504 Km under JICA ODA Loan assistance Phase-V [Srirampur - Dhubri Pkg-2]",NHIDCL,618372,N24001544,Assam,03/2022,01/2023,01/2025,06/2025,909.02,909.02,638.5,100.0,97,2026-03-31,https://ipm.mospi.gov.in/Content/PDF/FlashReport_March_2026.pdf,0,0.0000,1,5,48,34,-14,70.2405,2026-03,2026-03-01,"Retrospective March 2026 snapshot; use revised cost/date only as outcome labels, not predictive features."
887,"Construction of 4-Lane Bridge including approaches over River Brahmaputra between Dhubri on North Bank,Assam and Phulbari on south Bank,Meghalaya on NH-127B under JICA ODA Loan assistance Phase-III",NHIDCL,618373,N24001326,Assam,05/2019,12/2020,09/2028,09/2028,4997.04,4997.04,2808.4,73.81,97,2026-03-31,https://ipm.mospi.gov.in/Content/PDF/FlashReport_March_2026.pdf,0,0.0000,0,0,82,112,30,56.2013,2026-03,2026-03-01,"Retrospective March 2026 snapshot; use revised cost/date only as outcome labels, not predictive features."
888,4-Laning from Rangagara to Kaliabor Tiniali from km 297.00 to km 315.315 of NH-37 on EPC basis under SARDP-NE in state of Assam,NHIDCL,618435,N24000438,Assam,01/2016,10/2017,04/2020,05/2026,386.51,386.51,352.16,97.13,97,2026-03-31,https://ipm.mospi.gov.in/Content/PDF/FlashReport_March_2026.pdf,0,0.0000,1,73,122,51,-71,91.1128,2026-03,2026-03-01,"Retrospective March 2026 snapshot; use revised cost/date only as outcome labels, not predictive features."
889,4-Laning of Jamugurihat to end of Biswanath Chariali By-Pass from Km 182.000 to Km 208.000 of NH-52 on EPC mode in state of Assam under SARDP-NE,NHIDCL,618436,N24000431,Assam,03/2015,12/2016,06/2019,07/2025,599.0,599.0,405.02,100.0,97,2026-03-31,https://ipm.mospi.gov.in/Content/PDF/FlashReport_March_2026.pdf,0,0.0000,1,73,132,51,-81,67.6160,2026-03,2026-03-01,"Retrospective March 2026 snapshot; use revised cost/date only as outcome labels, not predictive features."
890,"Construction of Balance Work of 4-Laning of NH-37 Section between End of Moran Bypass to Bogibeel junction near Lapetketa Km. 561.700-Km. 580.875 under SARDP- NE, Phase 'A' in the State of Assam on EPC mode Pkg-I Road works & Toll Plaza",NHIDCL,618437,N24000583,Assam,01/2016,09/2024,03/2025,08/2025,274.34,274.34,90.6,100.0,97,2026-03-31,https://ipm.mospi.gov.in/Content/PDF/FlashReport_March_2026.pdf,0,0.0000,1,5,122,110,-12,33.0247,2026-03,2026-03-01,"Retrospective March 2026 snapshot; use revised cost/date only as outcome labels, not predictive features."
891,"4-Laning of NH-37 Section between Demow to End of Moran Bypass From Km. 534.800 to Km. 561.700 including Emergency Landing Facility ELF under SARDP-NE, Phase 'A' in the State of Assam on EPC mode",,,,Assam,01/2016,,07/2024,,385.57,,145.89,100.0,97,2026-03-31,https://ipm.mospi.gov.in/Content/PDF/FlashReport_March_2026.pdf,,,,,122,102,-20,37.8375,2026-03,2026-03-01,"Retrospective March 2026 snapshot; use revised cost/date only as outcome labels, not predictive features."
892,"37 Old from Km 453000 to Km 463000 10.000 Km, under SARDP- NE under EPC Mode in the state of Assam Pkg-I Road Works",NHIDCL,618439,N24000319,Assam,01/2024,02/2024,08/2024,,478.3,478.3,0.0,96.79,98,2026-03-31,https://ipm.mospi.gov.in/Content/PDF/FlashReport_March_2026.pdf,0,0.0000,,,26,7,-19,0.0000,2026-03,2026-03-01,"Retrospective March 2026 snapshot; use revised cost/date only as outcome labels, not predictive features."
893,"Construction of Balance Work of 4-Laning of the Section from Jhanji to Demow of NH- 37 Old from Km 490.800 to Km 534.800, under SARDP- NE on EPC Mode in the state of Assam Pkg- IV Structures & Toll Plaza",NHIDCL,618440,N24000320,Assam,01/2016,10/2024,10/2025,,187.09,100.22,0.0,0.0,98,2026-03-31,https://ipm.mospi.gov.in/Content/PDF/FlashReport_March_2026.pdf,0,-46.4322,,,122,117,-5,0.0000,2026-03,2026-03-01,"Retrospective March 2026 snapshot; use revised cost/date only as outcome labels, not predictive features."
894,"Construction of Balance Work of 4-Laning of the Section from Jhanji to Demow of NH- 37 Old from Km 490.800 to Km 501.800 11.000 Km, under SARDP- NE under EPC Mode in the state of Assam Pkg-I Road Works",NHIDCL,618441,N24000320,Assam,01/2016,10/2024,09/2025,,467.79,476.5,72.13,0.0,98,2026-03-31,https://ipm.mospi.gov.in/Content/PDF/FlashReport_March_2026.pdf,1,1.8619,,,122,116,-6,15.4193,2026-03,2026-03-01,"Retrospective March 2026 snapshot; use revised cost/date only as outcome labels, not predictive features."
895,"Construction of Balance Work of the 4-Laning of the Section from Jorhat to Jhanji of NH-37 Old from Km 477.000 to Km 490800 13.800 Km, under SARDP- NE under EPC Mode in the state of Assam Pkg-III Road Works",NHIDCL,618442,N24000319,Assam,01/2024,02/2024,08/2024,,358.72,358.72,0.07,99.05,98,2026-03-31,https://ipm.mospi.gov.in/Content/PDF/FlashReport_March_2026.pdf,0,0.0000,,,26,7,-19,0.0195,2026-03,2026-03-01,"Retrospective March 2026 snapshot; use revised cost/date only as outcome labels, not predictive features."
896,"Construction of Balance Work of the 4-Laning of the Section from Jorhat to Jhanji of NH-37 Old from Km 463.00 to Km 477.000 14.000 Km, under SARDP- NE under EPC Mode in the state of Assam Pkg-II Road Works",NHIDCL,618443,N24000319,Assam,01/2024,02/2024,08/2024,,438.44,438.44,0.0,95.86,98,2026-03-31,https://ipm.mospi.gov.in/Content/PDF/FlashReport_March_2026.pdf,0,0.0000,,,26,7,-19,0.0000,2026-03,2026-03-01,"Retrospective March 2026 snapshot; use revised cost/date only as outcome labels, not predictive features."
897,"Construction of Balance Work of the 4-Laning of the Section from Jorhat to Jhanji of NH-37 Old from Km 453.000 to Km 490.800, under SARDP- NE , under EPC Mode in the state of Assam Pkg-IV Structures & Toll Plaza",NHIDCL,618444,N24000319,Assam,01/2024,02/2024,08/2024,,279.01,279.01,0.0,94.73,98,2026-03-31,https://ipm.mospi.gov.in/Content/PDF/FlashReport_March_2026.pdf,0,0.0000,,,26,7,-19,0.0000,2026-03,2026-03-01,"Retrospective March 2026 snapshot; use revised cost/date only as outcome labels, not predictive features."
898,"Earthwork in Formation, Road Work, Construction of Bridges, Blanketing, P. Way Linking works including Supply of P. Way Fittings and Track Ballast in connection with Construction of Railway Siding from Jogighopa Railway Station to MMLP at Jogighopa from Ch. 00 to 3760 on Item Rate basis Package -3, Railway Siding from Jogighopa Railway Station to MMLP",NHIDCL,618454,N24002030,Assam,02/2020,12/2020,06/2022,09/2024,693.97,693.97,37.6,93.23,98,2026-03-31,https://ipm.mospi.gov.in/Content/PDF/FlashReport_March_2026.pdf,0,0.0000,1,27,73,28,-45,5.4181,2026-03,2026-03-01,"Retrospective March 2026 snapshot; use revised cost/date only as outcome labels, not predictive features."
899,Development of External Trunk Connectivity and Internal Infrastructure Works at Multi Model Logistics ParkMMLP at Jogighopa in the State of Assam on EPC Mode Package-I Road and Utility Works,NHIDCL,618455,N24002030,Assam,02/2020,09/2020,04/2022,09/2024,693.97,693.97,296.96,100.0,98,2026-03-31,https://ipm.mospi.gov.in/Content/PDF/FlashReport_March_2026.pdf,0,0.0000,1,29,73,26,-47,42.7915,2026-03,2026-03-01,"Retrospective March 2026 snapshot; use revised cost/date only as outcome labels, not predictive features."
900,"6L Standalone Flyovers at Raha, Demow, Borghat, Kathiatali junctions and ROB at Jagiroad on stretches of NH 36 and NH 27",National Highways Authority of India [NHAI],618576,N24001545,Assam,03/2022,12/2022,06/2024,,280.75,255.53,211.79,99.04,98,2026-03-31,https://ipm.mospi.gov.in/Content/PDF/FlashReport_March_2026.pdf,0,-8.9831,,,48,27,-21,75.4372,2026-03,2026-03-01,"Retrospective March 2026 snapshot; use revised cost/date only as outcome labels, not predictive features."
901,Guwahati Ring Road in the State of Assam,National Highways Authority of India [NHAI],618934,-,Assam,08/2024,01/2026,01/2030,01/2030,5729.47,5729.47,2.25,0.0,98,2026-03-31,https://ipm.mospi.gov.in/Content/PDF/FlashReport_March_2026.pdf,0,0.0000,0,0,19,65,46,0.0393,2026-03,2026-03-01,"Retrospective March 2026 snapshot; use revised cost/date only as outcome labels, not predictive features."
902,2L with ES of Yagyi - Kalewa section from Milepost 40/0 to Milepost 115/5 in Myanmar,National Highways Authority of India [NHAI],618958,-,Assam,12/2017,05/2018,06/2023,07/2027,1200.14,1200.14,0.0,52.0,98,2026-03-31,https://ipm.mospi.gov.in/Content/PDF/FlashReport_March_2026.pdf,0,0.0000,1,49,99,66,-33,0.0000,2026-03,2026-03-01,"Retrospective March 2026 snapshot; use revised cost/date only as outcome labels, not predictive features."
903,"Construction of Balance Work of 4-Laning of the Section from Jhanji to Demow of NH- 37 Old from Km 501.800 to Km 514.800 13.000 Km, under SARDP- NE under EPC Mode in the state of Assam Pkg-II Road Works",NHIDCL,619013,N24000320,Assam,10/2014,10/2024,01/2026,,508.76,542.87,58.12,47.34,98,2026-03-31,https://ipm.mospi.gov.in/Content/PDF/FlashReport_March_2026.pdf,1,6.7045,,,137,135,-2,11.4239,2026-03,2026-03-01,"Retrospective March 2026 snapshot; use revised cost/date only as outcome labels, not predictive features."
904,Construction of 4-Lane Badarpur Bypass from Design Chainage km 27300 at crossing with NH-6 Old NH-44 Near Siddeswar Pt.-I Village to Design Chainage km 38600 on NH-37 Old NH-44 at Kandigram Chaita Village on Silchar - Churaibari stretch in the State of Assam on EPC Mode under Bharatmala Pariyojana in Economic Corridors Silchar- Churaibari Pkg-3,NHIDCL,619057,N24002129,Assam,02/2023,02/2024,08/2026,08/2026,574.26,574.26,316.32,71.09,98,2026-03-31,https://ipm.mospi.gov.in/Content/PDF/FlashReport_March_2026.pdf,0,0.0000,0,0,37,42,5,55.0831,2026-03,2026-03-01,"Retrospective March 2026 snapshot; use revised cost/date only as outcome labels, not predictive features."
905,"Construction of Balance Work of 4-Laning of the Section from Jhanji to Demow of NH- 37 Old from Km 514.800 to Km 534.800 20.000 Km, under SARDP- NE under EPC Mode in the state of Assam Pkg-III Road Works",NHIDCL,619060,N24000320,Assam,10/2014,10/2024,09/2025,,344.71,619.7,46.37,62.9,98,2026-03-31,https://ipm.mospi.gov.in/Content/PDF/FlashReport_March_2026.pdf,1,79.7743,,,137,131,-6,13.4519,2026-03,2026-03-01,"Retrospective March 2026 snapshot; use revised cost/date only as outcome labels, not predictive features."
906,Balance work of 4L of NarimbangloJatinga Junction- Harangajoroad section from Km 0.000 to Km 49.230 of NH-27,NHAI,619089,N24001547,Assam,03/2022,01/2023,01/2026,06/2026,1909.98,2745.74,1170.13,93.08,98,2026-03-31,https://ipm.mospi.gov.in/Content/PDF/FlashReport_March_2026.pdf,1,43.7575,1,5,48,46,-2,61.2640,2026-03,2026-03-01,"Retrospective March 2026 snapshot; use revised cost/date only as outcome labels, not predictive features."
907,Construction of proposed 4Lane Revelgunj bypass NH-19 in the State of Bihar on EPC mode connecting NH 19 to 85 origin,MoRTH,617897,N24001879,Bihar,03/2022,07/2023,07/2025,06/2026,295.24,295.24,33.07,80.36,98,2026-03-31,https://ipm.mospi.gov.in/Content/PDF/FlashReport_March_2026.pdf,0,0.0000,1,11,48,40,-8,11.2011,2026-03,2026-03-01,"Retrospective March 2026 snapshot; use revised cost/date only as outcome labels, not predictive features."
908,Widening & Strenthening from km132.895 to km 190.15 NH-80,MoRTH,,,Bihar,03/2021,,11/2024,,566.1,,248.41,91.0,98,2026-03-31,https://ipm.mospi.gov.in/Content/PDF/FlashReport_March_2026.pdf,,,,,60,44,-16,43.8809,2026-03,2026-03-01,"Retrospective March 2026 snapshot; use revised cost/date only as outcome labels, not predictive features."
909,from km 70.15 to Km 121.025 of Munger-Suttanganj -BhagatpurMirzachowki section on EPC Mode in the State of Bihar.,MoRTH,617959,N24001875,Bihar,03/2021,02/2023,01/2025,,477.54,477.54,311.39,95.66,99,2026-03-31,https://ipm.mospi.gov.in/Content/PDF/FlashReport_March_2026.pdf,0,0.0000,,,60,46,-14,65.2071,2026-03,2026-03-01,"Retrospective March 2026 snapshot; use revised cost/date only as outcome labels, not predictive features."
910,Gaya-Hisua-Rajgir-Nalanda-Biharsharif section km0.00 to 92.935 NH-82,MoRTH,617961,N24000579,Bihar,01/2014,11/2016,11/2019,07/2026,1408.85,2138.16,0.0,97.0,99,2026-03-31,https://ipm.mospi.gov.in/Content/PDF/FlashReport_March_2026.pdf,1,51.7663,1,80,146,70,-76,0.0000,2026-03,2026-03-01,"Retrospective March 2026 snapshot; use revised cost/date only as outcome labels, not predictive features."
911,strengthening of of Birpur and Bihpur Section from km 0.0 to Km 106 of NH 106 under phase I of National Highways Interconnectivity Improvement Projects NHIIP ICB No. NHIIP-BR-106-7 [NHIIP-BR-106-7],MoRTH,617966,N24000382,Bihar,01/2014,10/2016,10/2019,04/2026,780.77,961.33,0.04,99.74,99,2026-03-31,https://ipm.mospi.gov.in/Content/PDF/FlashReport_March_2026.pdf,1,23.1259,1,78,146,69,-77,0.0051,2026-03,2026-03-01,"Retrospective March 2026 snapshot; use revised cost/date only as outcome labels, not predictive features."
912,Construction of 4 Lane ROB and its approaches at the level crossing LC No 29 B of Km 29 Ekangarsarai at NH 110 New NH 33 & Railway Km 32.63 at Fatwa FUT Islampur IPR section in the state of Bihar on EPC mode.,MoRTH,617969,N24002193,Bihar,03/2023,07/2024,07/2026,07/2026,201.08,201.08,0.01,52.0,99,2026-03-31,https://ipm.mospi.gov.in/Content/PDF/FlashReport_March_2026.pdf,0,0.0000,0,0,36,40,4,0.0050,2026-03,2026-03-01,"Retrospective March 2026 snapshot; use revised cost/date only as outcome labels, not predictive features."
913,Construction of Bhabhua Bypass from Ch. 10800Design Ch. 10800 to Ch. 19860 Design Ch. 18150 and Chand Bypass from Ch. 38060 Design Ch. 36250 to Ch. 40460 Design Ch. 38650 and widening of existing road to 2 - lane with Paved shoulder from Ch. 40460 Design Ch. 38650 to Ch. 46860 Design Ch. 45050 of NH-219 Total length- 16.150 Kmunder EPC mode in the state of Bihar,MoRTH,618004,,Bihar,02/2022,01/2025,07/2026,04/2027,179.86,179.86,0.0,0.05,99,2026-03-31,https://ipm.mospi.gov.in/Content/PDF/FlashReport_March_2026.pdf,0,0.0000,1,9,49,53,4,0.0000,2026-03,2026-03-01,"Retrospective March 2026 snapshot; use revised cost/date only as outcome labels, not predictive features."
914,(N24001545) Sheohar-Sitamarhi Section km 40.000 to 79.400 km Lot-I,MoRTH,618005,N24001647,Bihar,02/2016,05/2016,05/2018,08/2025,178.85,278.53,0.0,98.65,99,2026-03-31,https://ipm.mospi.gov.in/Content/PDF/FlashReport_March_2026.pdf,1,55.7339,1,87,121,27,-94,0.0000,2026-03,2026-03-01,"Retrospective March 2026 snapshot; use revised cost/date only as outcome labels, not predictive features."
915,Sitamarhi-Jaynagar Section km 79.400 to km 156.500 Lot-II,MoRTH,618006,N24001590,Bihar,02/2016,06/2016,12/2018,05/2026,369.77,503.28,0.0,98.78,99,2026-03-31,https://ipm.mospi.gov.in/Content/PDF/FlashReport_March_2026.pdf,1,36.1062,1,89,121,34,-87,0.0000,2026-03,2026-03-01,"Retrospective March 2026 snapshot; use revised cost/date only as outcome labels, not predictive features."
916,Jaynagar-Narahia Section km 156.500 to km 219.945 Lot-III,MoRTH,618007,N24001792,Bihar,02/2016,05/2016,11/2018,08/2025,553.3,706.39,0.0,99.0,99,2026-03-31,https://ipm.mospi.gov.in/Content/PDF/FlashReport_March_2026.pdf,1,27.6685,1,81,121,33,-88,0.0000,2026-03,2026-03-01,"Retrospective March 2026 snapshot; use revised cost/date only as outcome labels, not predictive features."
917,Improvement to Two lane with Paved Shoulder from Junction of NH22 near Hajipur to Junction of NH -122 at Bachhwara via Mahnar and Mohiuddin Nagar from Km 0.00 to Km 29.730 of NH 122 B in the State of Bihar.,MoRTH,618073,N24002197,Bihar,02/2024,08/2024,02/2026,12/2026,226.16,226.16,0.0,44.0,99,2026-03-31,https://ipm.mospi.gov.in/Content/PDF/FlashReport_March_2026.pdf,0,0.0000,1,10,25,24,-1,0.0000,2026-03,2026-03-01,"Retrospective March 2026 snapshot; use revised cost/date only as outcome labels, not predictive features."
918,Pre construction activity of NH 122B from km 0 to 72.348 and Improvement to two lane with paved shoulders of NH 122B from km 29.730 to km 72.348 in state of Bihar under EPC mode,MoRTH,618074,N24001870,Bihar,02/2022,05/2023,11/2024,06/2026,624.43,624.43,153.21,90.7,99,2026-03-31,https://ipm.mospi.gov.in/Content/PDF/FlashReport_March_2026.pdf,0,0.0000,1,19,49,33,-16,24.5360,2026-03,2026-03-01,"Retrospective March 2026 snapshot; use revised cost/date only as outcome labels, not predictive features."
919,Improvement to two lane with paved shoulders of BH WB Border Amdabad Manihari section from design Km 0.000 to Km 23.945 of NH 131 A Total length 23.945 Km under EPC mode in the state of Bihar,MoRTH,618080,N24002198,Bihar,01/2022,09/2024,03/2026,,353.27,353.27,0.0,3.1,99,2026-03-31,https://ipm.mospi.gov.in/Content/PDF/FlashReport_March_2026.pdf,0,0.0000,,,50,50,0,0.0000,2026-03,2026-03-01,"Retrospective March 2026 snapshot; use revised cost/date only as outcome labels, not predictive features."
920,construction of Four-Lane of chausa-Buxar Bypass from Km 45.000 to Km 65.915 Package - 2 in the State of Bihar on EPC Mode.,MoRTH,618120,-,Bihar,09/2022,01/2026,01/2028,01/2028,1060.16,1060.16,0.0,0.0,99,2026-03-31,https://ipm.mospi.gov.in/Content/PDF/FlashReport_March_2026.pdf,0,0.0000,0,0,42,64,22,0.0000,2026-03,2026-03-01,"Retrospective March 2026 snapshot; use revised cost/date only as outcome labels, not predictive features."
921,Improvement to two lane with paved shoulders of NH-319A from km 0 to km 45 in state of Bihar under EPC mode,MoRTH,618121,N24001878,Bihar,02/2022,06/2023,12/2024,07/2026,427.29,427.29,178.43,93.0,99,2026-03-31,https://ipm.mospi.gov.in/Content/PDF/FlashReport_March_2026.pdf,0,0.0000,1,19,49,34,-15,41.7585,2026-03,2026-03-01,"Retrospective March 2026 snapshot; use revised cost/date only as outcome labels, not predictive features."
922,"Pre-Construction activities from Km 134.000 to Km 190.233 of NH-333A and Construction of 4 no. of Bypasses at Katoria, Lakhpura, Banka & Panjwara total length-14.359 Km to two lane with paved shoulders standard in State of Bihar.",MoRTH,618126,-,Bihar,11/2022,12/2024,12/2026,12/2026,479.37,479.37,0.0,55.0,99,2026-03-31,https://ipm.mospi.gov.in/Content/PDF/FlashReport_March_2026.pdf,0,0.0000,0,0,40,49,9,0.0000,2026-03,2026-03-01,"Retrospective March 2026 snapshot; use revised cost/date only as outcome labels, not predictive features."
923,Estimate for Improvement to two lane with paved shoulder from Ramnagar to Roseda from km 3.500 to 43.000 of NH 527 E on EPC mode in State of Bihar,MoRTH,618146,N24001323,Bihar,01/2022,10/2024,04/2026,04/2027,495.16,495.16,0.0,32.0,99,2026-03-31,https://ipm.mospi.gov.in/Content/PDF/FlashReport_March_2026.pdf,0,0.0000,1,12,50,51,1,0.0000,2026-03,2026-03-01,"Retrospective March 2026 snapshot; use revised cost/date only as outcome labels, not predictive features."
924,construction of a new 4 lane Parallel to existing MG Setu with its approaces from km 0.00 to km 14.500 across river Ganga on NH-19 at Patna in the state of Bihar.,MoRTH,618228,N24001201,Bihar,02/2019,03/2021,09/2024,06/2027,2926.42,2926.42,0.0,70.41,99,2026-03-31,https://ipm.mospi.gov.in/Content/PDF/FlashReport_March_2026.pdf,0,0.0000,1,33,85,67,-18,0.0000,2026-03,2026-03-01,"Retrospective March 2026 snapshot; use revised cost/date only as outcome labels, not predictive features."
925,Construction of a new 4-lane major bridge across river Kosi at Phulaut including Rehabilitation and upgradation of existing Birpur and Bihpur section of NH-106 from km 106.000 to km 136.000 to 2-lane with paved shoulders in the State of Bihar on EPC mode,MoRTH,618234,,Bihar,09/2018,06/2021,06/2024,02/2027,1478.4,1478.4,823.92,90.9,99,2026-03-31,https://ipm.mospi.gov.in/Content/PDF/FlashReport_March_2026.pdf,0,0.0000,1,32,90,69,-21,55.7305,2026-03,2026-03-01,"Retrospective March 2026 snapshot; use revised cost/date only as outcome labels, not predictive features."
926,8920 to Km 13375including approach road 35m Naugachhia side &53 m Bhagalpur sideacross River Ganga on newly declared NH-131B at Bhagalpur in the State of Bihar,MoRTH,618246,N24001877,Bihar,07/2020,05/2023,05/2027,05/2027,1110.23,1110.23,0.0,48.74,100,2026-03-31,https://ipm.mospi.gov.in/Content/PDF/FlashReport_March_2026.pdf,0,0.0000,0,0,68,82,14,0.0000,2026-03,2026-03-01,"Retrospective March 2026 snapshot; use revised cost/date only as outcome labels, not predictive features."
927,Construction of 6-Lane Elevated / Extra Dose Cable Bridge on River Ganga parallel to & Western side of Digha-Sonepur Rail cum-Road Bridge of NH 139W in the State of Bihar,MoRTH,618250,N24002194,Bihar,01/2024,05/2024,11/2027,12/2028,3064.45,3064.45,0.0,10.24,100,2026-03-31,https://ipm.mospi.gov.in/Content/PDF/FlashReport_March_2026.pdf,0,0.0000,1,13,26,46,20,0.0000,2026-03,2026-03-01,"Retrospective March 2026 snapshot; use revised cost/date only as outcome labels, not predictive features."
928,"Improvement and Up gradation to four lane with Paved shoulder configuration from Existing Km 0000 to Km 39500 design km 0500 to Km 40342, Design length km of NH 227A near Mehrauna GhatUP Bihar Border to Siwan on the state of Bihar on Hybrid Annuity Model HAM basis",MoRTH,618251,,Bihar,03/2023,09/2025,03/2028,03/2028,1661.25,1661.25,0.0,5.03,100,2026-03-31,https://ipm.mospi.gov.in/Content/PDF/FlashReport_March_2026.pdf,0,0.0000,0,0,36,60,24,0.0000,2026-03,2026-03-01,"Retrospective March 2026 snapshot; use revised cost/date only as outcome labels, not predictive features."
929,(-) Balance work - WB-10 Gandak Bridge Km 402.00 to Km 440.00 Devanpur - Kotwa,National Highways Authority of India [NHAI],618569,N24002063,Bihar,11/2021,07/2022,01/2024,12/2026,210.05,358.3,115.35,64.05,100,2026-03-31,https://ipm.mospi.gov.in/Content/PDF/FlashReport_March_2026.pdf,1,70.5784,1,35,52,26,-26,54.9155,2026-03,2026-03-01,"Retrospective March 2026 snapshot; use revised cost/date only as outcome labels, not predictive features."
930,4L Elevated Highway and at grade improvements at Gopalganj Town from Km. 384.000 to Km. 386.750 on NH-27,National Highways Authority of India [NHAI],618570,N24001702,Bihar,10/2021,03/2022,08/2024,04/2026,325.57,248.92,225.44,99.78,100,2026-03-31,https://ipm.mospi.gov.in/Content/PDF/FlashReport_March_2026.pdf,0,-23.5433,1,20,53,34,-19,69.2447,2026-03,2026-03-01,"Retrospective March 2026 snapshot; use revised cost/date only as outcome labels, not predictive features."
931,border - Dewapur - Kotwa section from Km.360.915 to km.440.000 Total Length of 79.085 Km of NH-27& Permanent rectification of 5 nos. of black spots of project Highway NH-27 of Kotwa - Mehsi - Muzaffarpur Section from km.440.000 to km.520.000 Total length 80.00Km,National Highways Authority of India [NHAI],618571,,Bihar,04/2022,12/2023,12/2025,07/2026,227.25,321.23,208.23,77.35,100,2026-03-31,https://ipm.mospi.gov.in/Content/PDF/FlashReport_March_2026.pdf,1,41.3553,1,7,47,44,-3,91.6304,2026-03,2026-03-01,"Retrospective March 2026 snapshot; use revised cost/date only as outcome labels, not predictive features."
932,(N24002064) 4L of Galgalia - Bahadurganj section from Km 0.000 to Km 49.000 Package-I of NH327E,National Highways Authority of India [NHAI],618582,-,Bihar,01/2021,01/2022,01/2024,,1282.97,1282.97,599.36,100.0,100,2026-03-31,https://ipm.mospi.gov.in/Content/PDF/FlashReport_March_2026.pdf,0,0.0000,,,62,36,-26,46.7166,2026-03,2026-03-01,"Retrospective March 2026 snapshot; use revised cost/date only as outcome labels, not predictive features."
933,4L of Bahadurganj Araria section from Km 49.000 to Km 94.000 Package-II of NH- 327E,National Highways Authority of India [NHAI],618583,-,Bihar,01/2021,01/2022,01/2024,05/2024,1358.77,1358.77,713.95,100.0,100,2026-03-31,https://ipm.mospi.gov.in/Content/PDF/FlashReport_March_2026.pdf,0,0.0000,1,4,62,36,-26,52.5438,2026-03,2026-03-01,"Retrospective March 2026 snapshot; use revised cost/date only as outcome labels, not predictive features."
934,6L Greenfield Varanasi-Ranchi-Kolkata Highway from Pachmon village to Anarbansalea village From KM. 116000 to KM. 151200 Package-6,National Highways Authority of India [NHAI],618725,-,Bihar,03/2023,09/2025,09/2027,09/2027,1915.99,1920.21,0.87,7.13,100,2026-03-31,https://ipm.mospi.gov.in/Content/PDF/FlashReport_March_2026.pdf,1,0.2203,0,0,36,54,18,0.0454,2026-03,2026-03-01,"Retrospective March 2026 snapshot; use revised cost/date only as outcome labels, not predictive features."
935,6L Greenfield Varanasi-Ranchi-Kolkata Highway from junction with Chandauli- Chainpur Road near Khainti village to junction with Bhabhua-Adhaura road near Palka village from Km. 27.000 to Km. 54.000 Pkg-2,National Highways Authority of India [NHAI],618726,-,Bihar,03/2023,10/2025,10/2027,10/2027,1240.93,1341.52,32.81,11.68,100,2026-03-31,https://ipm.mospi.gov.in/Content/PDF/FlashReport_March_2026.pdf,1,8.1060,0,0,36,55,19,2.6440,2026-03,2026-03-01,"Retrospective March 2026 snapshot; use revised cost/date only as outcome labels, not predictive features."
936,6L Greenfield Varanasi-Ranchi-Kolkata Highway from junction with Bhabhua-Adhaura road in Bhairopur village to Konki village From KM. 54.000 to KM. 90.000Pkg-3,National Highways Authority of India [NHAI],618727,-,Bihar,03/2023,10/2025,10/2027,10/2027,1576.94,1711.44,18.69,10.8,100,2026-03-31,https://ipm.mospi.gov.in/Content/PDF/FlashReport_March_2026.pdf,1,8.5292,0,0,36,55,19,1.1852,2026-03,2026-03-01,"Retrospective March 2026 snapshot; use revised cost/date only as outcome labels, not predictive features."
937,6L Bridge and its approaches across River Ganga as Part of Patna Ring Road NH- 131G starting from Km 8.480 near Sherpur to Km 23.000 near Dighwara,National Highways Authority of India [NHAI],618738,N24002062,Bihar,09/2022,09/2023,09/2027,09/2028,6291.69,3351.62,501.89,17.09,100,2026-03-31,https://ipm.mospi.gov.in/Content/PDF/FlashReport_March_2026.pdf,0,-46.7294,1,12,42,60,18,7.9770,2026-03,2026-03-01,"Retrospective March 2026 snapshot; use revised cost/date only as outcome labels, not predictive features."
938,4L Greenfield Alignment of Amas to Shivrampur from 0.000 Km. to 55.002 Km. of NH 119 D Pkg-I,National Highways Authority of India [NHAI],618739,N24002065,Bihar,02/2022,03/2023,03/2025,06/2027,1390.92,1427.43,342.13,44.13,100,2026-03-31,https://ipm.mospi.gov.in/Content/PDF/FlashReport_March_2026.pdf,1,2.6249,1,27,49,37,-12,24.5974,2026-03,2026-03-01,"Retrospective March 2026 snapshot; use revised cost/date only as outcome labels, not predictive features."
939,4L Greenfield Alignment of Shivrampur to Ramnagar from Km. 55.002 to Km. 109.300 of NH 119 D Pkg-II,National Highways Authority of India [NHAI],618740,N24002066,Bihar,02/2022,07/2023,07/2025,06/2027,1494.31,1546.07,258.16,42.6,100,2026-03-31,https://ipm.mospi.gov.in/Content/PDF/FlashReport_March_2026.pdf,1,3.4638,1,23,49,41,-8,17.2762,2026-03,2026-03-01,"Retrospective March 2026 snapshot; use revised cost/date only as outcome labels, not predictive features."
940,4L Greenfield Alignment from Kalyanapur to Tal Dashraha of NH-119D Pkg-III,NHAI,618741,N24001697,Bihar,03/2022,02/2023,02/2025,06/2027,1857.58,1969.3,416.49,31.34,100,2026-03-31,https://ipm.mospi.gov.in/Content/PDF/FlashReport_March_2026.pdf,1,6.0143,1,28,48,35,-13,22.4211,2026-03,2026-03-01,"Retrospective March 2026 snapshot; use revised cost/date only as outcome labels, not predictive features."
941,Ara - Mohania Pkg-II,National Highways Authority of India [NHAI],618774,N24001712,Bihar,08/2020,01/2021,07/2023,11/2025,984.63,827.51,798.12,100.0,100,2026-03-31,https://ipm.mospi.gov.in/Content/PDF/FlashReport_March_2026.pdf,0,-15.9573,1,28,67,35,-32,81.0579,2026-03,2026-03-01,"Retrospective March 2026 snapshot; use revised cost/date only as outcome labels, not predictive features."
942,Ara Bypass,National Highways Authority of India [NHAI],618775,-,Bihar,03/2025,10/2025,04/2027,04/2027,226.32,226.32,0.49,7.52,100,2026-03-31,https://ipm.mospi.gov.in/Content/PDF/FlashReport_March_2026.pdf,0,0.0000,0,0,12,25,13,0.2165,2026-03,2026-03-01,"Retrospective March 2026 snapshot; use revised cost/date only as outcome labels, not predictive features."
943,4L of Aurangabad-Paithan,NHAI,618779,,Bihar,09/2022,01/2023,07/2024,04/2026,1505.0,349.96,305.23,96.5,100,2026-03-31,https://ipm.mospi.gov.in/Content/PDF/FlashReport_March_2026.pdf,0,-76.7468,1,21,42,22,-20,20.2811,2026-03,2026-03-01,"Retrospective March 2026 snapshot; use revised cost/date only as outcome labels, not predictive features."
945,Aunta - Simaria including Ganga Bridge,National Highways Authority of India [NHAI],618839,N24000696,Bihar,01/2017,08/2018,02/2022,04/2026,1309.47,2107.68,812.81,100.0,101,2026-03-31,https://ipm.mospi.gov.in/Content/PDF/FlashReport_March_2026.pdf,1,60.9567,1,50,110,61,-49,62.0717,2026-03,2026-03-01,"Retrospective March 2026 snapshot; use revised cost/date only as outcome labels, not predictive features."
946,Simaria Km. 206.050 to Khagaria Km. 266.282,National Highways Authority of India [NHAI],618840,N24000480,Bihar,12/2015,10/2016,04/2019,07/2026,664.02,891.64,340.09,97.67,101,2026-03-31,https://ipm.mospi.gov.in/Content/PDF/FlashReport_March_2026.pdf,1,34.2791,1,87,123,40,-83,51.2168,2026-03,2026-03-01,"Retrospective March 2026 snapshot; use revised cost/date only as outcome labels, not predictive features."
947,4L Elevated Section and at-grade improvements at Begusarai town Simaria - Khagaria section from Km. 221.047 to Km. 225.302 of NH-31,National Highways Authority of India [NHAI],618841,N24001699,Bihar,10/2021,06/2022,12/2024,06/2026,491.04,348.38,333.67,93.88,101,2026-03-31,https://ipm.mospi.gov.in/Content/PDF/FlashReport_March_2026.pdf,0,-29.0526,1,18,53,38,-15,67.9517,2026-03,2026-03-01,"Retrospective March 2026 snapshot; use revised cost/date only as outcome labels, not predictive features."
948,Bakhtiyarpur-Rajauli Pkg-II from km. 54.405 to km.101.630,National Highways Authority of India [NHAI],618861,N24001709,Bihar,09/2020,04/2021,07/2023,04/2026,897.45,1397.47,838.02,97.85,101,2026-03-31,https://ipm.mospi.gov.in/Content/PDF/FlashReport_March_2026.pdf,1,55.7156,1,33,66,34,-32,93.3779,2026-03,2026-03-01,"Retrospective March 2026 snapshot; use revised cost/date only as outcome labels, not predictive features."
949,Bakhtiyarpur-Rajauli Pkg-III from km. 101.630 to km.152.520,National Highways Authority of India [NHAI],618862,-,Bihar,09/2020,12/2021,06/2024,04/2026,2156.22,3046.61,1589.83,99.14,101,2026-03-31,https://ipm.mospi.gov.in/Content/PDF/FlashReport_March_2026.pdf,1,41.2940,1,22,66,45,-21,73.7323,2026-03,2026-03-01,"Retrospective March 2026 snapshot; use revised cost/date only as outcome labels, not predictive features."
950,Maheshkunt-Saharsa-Purnea Pkg I km 0.00 to km. 90.00 of NH-107,National Highways Authority of India [NHAI],618902,N24000723,Bihar,02/2017,12/2019,12/2021,07/2026,662.44,1311.22,917.26,85.25,101,2026-03-31,https://ipm.mospi.gov.in/Content/PDF/FlashReport_March_2026.pdf,1,97.9379,1,55,109,58,-51,138.4669,2026-03,2026-03-01,"Retrospective March 2026 snapshot; use revised cost/date only as outcome labels, not predictive features."
951,Maheshkunt -Saharsa-Purnea Pkg II,National Highways Authority of India [NHAI],618903,N24000665,Bihar,03/2017,12/2018,12/2020,06/2026,1028.28,1244.09,815.63,91.03,101,2026-03-31,https://ipm.mospi.gov.in/Content/PDF/FlashReport_March_2026.pdf,1,20.9875,1,66,108,45,-63,79.3198,2026-03,2026-03-01,"Retrospective March 2026 snapshot; use revised cost/date only as outcome labels, not predictive features."
952,Chhapra - Hajipur from km. 143.200 to km. 209.200,National Highways Authority of India [NHAI],618904,N24000187,Bihar,07/2010,01/2011,07/2013,04/2026,2127.86,2171.6,98.07,89.81,101,2026-03-31,https://ipm.mospi.gov.in/Content/PDF/FlashReport_March_2026.pdf,1,2.0556,1,153,188,36,-152,4.6089,2026-03,2026-03-01,"Retrospective March 2026 snapshot; use revised cost/date only as outcome labels, not predictive features."
953,Widening with additional 3L abetting Chhapra Bypass Section of NH-19 from Km. 143.200 to Km. 159.255 Pkg-1,National Highways Authority of India [NHAI],618905,-,Bihar,02/2024,08/2024,08/2026,08/2026,470.5,528.48,177.55,65.23,101,2026-03-31,https://ipm.mospi.gov.in/Content/PDF/FlashReport_March_2026.pdf,1,12.3231,0,0,25,30,5,37.7365,2026-03,2026-03-01,"Retrospective March 2026 snapshot; use revised cost/date only as outcome labels, not predictive features."
954,"19870 of Danapur Bihta Section, Design Ch0000 to Design Ch0231 connecting the existing RoB near Danapur station ,1.35 Km ramps and at-grade improvements to 4- lane section on Danapur side and Upgradation of existing Two lane carriageway to Four Lane carriageway from Design Ch19870 to Design Ch23500 of Bihta - Koilwar section",National Highways Authority of India [NHAI],618914,,Bihar,10/2022,03/2024,09/2026,08/2027,4432.97,2625.4,1227.02,52.48,101,2026-03-31,https://ipm.mospi.gov.in/Content/PDF/FlashReport_March_2026.pdf,0,-40.7756,1,11,41,47,6,27.6794,2026-03,2026-03-01,"Retrospective March 2026 snapshot; use revised cost/date only as outcome labels, not predictive features."
955,(-) 4L of Bal. works of Patna - Gaya -Dobhi Pkg-II from km. 39.00 to km. 83.00 of Old NH- 83,National Highways Authority of India [NHAI],618915,N24001304,Bihar,09/2019,11/2020,11/2022,05/2025,1637.29,777.2,728.91,89.01,101,2026-03-31,https://ipm.mospi.gov.in/Content/PDF/FlashReport_March_2026.pdf,0,-52.5313,1,30,78,38,-40,44.5193,2026-03,2026-03-01,"Retrospective March 2026 snapshot; use revised cost/date only as outcome labels, not predictive features."
956,4L of Bal. works of Patna - Gaya -Dobhi Pkg-III from km. 83.00 to km. 127.217 of Old NH-83,National Highways Authority of India [NHAI],618916,N24001305,Bihar,09/2019,11/2020,11/2022,05/2025,1077.46,799.7,774.78,92.0,101,2026-03-31,https://ipm.mospi.gov.in/Content/PDF/FlashReport_March_2026.pdf,0,-25.7791,1,30,78,38,-40,71.9080,2026-03,2026-03-01,"Retrospective March 2026 snapshot; use revised cost/date only as outcome labels, not predictive features."
957,4L Greenfield starting from NH-30 near Saristabad Patna to Nathupur Project end point of Patna-Gaya-Dobhi Section of NH-83,National Highways Authority of India [NHAI],618917,-,Bihar,07/2023,03/2024,08/2025,04/2026,488.24,419.66,82.68,80.83,101,2026-03-31,https://ipm.mospi.gov.in/Content/PDF/FlashReport_March_2026.pdf,0,-14.0464,1,8,32,25,-7,16.9343,2026-03,2026-03-01,"Retrospective March 2026 snapshot; use revised cost/date only as outcome labels, not predictive features."
958,4L of Siwan- Masrakh section of Ram Janki Marg from Km 230.385 to Km 281.391 of NH-227A,National Highways Authority of India [NHAI],618926,-,Bihar,08/2022,11/2024,11/2026,11/2028,1431.36,1927.04,98.48,10.07,101,2026-03-31,https://ipm.mospi.gov.in/Content/PDF/FlashReport_March_2026.pdf,1,34.6300,1,24,43,51,8,6.8802,2026-03,2026-03-01,"Retrospective March 2026 snapshot; use revised cost/date only as outcome labels, not predictive features."
959,Umagaon-Saharsa Package-IV Koshi Bridge & approach Road - Bheja-Bakaur,NHAI,618953,N24001371,Bihar,02/2019,02/2020,08/2023,09/2026,1199.58,1223.94,1086.2,89.23,101,2026-03-31,https://ipm.mospi.gov.in/Content/PDF/FlashReport_March_2026.pdf,1,2.0307,1,37,85,54,-31,90.5484,2026-03,2026-03-01,"Retrospective March 2026 snapshot; use revised cost/date only as outcome labels, not predictive features."
960,Umagaon - Saharsa Package - I Combined Umagaon-Kaluahi0.000KM to 21.609Km of NH227LSaharghat-Rahika0.000 Km to 26.130KM of NH227JRahika-Rampatti 0.00 KM to 15.00KM of NH527ABideshwarsthan-Bheja0.000KM to 25.915KM of NH527A.,NHAI,618954,-,Bihar,08/2022,01/2025,07/2027,07/2027,1473.2,1703.02,550.3,11.5,101,2026-03-31,https://ipm.mospi.gov.in/Content/PDF/FlashReport_March_2026.pdf,1,15.6001,0,0,43,59,16,37.3541,2026-03,2026-03-01,"Retrospective March 2026 snapshot; use revised cost/date only as outcome labels, not predictive features."
961,2L PS of Majhauli to Charout section from km. 0.00 to km. 63.655,NHAI,618955,N24000813,Bihar,01/2018,11/2019,11/2021,04/2026,638.29,1067.51,559.21,99.66,101,2026-03-31,https://ipm.mospi.gov.in/Content/PDF/FlashReport_March_2026.pdf,1,67.2453,1,53,98,46,-52,87.6106,2026-03,2026-03-01,"Retrospective March 2026 snapshot; use revised cost/date only as outcome labels, not predictive features."
962,Construction of Major Bridge over Baghmati and Lakhandei River along with Approaches from Design km.16.500 to km.21.500,NHAI,618956,-,Bihar,02/2024,10/2024,04/2027,04/2027,498.97,380.3,3.19,17.12,101,2026-03-31,https://ipm.mospi.gov.in/Content/PDF/FlashReport_March_2026.pdf,0,-23.7830,0,0,25,38,13,0.6393,2026-03,2026-03-01,"Retrospective March 2026 snapshot; use revised cost/date only as outcome labels, not predictive features."
963,4L of Greenfield Alignment from Km. 47.000 to Km. 89.210 of Balbhadarpur to Bela Nawda Section of NH-119D,NHAI,619127,-,Bihar,03/2022,03/2024,03/2026,08/2027,2185.75,2118.46,373.6,24.57,101,2026-03-31,https://ipm.mospi.gov.in/Content/PDF/FlashReport_March_2026.pdf,0,-3.0786,1,17,48,48,0,17.0925,2026-03,2026-03-01,"Retrospective March 2026 snapshot; use revised cost/date only as outcome labels, not predictive features."
964,Rehabilitation and Upgradation of Chorma - Bairgania Section of National Highway No 227F to 2 lane with paved shoulders from Design Ch.0.000 to Ch. 34.566,National Highways Authority of India [NHAI],,,Bihar,06/2022,,01/2026,,610.78,,304.24,99.5,101,2026-03-31,https://ipm.mospi.gov.in/Content/PDF/FlashReport_March_2026.pdf,,,,,45,43,-2,49.8117,2026-03,2026-03-01,"Retrospective March 2026 snapshot; use revised cost/date only as outcome labels, not predictive features."
965,Bakhtiyarpur Km 153.300 to Mokama Km 197.900,National Highways Authority of India [NHAI],619152,N24000507,Bihar,12/2015,06/2017,12/2019,04/2026,1182.94,1898.84,867.69,99.95,102,2026-03-31,https://ipm.mospi.gov.in/Content/PDF/FlashReport_March_2026.pdf,1,60.5187,1,76,123,48,-75,73.3503,2026-03,2026-03-01,"Retrospective March 2026 snapshot; use revised cost/date only as outcome labels, not predictive features."
966,Umagaon-Saharsa Package-V Bakaur-Parsarma-Bangaon-Bariyahi & Spur to Mahishi,NHAI,619166,-,Bihar,10/2022,12/2023,12/2025,04/2026,768.35,968.42,383.1,99.2,102,2026-03-31,https://ipm.mospi.gov.in/Content/PDF/FlashReport_March_2026.pdf,1,26.0389,1,4,41,38,-3,49.8601,2026-03,2026-03-01,"Retrospective March 2026 snapshot; use revised cost/date only as outcome labels, not predictive features."
967,4L of Munger Mirzachauki section from Munger to Kharia village junction from Km 69520 to Km 95580 Pkg-1,NHAI,619289,-,Bihar,01/2021,03/2022,03/2024,06/2026,1659.81,1696.66,445.37,75.45,102,2026-03-31,https://ipm.mospi.gov.in/Content/PDF/FlashReport_March_2026.pdf,1,2.2201,1,27,62,38,-24,26.8326,2026-03,2026-03-01,"Retrospective March 2026 snapshot; use revised cost/date only as outcome labels, not predictive features."
968,Construction of Approach Road to Rail-cum- Road Bridge across river Ganga at Munger Ghat NH-333 B,NHAI,619301,-,Bihar,NA,12/2018,05/2021,04/2026,537.88,633.91,197.77,99.99,102,2026-03-31,https://ipm.mospi.gov.in/Content/PDF/FlashReport_March_2026.pdf,1,17.8534,1,59,,,-58,36.7684,2026-03,2026-03-01,"Retrospective March 2026 snapshot; use revised cost/date only as outcome labels, not predictive features."
969,4L of Munger Mirzachauki section from start of existing Bhagalpur bypass to Rasulpur from Km 125000 to Km 157350 Pkg-3,NHAI,619305,-,Bihar,01/2021,04/2022,04/2024,06/2026,1769.5,2024.59,504.17,72.1,102,2026-03-31,https://ipm.mospi.gov.in/Content/PDF/FlashReport_March_2026.pdf,1,14.4159,1,26,62,39,-23,28.4922,2026-03,2026-03-01,"Retrospective March 2026 snapshot; use revised cost/date only as outcome labels, not predictive features."
970,4L of Munger Mirzachauki section from Km 95580 to Km 125000 Pkg-2,NHAI,619306,-,Bihar,02/2021,03/2022,03/2024,04/2026,1020.84,1235.65,452.21,93.13,102,2026-03-31,https://ipm.mospi.gov.in/Content/PDF/FlashReport_March_2026.pdf,1,21.0425,1,25,61,37,-24,44.2978,2026-03,2026-03-01,"Retrospective March 2026 snapshot; use revised cost/date only as outcome labels, not predictive features."
971,Bemetara Bypass NH 30,MoRTH,617908,-,Chhattisgarh,01/2024,04/2025,04/2027,04/2027,161.96,161.96,0.0,32.0,102,2026-03-31,https://ipm.mospi.gov.in/Content/PDF/FlashReport_March_2026.pdf,0,0.0000,0,0,26,39,13,0.0000,2026-03,2026-03-01,"Retrospective March 2026 snapshot; use revised cost/date only as outcome labels, not predictive features."
972,286.400 kumhari km. 299.000 Transport Nagar km. 302.000 Power House km. 304.000 Chandra Moura Chowk to km. 305.000 supeia of NH-53 old NH-06 Raipur - Durg 4 Lane on EPC mode in the state of chhattisgarh job NO. NH-53old NH-06 CG- 2017-18-56,MoRTH,617919,N24001227,Chhattisgarh,03/2018,01/2019,01/2021,08/2025,349.03,349.03,0.0,97.9,102,2026-03-31,https://ipm.mospi.gov.in/Content/PDF/FlashReport_March_2026.pdf,0,0.0000,1,55,96,34,-62,0.0000,2026-03,2026-03-01,"Retrospective March 2026 snapshot; use revised cost/date only as outcome labels, not predictive features."
973,Up-gradation to Two/Four lane with paved shoulder Configuration of Kondagaon- Narayanpur from design ch. 0.00 - 48.693 Design Length 47.493 Km. 1.20 Km. retained on NH-130D under EPC mode in the State Chhattisgarh.,MoRTH,617971,-,Chhattisgarh,12/2022,03/2025,03/2027,03/2027,322.4,322.4,1.1,48.0,102,2026-03-31,https://ipm.mospi.gov.in/Content/PDF/FlashReport_March_2026.pdf,0,0.0000,0,0,39,51,12,0.3412,2026-03,2026-03-01,"Retrospective March 2026 snapshot; use revised cost/date only as outcome labels, not predictive features."
974,Upgradation to Two lane with Paved Shoulder Configuration of Narayanpur Kasturmeta pkg-II from design ch. 48.693 to 70.453 design length21.760 Km. on NH-130D under EPC mode in the state of Chhattisgarh.,MoRTH,617972,-,Chhattisgarh,12/2022,12/2024,06/2026,,200.67,200.67,14.99,0.0,102,2026-03-31,https://ipm.mospi.gov.in/Content/PDF/FlashReport_March_2026.pdf,0,0.0000,,,39,42,3,7.4700,2026-03,2026-03-01,"Retrospective March 2026 snapshot; use revised cost/date only as outcome labels, not predictive features."
975,Strengthening and widening of existing 2 lane road to two lane paved shoulder from km 7.750 to 26.542 & km. 32.093 to 45.786 of NH-130 on EPC mode in the state of chhattisgarh.job No. 130-CG-2017-18-348,MoRTH,617973,N24001228,Chhattisgarh,11/2017,05/2019,11/2020,02/2026,188.8,188.8,102.56,97.0,102,2026-03-31,https://ipm.mospi.gov.in/Content/PDF/FlashReport_March_2026.pdf,0,0.0000,1,63,100,36,-64,54.3220,2026-03,2026-03-01,"Retrospective March 2026 snapshot; use revised cost/date only as outcome labels, not predictive features."
976,"Upgradation of Ambikapur-Ramanujganj-Garwa road of NH-343, Package-III, Badki mahri village to Ramanujganj section from existing km 80.600 to km 110.330 Design Ch. 85.370 to Ch. 114.800 of total length 29.430 km to two lane with paved shoulders udner corridor scheme under EPC Mode in the of Chhattisgarh",MoRTH,618014,-,Chhattisgarh,03/2022,05/2025,10/2026,10/2026,199.05,199.05,15.65,28.87,102,2026-03-31,https://ipm.mospi.gov.in/Content/PDF/FlashReport_March_2026.pdf,0,0.0000,0,0,48,55,7,7.8623,2026-03,2026-03-01,"Retrospective March 2026 snapshot; use revised cost/date only as outcome labels, not predictive features."
977,"Upgradation of Keonchi - Ratanpur Road of NH 45 Package-I, from design chainage km 237.860 to km 273.200 of length 35.340 km to two lane with paved shoulders under Corridor scheme on EPC mode in the state of Chhattisgarh.",MoRTH,618015,-,Chhattisgarh,03/2022,07/2024,01/2026,12/2026,225.41,228.93,62.63,45.0,102,2026-03-31,https://ipm.mospi.gov.in/Content/PDF/FlashReport_March_2026.pdf,1,1.5616,1,11,48,46,-2,27.7849,2026-03,2026-03-01,"Retrospective March 2026 snapshot; use revised cost/date only as outcome labels, not predictive features."
978,"Upgradation of Ambikapur Ramanujganj - Garhwa Road NH 343 of Package-I, Rajpuri Khurd Village to Padih Village section from existing km 7.830 to km 57.650 Design Ch. 13.700 to Ch. 62.700 of total length 49.00 km to two lane with paved shoulders under EPC mode in the state of Chhattisgarh",MoRTH,618016,-,Chhattisgarh,03/2022,05/2025,05/2027,05/2027,397.44,397.44,18.97,10.22,102,2026-03-31,https://ipm.mospi.gov.in/Content/PDF/FlashReport_March_2026.pdf,0,0.0000,0,0,48,62,14,4.7730,2026-03,2026-03-01,"Retrospective March 2026 snapshot; use revised cost/date only as outcome labels, not predictive features."
979,"Upgradation of Keonchi - Ratanpur Road of NH 45 Package-II, from design chainage km 278.75 to km 321.348 of length 42.598 km to two lane with paved shoulders under Corridor scheme on EPC mode in the state of Chhattisgarh.",MoRTH,618017,-,Chhattisgarh,03/2022,07/2024,01/2026,12/2026,286.0,286.0,73.61,50.0,102,2026-03-31,https://ipm.mospi.gov.in/Content/PDF/FlashReport_March_2026.pdf,0,0.0000,1,11,48,46,-2,25.7378,2026-03,2026-03-01,"Retrospective March 2026 snapshot; use revised cost/date only as outcome labels, not predictive features."
980,Package IIIA Takhatpur By-pass from existing Ch. 26.542 to 32.093 [Design Ch. 18.700 to 25.900] & Mungeli By-pass from existing Ch. 45.786 to 56.275 [Design Ch. 29.600 to 51.600] and Package IIIB Pandariya By-Pass from existing Ch. 82.582 to 87.133 [Design Ch. 77.900 to 81.1000 & Pondi By-pass from existing Ch. 103.166 to 104.756 [Design Ch. 97.000 to 103.395] to two lane with paved shoulder configuration in the,MoRTH,618018,,Chhattisgarh,03/2022,01/2024,07/2025,12/2026,351.19,351.19,11.48,10.0,102,2026-03-31,https://ipm.mospi.gov.in/Content/PDF/FlashReport_March_2026.pdf,0,0.0000,1,17,48,40,-8,3.2689,2026-03,2026-03-01,"Retrospective March 2026 snapshot; use revised cost/date only as outcome labels, not predictive features."
981,,-,,,,03/2020,,05/2024,,278.97,,,,102,2026-03-31,https://ipm.mospi.gov.in/Content/PDF/FlashReport_March_2026.pdf,,,,,72,50,-22,,2026-03,2026-03-01,"Retrospective March 2026 snapshot; use revised cost/date only as outcome labels, not predictive features."
982,lane with paved shoulders in the State of Chhattisgarh on EPC mode.,MoRTH,618078,N24001919,Chhattisgarh,12/2020,03/2022,09/2023,02/2026,193.16,193.16,97.78,85.0,103,2026-03-31,https://ipm.mospi.gov.in/Content/PDF/FlashReport_March_2026.pdf,0,0.0000,1,29,63,33,-30,50.6212,2026-03,2026-03-01,"Retrospective March 2026 snapshot; use revised cost/date only as outcome labels, not predictive features."
983,Durg-Raipur Bypass Section Package - 1 from km. 0.00 to km. 44.50 near Tendesara to near Khatti Village,National Highways Authority of India [NHAI],618589,N24002045,Chhattisgarh,06/2022,07/2023,07/2025,12/2026,1828.0,1656.73,626.17,68.93,103,2026-03-31,https://ipm.mospi.gov.in/Content/PDF/FlashReport_March_2026.pdf,0,-9.3693,1,17,45,37,-8,34.2544,2026-03,2026-03-01,"Retrospective March 2026 snapshot; use revised cost/date only as outcome labels, not predictive features."
984,Durg-Raipur-Arang Package - 2 from km. 44.50 to km. 92.23 near Khatti Village to near Aurang,National Highways Authority of India [NHAI],618590,N24002046,Chhattisgarh,06/2022,06/2023,05/2025,12/2026,1958.9,1561.97,536.21,66.21,103,2026-03-31,https://ipm.mospi.gov.in/Content/PDF/FlashReport_March_2026.pdf,0,-20.2629,1,19,45,35,-10,27.3730,2026-03,2026-03-01,"Retrospective March 2026 snapshot; use revised cost/date only as outcome labels, not predictive features."
985,4L of Bilaspur to Urga km 0.00 to 70.2 of NH-130A,National Highways Authority of India [NHAI],618639,N24001611,Chhattisgarh,04/2020,03/2022,03/2024,07/2026,1855.59,2523.86,1258.98,94.81,103,2026-03-31,https://ipm.mospi.gov.in/Content/PDF/FlashReport_March_2026.pdf,1,36.0139,1,28,71,47,-24,67.8480,2026-03,2026-03-01,"Retrospective March 2026 snapshot; use revised cost/date only as outcome labels, not predictive features."
986,4L of Urga - Pathalgaon from Km. 70.200 to km. 157.745 of NH-130A,National Highways Authority of India [NHAI],618640,-,Chhattisgarh,03/2022,02/2024,08/2026,08/2026,2261.3,2860.36,830.23,70.22,103,2026-03-31,https://ipm.mospi.gov.in/Content/PDF/FlashReport_March_2026.pdf,1,26.4918,0,0,48,53,5,36.7147,2026-03,2026-03-01,"Retrospective March 2026 snapshot; use revised cost/date only as outcome labels, not predictive features."
987,Development of 6L of Jhanki Sargi Section Road from km 0.000 to km 42.800 of NH- 130CD Pkg-CG-1,National Highways Authority of India [NHAI],618673,N24001593,Chhattisgarh,11/2021,09/2022,09/2024,12/2026,1368.19,1129.14,621.25,98.39,103,2026-03-31,https://ipm.mospi.gov.in/Content/PDF/FlashReport_March_2026.pdf,0,-17.4720,1,27,52,34,-18,45.4067,2026-03,2026-03-01,"Retrospective March 2026 snapshot; use revised cost/date only as outcome labels, not predictive features."
988,Development of 6L Sargi Basanwahi Section from km 42.800 to km 99.500 of NH- 130CD Pkg-CG-2,National Highways Authority of India [NHAI],618674,N24001588,Chhattisgarh,12/2021,01/2023,01/2025,04/2026,1470.73,1461.81,694.45,94.2,103,2026-03-31,https://ipm.mospi.gov.in/Content/PDF/FlashReport_March_2026.pdf,0,-0.6065,1,15,51,37,-14,47.2180,2026-03,2026-03-01,"Retrospective March 2026 snapshot; use revised cost/date only as outcome labels, not predictive features."
989,Development of 6L of Basanwahi Marangpuri Section from km 99.500 to km 124.661 of NH-130-CD,National Highways Authority of India [NHAI],618675,N24002017,Chhattisgarh,03/2022,10/2023,10/2025,12/2026,1307.16,1303.63,446.43,61.76,103,2026-03-31,https://ipm.mospi.gov.in/Content/PDF/FlashReport_March_2026.pdf,0,-0.2701,1,14,48,43,-5,34.1527,2026-03,2026-03-01,"Retrospective March 2026 snapshot; use revised cost/date only as outcome labels, not predictive features."
990,Conversion of Partially Excavated Escape Tunnel to Uni-Directional 2L Tunnelincluding construction of cross passages and approach roads on either side of the tunnel from Km 12.732 to Km 14.568 of Kiratpur to Nerchowk Section of NH-21,National Highways Authority of India [NHAI],618849,N24001809,Chhattisgarh,05/2022,09/2022,03/2024,04/2026,444.21,412.88,394.6,100.0,103,2026-03-31,https://ipm.mospi.gov.in/Content/PDF/FlashReport_March_2026.pdf,0,-7.0530,1,25,46,22,-24,88.8319,2026-03,2026-03-01,"Retrospective March 2026 snapshot; use revised cost/date only as outcome labels, not predictive features."
991,4 laning of Champa - Korba from km 0.00 to km 38.2,National Highways Authority of India [NHAI],618957,-,Chhattisgarh,02/2021,01/2022,01/2024,04/2026,1002.33,1304.47,718.32,98.75,103,2026-03-31,https://ipm.mospi.gov.in/Content/PDF/FlashReport_March_2026.pdf,1,30.1438,1,27,61,35,-26,71.6650,2026-03,2026-03-01,"Retrospective March 2026 snapshot; use revised cost/date only as outcome labels, not predictive features."
992,4/6 Laning of Raipur-Simga Pkg-I from km. 0.00 to km. 48.58,National Highways Authority of India [NHAI],619103,-,Chhattisgarh,10/2015,04/2016,04/2018,04/2026,1096.52,1172.36,106.47,100.0,103,2026-03-31,https://ipm.mospi.gov.in/Content/PDF/FlashReport_March_2026.pdf,1,6.9164,1,96,125,30,-95,9.7098,2026-03,2026-03-01,"Retrospective March 2026 snapshot; use revised cost/date only as outcome labels, not predictive features."
993,4 Laning with PS of Pathrapalli-Katghora km 53.3 to km 92.6 Pkg-II of Bilaspur Kathghora,National Highways Authority of India [NHAI],619167,-,Chhattisgarh,12/2019,12/2020,12/2022,06/2026,865.1,1275.26,592.3,93.1,103,2026-03-31,https://ipm.mospi.gov.in/Content/PDF/FlashReport_March_2026.pdf,1,47.4119,1,42,75,36,-39,68.4661,2026-03,2026-03-01,"Retrospective March 2026 snapshot; use revised cost/date only as outcome labels, not predictive features."
994,Widening of Existing Road from Intermediate Lane 2-lane to 4-lane Between Km 19.994 to Km 35.180 of NH-848A Rakholi-Khadoli-Velugam Section in U.T. of Dadra and Nagar Haveli and Daman and Diu Haveli,MoRTH,619183,-,Dadra & Nagar and Daman & Diu,10/2022,02/2024,02/2026,,198.06,239.57,73.03,52.0,103,2026-03-31,https://ipm.mospi.gov.in/Content/PDF/FlashReport_March_2026.pdf,1,20.9583,,,41,40,-1,36.8727,2026-03,2026-03-01,"Retrospective March 2026 snapshot; use revised cost/date only as outcome labels, not predictive features."
995,Development of 6L UER II [Package - I] NH-1 Near Bakoli till Karala Kanjhawala Road from km. 0.70 to km.15.00,National Highways Authority of India [NHAI],618509,N24001777,Delhi,07/2020,10/2021,10/2023,04/2026,2089.94,2203.45,1797.78,99.99,103,2026-03-31,https://ipm.mospi.gov.in/Content/PDF/FlashReport_March_2026.pdf,1,5.4313,1,30,68,39,-29,86.0207,2026-03,2026-03-01,"Retrospective March 2026 snapshot; use revised cost/date only as outcome labels, not predictive features."
996,6L Access Controlled Highway from DND Maharani Bagh - Jn. with Jaitpur - Pushta Road of NH-148NA from km. 0.00 to km. 9.00 in NCR,National Highways Authority of India [NHAI],618578,N24001773,Delhi,07/2020,01/2022,07/2024,04/2026,1467.44,2510.34,1373.75,98.25,103,2026-03-31,https://ipm.mospi.gov.in/Content/PDF/FlashReport_March_2026.pdf,1,71.0693,1,21,68,48,-20,93.6154,2026-03,2026-03-01,"Retrospective March 2026 snapshot; use revised cost/date only as outcome labels, not predictive features."
997,8L of Dwarka Expressway Pkg-II RuB near Dwarka Sector 21-DL/HR Border from 5.300 Km.to 9.500 Km. of NH-248BB,National Highways Authority of India [NHAI],619090,N24001781,Delhi,01/2018,10/2019,10/2021,04/2026,2067.67,2670.22,1886.88,100.0,103,2026-03-31,https://ipm.mospi.gov.in/Content/PDF/FlashReport_March_2026.pdf,1,29.1415,1,54,98,45,-53,91.2563,2026-03,2026-03-01,"Retrospective March 2026 snapshot; use revised cost/date only as outcome labels, not predictive features."
998,Dwarka Expressway from Km -0.600 to Km 5.300 - Pkg-I Shivmurti Chowk-RuB near Dwarka Sector 21,National Highways Authority of India [NHAI],619202,-,Delhi,03/2018,09/2020,09/2022,04/2026,2144.67,3929.5,2990.33,98.8,103,2026-03-31,https://ipm.mospi.gov.in/Content/PDF/FlashReport_March_2026.pdf,1,83.2217,1,43,96,54,-42,139.4308,2026-03,2026-03-01,"Retrospective March 2026 snapshot; use revised cost/date only as outcome labels, not predictive features."
999,4-Laning from End of Zuari approaches to Start of Margao Bypass section of NH-66 from Km 536.800 to Km 543.450,MoRTH,617941,-,Goa,07/2024,02/2026,02/2028,,398.25,398.25,0.0,0.0,103,2026-03-31,https://ipm.mospi.gov.in/Content/PDF/FlashReport_March_2026.pdf,0,0.0000,,,20,43,23,0.0000,2026-03,2026-03-01,"Retrospective March 2026 snapshot; use revised cost/date only as outcome labels, not predictive features."
1000,Construction of Six lane Elevated Corridor from Km. 508.000 to Km. 513.150 including approaches on NH-66,MoRTH,617942,N24002181,Goa,04/2023,04/2024,04/2026,10/2026,641.46,641.46,0.0,79.3,103,2026-03-31,https://ipm.mospi.gov.in/Content/PDF/FlashReport_March_2026.pdf,0,0.0000,1,6,35,36,1,0.0000,2026-03,2026-03-01,"Retrospective March 2026 snapshot; use revised cost/date only as outcome labels, not predictive features."
1001,566 from Km. 7.106 to Km. 10.460 and 4L VUP at Queeny Nagar Junction from Km. 3.330 to Km. 4.550,National Highways Authority of India [NHAI],618609,-,Goa,01/2024,08/2024,07/2026,07/2026,463.08,316.28,79.19,38.49,104,2026-03-31,https://ipm.mospi.gov.in/Content/PDF/FlashReport_March_2026.pdf,0,-31.7008,0,0,26,30,4,17.1007,2026-03,2026-03-01,"Retrospective March 2026 snapshot; use revised cost/date only as outcome labels, not predictive features."
1002,Up-gradation of Dhoraji-Jamkandorna-Kalavad Section of NH-927D from Design Chainage km 0/00 to km 58/115 to Two lane with PS configuration in the State of Gujarat on EPC,MoRTH,617906,N24002118,Gujarat,10/2022,01/2025,01/2027,01/2027,246.6,291.19,0.0,35.0,104,2026-03-31,https://ipm.mospi.gov.in/Content/PDF/FlashReport_March_2026.pdf,1,18.0819,0,0,41,51,10,0.0000,2026-03,2026-03-01,"Retrospective March 2026 snapshot; use revised cost/date only as outcome labels, not predictive features."
1003,Work of 6 laning/Construction of elevated corridor from km 0/0 to 10/170 Narol Junction to Sarkhej junction including 4 lane Shastri Bridge on Sabarmati river on NH 47 in the State of Gujarat on HAM mode,MoRTH,617916,-,Gujarat,03/2024,08/2025,02/2028,02/2028,1295.39,1295.39,0.0,22.0,104,2026-03-31,https://ipm.mospi.gov.in/Content/PDF/FlashReport_March_2026.pdf,0,0.0000,0,0,24,47,23,0.0000,2026-03,2026-03-01,"Retrospective March 2026 snapshot; use revised cost/date only as outcome labels, not predictive features."
1004,Construction of new 4 lane major bridge with approaches on Sabarmati River near Dharoi at Km. 82/00 to 86/00 Design length 3.300 km on NH-58 in the State of Gujarat on Hybrid Annuity Mode HAM,MoRTH,617926,-,Gujarat,03/2024,08/2025,08/2027,08/2027,398.4,398.4,0.0,28.0,104,2026-03-31,https://ipm.mospi.gov.in/Content/PDF/FlashReport_March_2026.pdf,0,0.0000,0,0,24,41,17,0.0000,2026-03,2026-03-01,"Retrospective March 2026 snapshot; use revised cost/date only as outcome labels, not predictive features."
1005,Widening to 2LPS between Km 0/0 to 56/0 Khokhara Gujarat Border Vijayanagar Antrasuba Mathasur road of NH 58 in the State of Gujarat,MoRTH,617927,-,Gujarat,03/2024,09/2025,09/2027,09/2027,699.19,699.19,0.0,22.0,104,2026-03-31,https://ipm.mospi.gov.in/Content/PDF/FlashReport_March_2026.pdf,0,0.0000,0,0,24,42,18,0.0000,2026-03,2026-03-01,"Retrospective March 2026 snapshot; use revised cost/date only as outcome labels, not predictive features."
1006,"Widening 2 lane to 4-lane from KM 92/320 to Km 115/320 Vav Chokdi-Satlasana to to Vrundavan Chokdi, Kheralu on NH-58 in the State of Gujarat.",MoRTH,617928,N24002183,Gujarat,03/2022,03/2024,03/2026,04/2026,151.13,171.27,0.0,97.0,104,2026-03-31,https://ipm.mospi.gov.in/Content/PDF/FlashReport_March_2026.pdf,1,13.3263,1,1,48,48,0,0.0000,2026-03,2026-03-01,"Retrospective March 2026 snapshot; use revised cost/date only as outcome labels, not predictive features."
1007,Work of development and construction of elevated corridorfrom km 38/660 to km 42/690 Iscon junction to start point of approach of sanand flyover of NH-147 in the sate of Gujarat,MoRTH,617976,N24002182,Gujarat,03/2023,06/2024,06/2026,06/2026,530.2,530.2,58.29,77.0,104,2026-03-31,https://ipm.mospi.gov.in/Content/PDF/FlashReport_March_2026.pdf,0,0.0000,0,0,36,39,3,10.9940,2026-03,2026-03-01,"Retrospective March 2026 snapshot; use revised cost/date only as outcome labels, not predictive features."
1008,Development of Chiloda - Gandhinagar- Sarkhej ofNH-147 Package -II,MoRTH,617977,-,Gujarat,04/2018,11/2018,11/2020,07/2022,211.28,234.44,0.0,99.55,104,2026-03-31,https://ipm.mospi.gov.in/Content/PDF/FlashReport_March_2026.pdf,1,10.9618,1,20,95,31,-64,0.0000,2026-03,2026-03-01,"Retrospective March 2026 snapshot; use revised cost/date only as outcome labels, not predictive features."
1009,Upgradation to two lane with paved Shulder Configuaration from Km. 0/00 to 47/000 of NH 351 Mahuva to Badhada section in the State of Gujarat,MoRTH,618022,N24002118,Gujarat,12/2022,02/2024,08/2025,05/2026,173.06,219.08,22.53,62.0,104,2026-03-31,https://ipm.mospi.gov.in/Content/PDF/FlashReport_March_2026.pdf,1,26.5919,1,9,39,32,-7,13.0186,2026-03,2026-03-01,"Retrospective March 2026 snapshot; use revised cost/date only as outcome labels, not predictive features."
1010,Upgradation of Mehsana-Visnagar-vadnagar-Kheralu-Idar section from km 0/00 to 81/300 of NH 168G Mehsana to Idar in the State of GujaratTotal Length 81.300 Km on Hybrid Annuity Mode HAM,MoRTH,618107,-,Gujarat,02/2024,12/2025,06/2028,06/2028,1155.21,1155.21,1.52,5.0,104,2026-03-31,https://ipm.mospi.gov.in/Content/PDF/FlashReport_March_2026.pdf,0,0.0000,0,0,25,52,27,0.1316,2026-03,2026-03-01,"Retrospective March 2026 snapshot; use revised cost/date only as outcome labels, not predictive features."
1011,Up-gradation and strengthening to 2lanePS from Km 95/500 to km 129/775 of Nh 168G Idar-Bhiloda-Samlaji in the state of Gujarat Length 34.275 km,MoRTH,618108,N24002014,Gujarat,09/2022,12/2023,12/2025,05/2026,237.28,237.28,0.0,60.0,104,2026-03-31,https://ipm.mospi.gov.in/Content/PDF/FlashReport_March_2026.pdf,0,0.0000,1,5,42,39,-3,0.0000,2026-03,2026-03-01,"Retrospective March 2026 snapshot; use revised cost/date only as outcome labels, not predictive features."
1012,Delhi-Vadodara Greenfield Alignment NH-148N Pkg-26 Ch.696890 to Ch.726390,National Highways Authority of India [NHAI],618459,N24001515,Gujarat,09/2020,12/2022,08/2024,04/2026,1555.2,1556.4,989.48,77.0,104,2026-03-31,https://ipm.mospi.gov.in/Content/PDF/FlashReport_March_2026.pdf,1,0.0772,1,20,66,47,-19,63.6240,2026-03,2026-03-01,"Retrospective March 2026 snapshot; use revised cost/date only as outcome labels, not predictive features."
1013,Delhi-Vadodara Greenfield Alignment NH-148N Pkg-28 Ch.756052 to Ch.781282,National Highways Authority of India [NHAI],618460,N24001519,Gujarat,09/2020,11/2021,11/2023,04/2026,1263.38,1266.98,864.33,100.0,104,2026-03-31,https://ipm.mospi.gov.in/Content/PDF/FlashReport_March_2026.pdf,1,0.2849,1,29,66,38,-28,68.4141,2026-03,2026-03-01,"Retrospective March 2026 snapshot; use revised cost/date only as outcome labels, not predictive features."
1014,Delhi-Vadodara Greenfield Alignment NH-148N Pkg-31 Ch.824920 to Ch.844382 [Junction near Pratap nagar Village - Junction near Dodka Village],National Highways Authority of India [NHAI],618462,N24001520,Gujarat,11/2019,05/2021,05/2023,04/2026,1644.85,1651.14,961.69,100.0,104,2026-03-31,https://ipm.mospi.gov.in/Content/PDF/FlashReport_March_2026.pdf,1,0.3824,1,35,76,42,-34,58.4667,2026-03,2026-03-01,"Retrospective March 2026 snapshot; use revised cost/date only as outcome labels, not predictive features."
1015,Vadodara Mumbai Expressway Kim to Ankleshwar Phase IA - Pkg V,National Highways Authority of India [NHAI],618463,N24000834,Gujarat,02/2018,11/2019,10/2021,06/2026,1324.84,2807.48,1246.47,91.34,104,2026-03-31,https://ipm.mospi.gov.in/Content/PDF/FlashReport_March_2026.pdf,1,111.9109,1,56,97,44,-53,94.0846,2026-03,2026-03-01,"Retrospective March 2026 snapshot; use revised cost/date only as outcome labels, not predictive features."
1016,Vadodara Mumbai Expressway Ena -Kim Phase IB - Pkg VI [Km 217.500 to Km 254.430],National Highways Authority of India [NHAI],618464,-,Gujarat,05/2020,12/2021,12/2023,04/2026,2271.86,4297.28,2574.28,98.9,104,2026-03-31,https://ipm.mospi.gov.in/Content/PDF/FlashReport_March_2026.pdf,1,89.1525,1,28,70,43,-27,113.3116,2026-03,2026-03-01,"Retrospective March 2026 snapshot; use revised cost/date only as outcome labels, not predictive features."
1017,Vadodara Mumbai Expressway Gandeva to Ena Phase IB - Pkg VII [Km 190.00 to Km 217.500],National Highways Authority of India [NHAI],618465,N24001789,Gujarat,07/2020,11/2021,11/2023,04/2026,1710.3,3392.21,2152.43,97.05,104,2026-03-31,https://ipm.mospi.gov.in/Content/PDF/FlashReport_March_2026.pdf,1,98.3401,1,29,68,40,-28,125.8510,2026-03,2026-03-01,"Retrospective March 2026 snapshot; use revised cost/date only as outcome labels, not predictive features."
1018,Vadodara Mumbai Expressway Jujuwa - Gandeva from Km. 154.600 to Km. 190.000 Phase-I Package-VIII,National Highways Authority of India [NHAI],618466,-,Gujarat,07/2023,08/2024,03/2026,11/2026,3834.24,3820.2,197.13,4.85,104,2026-03-31,https://ipm.mospi.gov.in/Content/PDF/FlashReport_March_2026.pdf,0,-0.3662,1,8,32,32,0,5.1413,2026-03,2026-03-01,"Retrospective March 2026 snapshot; use revised cost/date only as outcome labels, not predictive features."
1019,Vadodara Mumbai Expressway Karvad - Jujuwa from Km. 128.000 to Km. 154.600 Phase-I Package-IX,National Highways Authority of India [NHAI],,,Gujarat,07/2023,,10/2025,,2594.17,,211.72,21.75,104,2026-03-31,https://ipm.mospi.gov.in/Content/PDF/FlashReport_March_2026.pdf,,,,,32,27,-5,8.1614,2026-03,2026-03-01,"Retrospective March 2026 snapshot; use revised cost/date only as outcome labels, not predictive features."
1020,Sindhrej Village],National Highways Authority of India [NHAI],618501,N24001443,Gujarat,05/2020,01/2022,01/2024,04/2026,1298.0,1421.05,1007.59,100.0,105,2026-03-31,https://ipm.mospi.gov.in/Content/PDF/FlashReport_March_2026.pdf,1,9.4800,1,27,70,44,-26,77.6263,2026-03,2026-03-01,"Retrospective March 2026 snapshot; use revised cost/date only as outcome labels, not predictive features."
1021,Ahmedabad - Dholera Pkg II from km. 22.00 to km. 48.52 [Sindhrej Village - Vejallka Village],National Highways Authority of India [NHAI],618502,N24001444,Gujarat,05/2020,01/2022,01/2024,04/2026,1415.34,1729.69,1345.38,99.47,105,2026-03-31,https://ipm.mospi.gov.in/Content/PDF/FlashReport_March_2026.pdf,1,22.2102,1,27,70,44,-26,95.0570,2026-03,2026-03-01,"Retrospective March 2026 snapshot; use revised cost/date only as outcome labels, not predictive features."
1022,Ahmedabad - Dholera Pkg III from km. 48.52 to km. 71.06 [Vejallka Village - Start of DSIR zone],National Highways Authority of India [NHAI],618503,N24001445,Gujarat,05/2020,07/2021,07/2023,04/2026,1034.04,1155.41,947.67,100.0,105,2026-03-31,https://ipm.mospi.gov.in/Content/PDF/FlashReport_March_2026.pdf,1,11.7375,1,33,70,38,-32,91.6473,2026-03,2026-03-01,"Retrospective March 2026 snapshot; use revised cost/date only as outcome labels, not predictive features."
1023,Ahmedabad - Dholera Pkg IV from km. 71.06 to km. 109.019 [Start of DSIR zone - Adhelai Village],National Highways Authority of India [NHAI],618504,N24001446,Gujarat,05/2020,12/2021,12/2023,04/2026,1181.76,1358.73,1203.89,97.83,105,2026-03-31,https://ipm.mospi.gov.in/Content/PDF/FlashReport_March_2026.pdf,1,14.9751,1,28,70,43,-27,101.8726,2026-03,2026-03-01,"Retrospective March 2026 snapshot; use revised cost/date only as outcome labels, not predictive features."
1024,"Balance work of Six Laning of Shamlaji-Motachiloda from Km. 401.200 to Km.494.410 section Design Chainage Km.447.385 to Km 540.595, Length- 93.210 Km of old NH-8 NH-48 in the state of Gujarat on single Percentage Item Rate Contract",National Highways Authority of India [NHAI],618507,-,Gujarat,06/2024,08/2024,06/2025,04/2026,466.8,501.48,432.48,84.15,105,2026-03-31,https://ipm.mospi.gov.in/Content/PDF/FlashReport_March_2026.pdf,1,7.4293,1,10,21,12,-9,92.6478,2026-03,2026-03-01,"Retrospective March 2026 snapshot; use revised cost/date only as outcome labels, not predictive features."
1025,Construction of Additional Structures including Approaches in Vadodara Surat Section of NH48 between existing Km. 108.000 to Km. 250.000,National Highways Authority of India [NHAI],618508,-,Gujarat,03/2024,01/2025,01/2027,01/2027,907.39,907.39,240.75,45.97,105,2026-03-31,https://ipm.mospi.gov.in/Content/PDF/FlashReport_March_2026.pdf,0,0.0000,0,0,24,34,10,26.5321,2026-03,2026-03-01,"Retrospective March 2026 snapshot; use revised cost/date only as outcome labels, not predictive features."
1026,6L with PS of Samakhiyali to Santalpur section from km. 339.700 to Km. 430.100 of NH-27,National Highways Authority of India [NHAI],618564,-,Gujarat,01/2023,12/2023,12/2025,01/2027,1553.76,34.34,27.83,50.85,105,2026-03-31,https://ipm.mospi.gov.in/Content/PDF/FlashReport_March_2026.pdf,0,-97.7899,1,13,38,35,-3,1.7911,2026-03,2026-03-01,"Retrospective March 2026 snapshot; use revised cost/date only as outcome labels, not predictive features."
1027,Sanchore - Santalpur from km 67.000 - km 99.000 of NH-754K AJ-RGBS-Package-3,National Highways Authority of India [NHAI],618614,N24001790,Gujarat,02/2020,08/2021,08/2023,04/2026,752.3,765.25,566.97,99.0,105,2026-03-31,https://ipm.mospi.gov.in/Content/PDF/FlashReport_March_2026.pdf,1,1.7214,1,32,73,42,-31,75.3649,2026-03,2026-03-01,"Retrospective March 2026 snapshot; use revised cost/date only as outcome labels, not predictive features."
1028,Sanchore - Santalpur from km 99.000 - km 130.073 of NH-754K AJ-RGBS-Package-4,National Highways Authority of India [NHAI],618615,N24001794,Gujarat,02/2020,03/2021,03/2023,04/2026,778.15,835.55,663.37,99.7,105,2026-03-31,https://ipm.mospi.gov.in/Content/PDF/FlashReport_March_2026.pdf,1,7.3765,1,37,73,37,-36,85.2496,2026-03,2026-03-01,"Retrospective March 2026 snapshot; use revised cost/date only as outcome labels, not predictive features."
1029,4L of Dhrol bypass section of NH-151A Approx. length 5.7 Km & widening upto 4 laning of missing link of Amran section of NH-151A Approx. length 6.55 Km from existing Ch. 42000 to 48500 of ongoing Dhrol-Bhadra-Pipaliya section of NH-151A,National Highways Authority of India [NHAI],618616,-,Gujarat,03/2024,02/2025,02/2027,02/2027,625.58,455.54,76.16,21.9,105,2026-03-31,https://ipm.mospi.gov.in/Content/PDF/FlashReport_March_2026.pdf,0,-27.1812,0,0,24,35,11,12.1743,2026-03,2026-03-01,"Retrospective March 2026 snapshot; use revised cost/date only as outcome labels, not predictive features."
1030,Pipli Bhavnagar-Package 1 from km 136.025 to km 169.328,National Highways Authority of India [NHAI],618699,-,Gujarat,03/2018,02/2019,09/2021,,819.14,1297.38,188.7,100.0,105,2026-03-31,https://ipm.mospi.gov.in/Content/PDF/FlashReport_March_2026.pdf,1,58.3832,,,96,42,-54,23.0364,2026-03,2026-03-01,"Retrospective March 2026 snapshot; use revised cost/date only as outcome labels, not predictive features."
1031,"Upgradation to 4L PS from Bhimasar, Junction of NH-41 to Anjar- Bhuj upto Airport Junction from Km 0.000 to Km 65.478 of NH-341",National Highways Authority of India [NHAI],618787,N24001785,Gujarat,03/2022,01/2023,06/2025,09/2026,1373.06,1687.25,751.61,96.0,105,2026-03-31,https://ipm.mospi.gov.in/Content/PDF/FlashReport_March_2026.pdf,1,22.8825,1,15,48,39,-9,54.7398,2026-03,2026-03-01,"Retrospective March 2026 snapshot; use revised cost/date only as outcome labels, not predictive features."
1032,Kodinar - Veraval Package VI from km. 221.610 to km. 263.00 of NH-8E & km. 120.900 to km. 121.150 of NH-8D,National Highways Authority of India [NHAI],618833,N24000592,Gujarat,02/2016,02/2018,07/2020,04/2026,894.01,1127.42,453.77,98.79,105,2026-03-31,https://ipm.mospi.gov.in/Content/PDF/FlashReport_March_2026.pdf,1,26.1082,1,69,121,53,-68,50.7567,2026-03,2026-03-01,"Retrospective March 2026 snapshot; use revised cost/date only as outcome labels, not predictive features."
1033,4L Kodinar - Veraval Package VI from km. 222.400 to km. 230.00 Kodinar Bypass of NH-8E NH 51 new,National Highways Authority of India [NHAI],618834,N24001827,Gujarat,03/2022,04/2022,09/2023,04/2025,162.73,192.01,174.82,100.0,105,2026-03-31,https://ipm.mospi.gov.in/Content/PDF/FlashReport_March_2026.pdf,1,17.9930,1,19,48,18,-30,107.4295,2026-03,2026-03-01,"Retrospective March 2026 snapshot; use revised cost/date only as outcome labels, not predictive features."
1034,4L of Bal Works of Talaja - Mahuva from 54.990 km. to 100.450 km. of Old NH-8E Package-II,National Highways Authority of India [NHAI],618835,N24001792,Gujarat,08/2020,03/2021,09/2022,,698.4,735.51,418.41,100.0,105,2026-03-31,https://ipm.mospi.gov.in/Content/PDF/FlashReport_March_2026.pdf,1,5.3136,,,67,25,-42,59.9098,2026-03,2026-03-01,"Retrospective March 2026 snapshot; use revised cost/date only as outcome labels, not predictive features."
1035,4L PS Divided Carriageway from Patan Near Rajpur to Gojariya From Km 52.000 to Km 128.940 of NH-68,National Highways Authority of India [NHAI],618901,-,Gujarat,12/2021,03/2023,03/2025,08/2026,1181.34,1098.23,847.01,84.5,105,2026-03-31,https://ipm.mospi.gov.in/Content/PDF/FlashReport_March_2026.pdf,0,-7.0352,1,17,51,39,-12,71.6991,2026-03,2026-03-01,"Retrospective March 2026 snapshot; use revised cost/date only as outcome labels, not predictive features."
1036,4L PS from Ch. 179.780 in Bitada/Movi Village to Ch. 208.900 in Nasarpore Village of NH-56 Pkg-V,National Highways Authority of India [NHAI],618931,-,Gujarat,03/2023,11/2025,11/2027,11/2027,764.02,566.96,7.28,0.68,105,2026-03-31,https://ipm.mospi.gov.in/Content/PDF/FlashReport_March_2026.pdf,0,-25.7925,0,0,36,56,20,0.9529,2026-03,2026-03-01,"Retrospective March 2026 snapshot; use revised cost/date only as outcome labels, not predictive features."
1037,6L of Chiloda-Naroda section from Km. 540.595 to Km. 555.595 of NH-8Package-VII,National Highways Authority of India [NHAI],619067,-,Gujarat,11/2016,05/2017,05/2019,05/2026,356.6,463.03,103.1,100.0,105,2026-03-31,https://ipm.mospi.gov.in/Content/PDF/FlashReport_March_2026.pdf,1,29.8458,1,84,112,30,-82,28.9119,2026-03,2026-03-01,"Retrospective March 2026 snapshot; use revised cost/date only as outcome labels, not predictive features."
1038,Widening to 6L of Existing 4L Jetpur - Gondal - Rajkot Section from Km. 117.600 to Km. 185.00 on NH-27,National Highways Authority of India [NHAI],619087,N24002035,Gujarat,03/2022,09/2023,09/2025,01/2027,2070.44,1390.29,807.97,64.13,105,2026-03-31,https://ipm.mospi.gov.in/Content/PDF/FlashReport_March_2026.pdf,0,-32.8505,1,16,48,42,-6,39.0241,2026-03,2026-03-01,"Retrospective March 2026 snapshot; use revised cost/date only as outcome labels, not predictive features."
1040,Four Laning of Una to Kodinar from km. 180.478 to km. 221.610 Package-V,National Highways Authority of India [NHAI],619145,-,Gujarat,02/2016,02/2017,08/2019,03/2025,877.71,1126.66,611.08,100.0,106,2026-03-31,https://ipm.mospi.gov.in/Content/PDF/FlashReport_March_2026.pdf,1,28.3636,1,67,121,42,-79,69.6221,2026-03,2026-03-01,"Retrospective March 2026 snapshot; use revised cost/date only as outcome labels, not predictive features."
1041,Kagvadar - Una Package-IV,National Highways Authority of India [NHAI],619146,N24000569,Gujarat,02/2016,03/2017,09/2019,04/2026,750.53,955.78,331.94,97.93,106,2026-03-31,https://ipm.mospi.gov.in/Content/PDF/FlashReport_March_2026.pdf,1,27.3473,1,79,121,43,-78,44.2274,2026-03,2026-03-01,"Retrospective March 2026 snapshot; use revised cost/date only as outcome labels, not predictive features."
1042,4L of Bal Works of Mahuva to Kagvadar from 100.450 Km. to 140.470 Km. of NH-8E Pkg- III,National Highways Authority of India [NHAI],619147,N24001793,Gujarat,08/2020,03/2021,09/2022,01/2026,603.08,628.49,624.32,99.71,106,2026-03-31,https://ipm.mospi.gov.in/Content/PDF/FlashReport_March_2026.pdf,1,4.2134,1,40,67,25,-42,103.5219,2026-03,2026-03-01,"Retrospective March 2026 snapshot; use revised cost/date only as outcome labels, not predictive features."
1043,4L of Bhavnagar - Talaja Package-I from Km. 6.945 to Km. 54.990 of Old NH-8E,National Highways Authority of India [NHAI],619148,-,Gujarat,NA,02/2017,08/2019,,1185.66,1343.16,53.18,100.0,106,2026-03-31,https://ipm.mospi.gov.in/Content/PDF/FlashReport_March_2026.pdf,1,13.2837,,,,,-79,4.4853,2026-03,2026-03-01,"Retrospective March 2026 snapshot; use revised cost/date only as outcome labels, not predictive features."
1044,Delhi-Vadodara Greenfield Alignment NH-148N Pkg-27 Ch.729.700 to Ch.756.052,National Highways Authority of India [NHAI],619197,-,Gujarat,09/2020,02/2022,02/2024,04/2026,1185.69,1259.27,970.22,96.02,106,2026-03-31,https://ipm.mospi.gov.in/Content/PDF/FlashReport_March_2026.pdf,1,6.2057,1,26,66,41,-25,81.8275,2026-03,2026-03-01,"Retrospective March 2026 snapshot; use revised cost/date only as outcome labels, not predictive features."
1045,Delhi-Amritsar-Katra Expressway Phase-I Pkg-I from Jussur Kheri on NH-KMP Expressway to Junction with Rohtak-Panipat road NH-709 near Rukhi Paani village Km 0000 to Km 34000,National Highways Authority of India [NHAI],618482,-,Haryana,12/2020,12/2021,12/2023,04/2026,1866.49,2429.9,964.23,99.91,106,2026-03-31,https://ipm.mospi.gov.in/Content/PDF/FlashReport_March_2026.pdf,1,30.1855,1,28,63,36,-27,51.6601,2026-03,2026-03-01,"Retrospective March 2026 snapshot; use revised cost/date only as outcome labels, not predictive features."
1046,Delhi-Amritsar-Katra Expressway Phase-I Pkg-II from Junction with Rohtak-Panipat road NH-709 near Rukhi Paani village to Junction with Jind-Panipat road NH-352A near Gangana village Km 34000 to Km 60800,National Highways Authority of India [NHAI],618483,-,Haryana,12/2020,01/2022,01/2024,04/2026,1533.87,1792.53,879.35,99.89,106,2026-03-31,https://ipm.mospi.gov.in/Content/PDF/FlashReport_March_2026.pdf,1,16.8632,1,27,63,37,-26,57.3288,2026-03,2026-03-01,"Retrospective March 2026 snapshot; use revised cost/date only as outcome labels, not predictive features."
1047,Delhi-Amritsar-Katra Expressway Phase-I Pkg-III from Junction with Jind-Panipat road NH-352A near Gangana village to Junction with Jind-Karnal road NH-709A near Alewa village Km 60800 to Km 91400,National Highways Authority of India [NHAI],618484,N24001633,Haryana,12/2020,12/2021,12/2023,05/2024,1606.27,1813.91,631.62,79.08,106,2026-03-31,https://ipm.mospi.gov.in/Content/PDF/FlashReport_March_2026.pdf,1,12.9268,1,5,63,36,-27,39.3222,2026-03,2026-03-01,"Retrospective March 2026 snapshot; use revised cost/date only as outcome labels, not predictive features."
1048,Delhi-Amritsar-Katra Expressway Phase-I Pkg-IV from Junction with Jind-Karnal road NH-709A near Alewa village to Junction with Ambala-Kaithal-Hissar road NH-152 near Kharak Pandwa village Km 91400 to Km 120250,National Highways Authority of India [NHAI],618485,N24001634,Haryana,01/2021,12/2021,12/2023,03/2024,1306.95,1578.66,563.2,76.13,106,2026-03-31,https://ipm.mospi.gov.in/Content/PDF/FlashReport_March_2026.pdf,1,20.7896,1,3,62,35,-27,43.0927,2026-03,2026-03-01,"Retrospective March 2026 snapshot; use revised cost/date only as outcome labels, not predictive features."
1049,"Construction of Additional Structures, Improvement of Service Road & Maintenance of Six Lane Gurgaon-Jaipur Section of NH-48 old NH-8 between km 42700 to km 107100 in the State of Haryana",National Highways Authority of India [NHAI],618506,-,Haryana,05/2024,05/2025,05/2027,05/2027,401.74,240.02,66.69,40.53,106,2026-03-31,https://ipm.mospi.gov.in/Content/PDF/FlashReport_March_2026.pdf,0,-40.2549,0,0,22,36,14,16.6003,2026-03,2026-03-01,"Retrospective March 2026 snapshot; use revised cost/date only as outcome labels, not predictive features."
1050,Gohana - Sonipat PKG-2,National Highways Authority of India [NHAI],618580,N24001535,Haryana,01/2019,07/2020,07/2022,04/2026,1275.31,1957.44,722.22,97.86,106,2026-03-31,https://ipm.mospi.gov.in/Content/PDF/FlashReport_March_2026.pdf,1,53.4874,1,45,86,42,-44,56.6309,2026-03,2026-03-01,"Retrospective March 2026 snapshot; use revised cost/date only as outcome labels, not predictive features."
1051,4L Greenfield Jalbhera Shahbad section from km. 0.000 to km. 22.850 of NH-152G,National Highways Authority of India [NHAI],618788,N24002043,Haryana,03/2022,06/2023,05/2025,04/2026,927.22,1173.66,354.55,87.05,106,2026-03-31,https://ipm.mospi.gov.in/Content/PDF/FlashReport_March_2026.pdf,1,26.5784,1,11,48,38,-10,38.2380,2026-03,2026-03-01,"Retrospective March 2026 snapshot; use revised cost/date only as outcome labels, not predictive features."
1052,4L Bhiwani-Hansi road section of NH-148B,National Highways Authority of India [NHAI],618792,N24002042,Haryana,11/2022,12/2023,12/2025,04/2026,1330.23,1144.21,437.49,99.5,106,2026-03-31,https://ipm.mospi.gov.in/Content/PDF/FlashReport_March_2026.pdf,0,-13.9840,1,4,40,37,-3,32.8883,2026-03,2026-03-01,"Retrospective March 2026 snapshot; use revised cost/date only as outcome labels, not predictive features."
1053,Jagadhari - Tajewala from Km -0.175 to 32.337 km of NH-344,National Highways Authority of India [NHAI],618936,N24001635,Haryana,03/2022,02/2023,02/2025,11/2026,1269.5,919.43,651.45,59.1,106,2026-03-31,https://ipm.mospi.gov.in/Content/PDF/FlashReport_March_2026.pdf,0,-27.5754,1,21,48,35,-13,51.3155,2026-03,2026-03-01,"Retrospective March 2026 snapshot; use revised cost/date only as outcome labels, not predictive features."
1054,4L PS of Ambala Ring Road of New NH-44,National Highways Authority of India [NHAI],619080,-,Haryana,02/2023,10/2023,10/2025,09/2026,1093.35,1225.41,394.35,73.74,106,2026-03-31,https://ipm.mospi.gov.in/Content/PDF/FlashReport_March_2026.pdf,1,12.0785,1,11,37,32,-5,36.0680,2026-03,2026-03-01,"Retrospective March 2026 snapshot; use revised cost/date only as outcome labels, not predictive features."
1055,4L of Jind-Gohana road Package-1 from km. 0.00 to km. 40.601 of NH-352 A under NHO,National Highways Authority of India [NHAI],619092,-,Haryana,01/2019,07/2020,07/2022,04/2026,994.22,1606.82,619.52,99.97,106,2026-03-31,https://ipm.mospi.gov.in/Content/PDF/FlashReport_March_2026.pdf,1,61.6161,1,45,86,42,-44,62.3122,2026-03,2026-03-01,"Retrospective March 2026 snapshot; use revised cost/date only as outcome labels, not predictive features."
1056,4/6L of Gurgaon - Pataudi - Rewari from km. 0.00 to km.43.87 of NH-352W,National Highways Authority of India [NHAI],619132,N24001774,Haryana,05/2020,11/2021,11/2023,06/2026,1810.04,1917.5,496.01,72.5,106,2026-03-31,https://ipm.mospi.gov.in/Content/PDF/FlashReport_March_2026.pdf,1,5.9369,1,31,70,42,-28,27.4033,2026-03,2026-03-01,"Retrospective March 2026 snapshot; use revised cost/date only as outcome labels, not predictive features."
1057,Karnal ring road Lot-4/Pkg-1,National Highways Authority of India [NHAI],619201,-,Haryana,11/2022,08/2023,08/2025,10/2026,1741.45,2041.54,410.51,91.61,106,2026-03-31,https://ipm.mospi.gov.in/Content/PDF/FlashReport_March_2026.pdf,1,17.2322,1,14,40,33,-7,23.5729,2026-03,2026-03-01,"Retrospective March 2026 snapshot; use revised cost/date only as outcome labels, not predictive features."
1058,Shri Kyari Section km 50.000 to km 75.000 of NH-707 in the state of Himachal Pradesh under Green National Highways Corridor Project GNHCP with the loan assistance of World Bank on EPC mode. Himachal,MoRTH,618050,N24001422,Pradesh,08/2020,09/2021,09/2023,11/2024,345.89,359.56,146.64,98.16,106,2026-03-31,https://ipm.mospi.gov.in/Content/PDF/FlashReport_March_2026.pdf,1,3.9521,1,14,67,37,-30,42.3950,2026-03,2026-03-01,"Retrospective March 2026 snapshot; use revised cost/date only as outcome labels, not predictive features."
1060,"with hard shoulder from Km 133.000 to 166.000 net Length 33.000 kms of NH-505 Sumdo-Kaza-Gramphoo road in the state of Himachal Pradesh on EPC mode under project Deepak, BRO Himachal",MoRTH,618216,N24001915,Pradesh,03/2021,07/2023,06/2026,06/2026,230.55,203.15,15.16,23.24,107,2026-03-31,https://ipm.mospi.gov.in/Content/PDF/FlashReport_March_2026.pdf,0,-11.8846,0,0,60,63,3,6.5756,2026-03,2026-03-01,"Retrospective March 2026 snapshot; use revised cost/date only as outcome labels, not predictive features."
1061,Improvement/construction of existing Class-5 Road to NH Intermediate lane specification with hard shoulder from existing Km 76/340 to 134/940 Design chainage from Km 76/300 to 133/000 net Length 56.700 kms of NH-505 Sumdo-Kaza- Gramphoo road in the state of Himachal Pradesh Package I Himachal,MoRTH,618217,N24001916,Pradesh,03/2021,05/2023,05/2026,05/2026,314.67,244.15,76.97,60.02,107,2026-03-31,https://ipm.mospi.gov.in/Content/PDF/FlashReport_March_2026.pdf,0,-22.4108,0,0,60,62,2,24.4605,2026-03,2026-03-01,"Retrospective March 2026 snapshot; use revised cost/date only as outcome labels, not predictive features."
1062,Rehabilitation and Upgradation to 2-lane configuration of Kalwahn-Mandi Section km 208.950 to 250.592 of NH-70 in the State of Himachal Pradesh under Green National Highways Corridor Project GNHCP with the loan assistance of World Bank on EPC mode.Package-3 Himachal,MoRTH,618230,N24001470,Pradesh,08/2020,10/2022,04/2025,06/2026,314.32,314.32,0.0,66.77,107,2026-03-31,https://ipm.mospi.gov.in/Content/PDF/FlashReport_March_2026.pdf,0,0.0000,1,14,67,56,-11,0.0000,2026-03,2026-03-01,"Retrospective March 2026 snapshot; use revised cost/date only as outcome labels, not predictive features."
1063,Rehabilitation and Upgradation to 2-lane configuration of Hamirpur-Karnohal Section km 141.00 to 181.00 of NH-70 in the State of Himachal Pradesh under Green National Highways Corridor Project GNHCP with the loan assistance of World Bank on EPC mode.Package-1 Himachal,MoRTH,618231,N24001447,Pradesh,08/2020,06/2022,12/2024,03/2026,371.93,371.93,198.34,91.31,107,2026-03-31,https://ipm.mospi.gov.in/Content/PDF/FlashReport_March_2026.pdf,0,0.0000,1,15,67,52,-15,53.3272,2026-03,2026-03-01,"Retrospective March 2026 snapshot; use revised cost/date only as outcome labels, not predictive features."
1064,Rehabilitation and Upgradation to 2-lane configuration of Karnohal- Kalwahn Section km 181.00 to 208.950 of NH-70 in the State of Himachal Pradesh under Green National Highways Corridor Project GNHCP with the loan assistance of World Bank on EPC mode.Package-2 Himachal,MoRTH,618232,,Pradesh,08/2020,11/2023,05/2026,11/2026,251.62,190.02,74.12,55.18,107,2026-03-31,https://ipm.mospi.gov.in/Content/PDF/FlashReport_March_2026.pdf,0,-24.4814,1,6,67,69,2,29.4571,2026-03,2026-03-01,"Retrospective March 2026 snapshot; use revised cost/date only as outcome labels, not predictive features."
1065,(-) Nerchowk km 190.000 to Pandoh including Pandoh bypass km221.305,National Highways Authority of India [NHAI],618850,N24000613,Pradesh,03/2016,01/2018,07/2020,04/2026,1464.12,1651.67,843.63,100.0,107,2026-03-31,https://ipm.mospi.gov.in/Content/PDF/FlashReport_March_2026.pdf,1,12.8097,1,69,120,52,-68,57.6203,2026-03,2026-03-01,"Retrospective March 2026 snapshot; use revised cost/date only as outcome labels, not predictive features."
1066,Pandoh bypass 221.305 to Takoli 242.000 of NH-21 in the state of Himachal Pradesh,National Highways Authority of India [NHAI],618851,-,Pradesh,06/2017,03/2018,09/2021,06/2026,3419.95,4465.94,1848.29,95.61,107,2026-03-31,https://ipm.mospi.gov.in/Content/PDF/FlashReport_March_2026.pdf,1,30.5850,1,57,105,51,-54,54.0444,2026-03,2026-03-01,"Retrospective March 2026 snapshot; use revised cost/date only as outcome labels, not predictive features."
1067,4L Sundar Nagar Bypass from Km.173.900 to Km.179.600 of NH-21,National Highways Authority of India [NHAI],618852,N24001810,Pradesh,02/2022,06/2022,06/2024,04/2026,191.11,192.11,181.41,100.0,107,2026-03-31,https://ipm.mospi.gov.in/Content/PDF/FlashReport_March_2026.pdf,1,0.5233,1,22,49,28,-21,94.9244,2026-03,2026-03-01,"Retrospective March 2026 snapshot; use revised cost/date only as outcome labels, not predictive features."
1068,Rehabilitation and Upgradation to 4L configuration & Strengthening of Sihuni to Rajol from Km 51.000 to Km 72.000 of NH-154 Package-IIA,National Highways Authority of India [NHAI],618878,N24002050,Pradesh,03/2022,09/2023,09/2025,06/2026,696.65,776.59,312.68,95.0,107,2026-03-31,https://ipm.mospi.gov.in/Content/PDF/FlashReport_March_2026.pdf,1,11.4749,1,9,48,42,-6,44.8834,2026-03,2026-03-01,"Retrospective March 2026 snapshot; use revised cost/date only as outcome labels, not predictive features."
1069,Rehabilitation and Upgradation to 2L PS configuration & Strengthening of Padhar to Bijni section from Km 180.000 to Km 202.815 of NH-154 Pkg-VA,National Highways Authority of India [NHAI],618879,-,Pradesh,06/2022,11/2024,11/2026,11/2026,930.86,930.86,338.46,88.04,107,2026-03-31,https://ipm.mospi.gov.in/Content/PDF/FlashReport_March_2026.pdf,0,0.0000,0,0,45,53,8,36.3599,2026-03,2026-03-01,"Retrospective March 2026 snapshot; use revised cost/date only as outcome labels, not predictive features."
1070,Rehabilitation and Up-gradation to 4L configuration & Strengthening of Thanpuri to Paror section from Km 85.135 to Km 100.840 of NH-154 Pkg-IIC,National Highways Authority of India [NHAI],618880,-,Pradesh,07/2022,03/2024,12/2025,07/2026,815.68,666.79,195.95,48.59,107,2026-03-31,https://ipm.mospi.gov.in/Content/PDF/FlashReport_March_2026.pdf,0,-18.2535,1,7,44,41,-3,24.0229,2026-03,2026-03-01,"Retrospective March 2026 snapshot; use revised cost/date only as outcome labels, not predictive features."
1071,4L PS bijni to mandi section from Km 202.815 to Km 208.000 of NH-20 New NH-154 of Pathankot-Mandi Package-VB,National Highways Authority of India [NHAI],618881,-,Pradesh,02/2023,03/2025,09/2027,09/2027,1113.02,1112.39,308.94,26.39,107,2026-03-31,https://ipm.mospi.gov.in/Content/PDF/FlashReport_March_2026.pdf,0,-0.0566,0,0,37,55,18,27.7569,2026-03,2026-03-01,"Retrospective March 2026 snapshot; use revised cost/date only as outcome labels, not predictive features."
1072,Rehabilitation and Up-gradation of existing road to 2L PS from End of Hamirpur Bypass near Chilbahal to Bhangbar section from Km. 138.295 to Km.175.270 of NH- 88 Pkg-IV Himachal,National Highways Authority of India [NHAI],618888,N24002052,Pradesh,03/2022,04/2023,04/2025,06/2026,1146.19,1358.62,293.06,90.22,107,2026-03-31,https://ipm.mospi.gov.in/Content/PDF/FlashReport_March_2026.pdf,1,18.5336,1,14,48,37,-11,25.5682,2026-03,2026-03-01,"Retrospective March 2026 snapshot; use revised cost/date only as outcome labels, not predictive features."
1073,"4L of Bhangbar Near Ranital to Kangra Bypass Section of Old NH-88 New NH- 303,503 up to Intersection with NH-154 from Km 175.270 to Km 193.400 Pkg-VB",National Highways Authority of India [NHAI],618889,N24001808,Pradesh,03/2021,12/2022,12/2024,06/2026,1322.95,1829.49,739.38,97.45,107,2026-03-31,https://ipm.mospi.gov.in/Content/PDF/FlashReport_March_2026.pdf,1,38.2887,1,18,60,45,-15,55.8887,2026-03,2026-03-01,"Retrospective March 2026 snapshot; use revised cost/date only as outcome labels, not predictive features."
1074,2L PS of Hamirpur Bypass from Km 121.175 to Km.138.295 of NH-103&3,National Highways Authority of India [NHAI],618890,N24002051,Pradesh,08/2022,10/2023,10/2025,06/2026,739.39,754.82,233.24,91.91,107,2026-03-31,https://ipm.mospi.gov.in/Content/PDF/FlashReport_March_2026.pdf,1,2.0869,1,8,43,38,-5,31.5449,2026-03,2026-03-01,"Retrospective March 2026 snapshot; use revised cost/date only as outcome labels, not predictive features."
1075,4L PS from Kalar Bala Village to Nauni Chowk of NH 205 from Km 41.000 to Km 58.450,National Highways Authority of India [NHAI],618891,-,Pradesh,01/2024,05/2025,05/2027,09/2027,1244.43,786.91,59.37,16.67,107,2026-03-31,https://ipm.mospi.gov.in/Content/PDF/FlashReport_March_2026.pdf,0,-36.7654,1,4,26,40,14,4.7709,2026-03,2026-03-01,"Retrospective March 2026 snapshot; use revised cost/date only as outcome labels, not predictive features."
1076,4L of Kathlighat to Shakral Village from Km 128.835 to Km 146.300 of NH- 5 Shimla Bypass - Pkg I,National Highways Authority of India [NHAI],618921,N24002049,Pradesh,03/2022,04/2023,04/2026,04/2026,1703.48,2648.8,924.82,52.57,107,2026-03-31,https://ipm.mospi.gov.in/Content/PDF/FlashReport_March_2026.pdf,1,55.4935,0,0,48,49,1,54.2900,2026-03,2026-03-01,"Retrospective March 2026 snapshot; use revised cost/date only as outcome labels, not predictive features."
1077,4L of Shakral Village to Dhalli Section from Km 146.300 to Km 156.560 Shimla Bypass - Pkg II and Shimla connectivity from Km 0.000 to Km 0.725 of NH-5,National Highways Authority of India [NHAI],,,Pradesh,04/2022,,03/2027,,1956.26,,1155.67,62.15,107,2026-03-31,https://ipm.mospi.gov.in/Content/PDF/FlashReport_March_2026.pdf,,,,,47,59,12,59.0755,2026-03,2026-03-01,"Retrospective March 2026 snapshot; use revised cost/date only as outcome labels, not predictive features."
1078,Solan - Kaithlighat Section of NH-22 Now NH-5 from Km. 106.139 to Km.129.05,National Highways Authority of India [NHAI],619003,N24000852,Pradesh,03/2018,11/2018,05/2021,11/2026,881.74,1519.53,641.55,90.11,108,2026-03-31,https://ipm.mospi.gov.in/Content/PDF/FlashReport_March_2026.pdf,1,72.3331,1,66,96,38,-58,72.7595,2026-03,2026-03-01,"Retrospective March 2026 snapshot; use revised cost/date only as outcome labels, not predictive features."
1079,4L of HP/Punjab Border - Mo from km. 11.00 to km. 42.00 of Old NH-20 New NH-154 Package-IA,National Highways Authority of India [NHAI],619153,N24001812,Pradesh,03/2021,05/2022,05/2024,06/2026,1002.11,1363.04,491.3,58.05,108,2026-03-31,https://ipm.mospi.gov.in/Content/PDF/FlashReport_March_2026.pdf,1,36.0170,1,25,60,38,-22,49.0266,2026-03,2026-03-01,"Retrospective March 2026 snapshot; use revised cost/date only as outcome labels, not predictive features."
1080,Construction of Shopian Bypass on NH-444 taking off from existing chainage Km 36500 and re-joining at km 47588 of existing Chainage New Design Ch. From km 28000 to km 36925 as 2- lane with paved shoulder in the UT of Jammu & Kashmir on EPC mode.,MoRTH,618038,-,Jammu and Kashmir,03/2024,01/2026,01/2028,,224.44,224.44,0.0,0.0,108,2026-03-31,https://ipm.mospi.gov.in/Content/PDF/FlashReport_March_2026.pdf,0,0.0000,,,24,46,22,0.0000,2026-03,2026-03-01,"Retrospective March 2026 snapshot; use revised cost/date only as outcome labels, not predictive features."
1081,"Widening and strengthening to 2 lane with paved shoulder from existing Ch. Km 56720 to Km 100820 and Design Ch. From Km 62600 to Km 106360 Total Length43.760 Km on SRINAGAR -BARAMULA URINH-01 in the UT of Jammu & Kashmir under project BEACON, Border Roads Organization BRO on EPC mode.",MoRTH,618201,-,Jammu and Kashmir,09/2023,11/2024,11/2026,,702.1,702.1,0.0,44.01,108,2026-03-31,https://ipm.mospi.gov.in/Content/PDF/FlashReport_March_2026.pdf,0,0.0000,,,30,38,8,0.0000,2026-03,2026-03-01,"Retrospective March 2026 snapshot; use revised cost/date only as outcome labels, not predictive features."
1082,Construction of 2 lane with paved shoulders Baramulla Bypass Greenfield bypass from existing Ch. Km 47020 to Km 56720 and Design Ch. From 48500 to 62600 Total length 14.100 km on road Srinagar Baramulla Uri NH-01 in the UT of Jammu & Kashmir under Project.Package-III,MoRTH,618202,N24002185,Jammu and Kashmir,03/2023,09/2024,09/2026,,992.43,992.43,34.01,39.84,108,2026-03-31,https://ipm.mospi.gov.in/Content/PDF/FlashReport_March_2026.pdf,0,0.0000,,,36,42,6,3.4269,2026-03,2026-03-01,"Retrospective March 2026 snapshot; use revised cost/date only as outcome labels, not predictive features."
1083,"Construction of 4 lane with paved shoulder Pattan bypass Greenfield bypass from existing Ch. Km 24320 to Km 33760 and Design Ch. from Km 24400 to Km 35300, total length 10.900 km on road SrinagarBaramulla Uri NH-01 in the UT of Jammu & Kashmir under Project BEACON, Border Roads Organization BRO on EPC mode. Package-II",MoRTH,618203,N24002179,Jammu and Kashmir,03/2023,08/2024,07/2026,,980.21,980.21,0.27,49.51,108,2026-03-31,https://ipm.mospi.gov.in/Content/PDF/FlashReport_March_2026.pdf,0,0.0000,,,36,40,4,0.0275,2026-03,2026-03-01,"Retrospective March 2026 snapshot; use revised cost/date only as outcome labels, not predictive features."
1084,Construction of realignment between Pandrass- Pashkyun Total length 27.10 km on road Zozila-Kargil -Leh NH-1 to 2 lane specifications i.e. Drass alignment 9.30 km Kharboo realignment 6.30 km & Kargil alignment 11.50 km under project Vijayak BRO in the UT of Ladakh on EPC Mode,MoRTH,618204,N24001999,Jammu and Kashmir,11/2021,06/2023,06/2025,07/2026,426.15,426.15,97.91,54.89,108,2026-03-31,https://ipm.mospi.gov.in/Content/PDF/FlashReport_March_2026.pdf,0,0.0000,1,13,52,43,-9,22.9755,2026-03,2026-03-01,"Retrospective March 2026 snapshot; use revised cost/date only as outcome labels, not predictive features."
1085,"Construction of 4 lane with paved shoulder from Existing Ch. 14200 to 24320 Design Ch. 14200 to 24400, Ch. 33760 to 42780 Design Ch. 35300 to 44294 & Ch. 43440 to 47020 Design Ch. 44958 to 48500 Delina Flyover including construction of flyover length 1.704 km of total length 22.736 kms in AOR of 760 BRTF on road SRINAGAR BARAMULA URI NH-01 in the UT of Jammu & Kashmir under project BEACON, Border Roads Organization BRO Package-IJob No NH-1-J&K-2022-23-110",MoRTH,618205,,Jammu and Kashmir,06/2022,08/2023,08/2025,08/2026,823.46,823.46,262.57,82.01,108,2026-03-31,https://ipm.mospi.gov.in/Content/PDF/FlashReport_March_2026.pdf,0,0.0000,1,12,45,38,-7,31.8862,2026-03,2026-03-01,"Retrospective March 2026 snapshot; use revised cost/date only as outcome labels, not predictive features."
1086,(N24001998) Widening and Strengthening of Rafiabad-Kupwara-Chowkibal-Tangdhar-Chamkot NH- 701 road from design Ch. From 0000 to 51000 to two lanes with paved shoulders under Project Beacon in the UT of Jammu & Kashmir on EPC mode Package-I.,MoRTH,618206,-,Jammu and Kashmir,03/2024,11/2024,05/2027,,1404.94,1404.94,118.28,36.5,108,2026-03-31,https://ipm.mospi.gov.in/Content/PDF/FlashReport_March_2026.pdf,0,0.0000,,,24,38,14,8.4189,2026-03,2026-03-01,"Retrospective March 2026 snapshot; use revised cost/date only as outcome labels, not predictive features."
1087,Reconstruction and widening to 2 lane with paved shoulder from existing chainage km 102000 to km 134950 Design chainage km 90150 to km 116980 including construction of Naushera Tunnel Total length of tunnel 0.700 km under 31 TF on Akhnoor-Poonch road NH-144A in the UT of Jammu & Kashmir under Project Sampark BRO on EPC mode Package-V Job no NH-144A-J&K-2020-21-104,MoRTH,618220,N24001897,Jammu and Kashmir,03/2021,07/2022,07/2024,03/2026,642.24,572.51,0.0,100.0,108,2026-03-31,https://ipm.mospi.gov.in/Content/PDF/FlashReport_March_2026.pdf,0,-10.8573,1,20,60,40,-20,0.0000,2026-03,2026-03-01,"Retrospective March 2026 snapshot; use revised cost/date only as outcome labels, not predictive features."
1088,Rehabilitation and upgradation to 2 lane with paved shoulder from existing chainage Km 166.100 to Km 192.98 design chainage Km 146.700 to Km 162.800 including construction of Bhimber Gali Tunnel Total Length of Tunnel 1.100 Km under 31 BRTF on Akhnoor-Poonch Roads on EPC mode NH-144A Package-VII,MoRTH,618221,N24002180,Jammu and Kashmir,09/2021,07/2024,07/2026,,734.64,734.64,0.0,43.36,108,2026-03-31,https://ipm.mospi.gov.in/Content/PDF/FlashReport_March_2026.pdf,0,0.0000,,,54,58,4,0.0000,2026-03,2026-03-01,"Retrospective March 2026 snapshot; use revised cost/date only as outcome labels, not predictive features."
1089,Widening and Strengthening up gradation to 2 lane with paved shoulder from existing chainage Km 192.98 to Km 229.820 design chainage Km 162.800 to Km 198.18 under 31 BRTF on Akhnoor-Poonch Road NH-144A in the UT of Jammu and Kashmir under Project Sampark Border Roads Organisation BRO on EPC Mode Package-VIII Job No NH-144A-J&K-2022-2023-111,MoRTH,618222,N24002119,Jammu and Kashmir,10/2022,01/2024,01/2026,09/2026,562.45,562.45,127.97,69.04,108,2026-03-31,https://ipm.mospi.gov.in/Content/PDF/FlashReport_March_2026.pdf,0,0.0000,1,8,41,39,-2,22.7522,2026-03,2026-03-01,"Retrospective March 2026 snapshot; use revised cost/date only as outcome labels, not predictive features."
1090,Rehabilitation and up-gradation to 2 lane with paved shoulder from existing chainage km 64535 to km 85385 Design chainage km 55800 to km 74350 under 13 TF on Akhnoor-Poonch road NH-144A under Project Sampark BRO in the UT of Jammu & Kashmir on EPC mode Package-III Job no NH-144A-J&K-2019-20-79,MoRTH,618223,N24001901,Jammu and Kashmir,03/2020,09/2021,09/2023,05/2026,152.93,152.93,74.82,88.01,108,2026-03-31,https://ipm.mospi.gov.in/Content/PDF/FlashReport_March_2026.pdf,0,0.0000,1,32,72,42,-30,48.9243,2026-03,2026-03-01,"Retrospective March 2026 snapshot; use revised cost/date only as outcome labels, not predictive features."
1091,Rehabilitation and up-gradation to 2 lane with paved shoulder from existing chainage km 49150 to km 64535 Design chainage km 46.450 to km 55.800 including construction of Sungal Tunnel Total length of Tunnel 2.79 km under 13 TF on Akhnoor-Poonch road NH-144A under Project Sampark BRO in the UT of Jammu & Kashmir on EPC mode Package-II Job no NH-144A-J&K-2019-20-78,,,,Jammu and Kashmir,03/2020,08/2021,08/2024,05/2026,796.97,796.97,426.41,90.9,108,2026-03-31,https://ipm.mospi.gov.in/Content/PDF/FlashReport_March_2026.pdf,0,0.0000,1,21,72,53,-19,53.5039,2026-03,2026-03-01,"Retrospective March 2026 snapshot; use revised cost/date only as outcome labels, not predictive features."
1092,km 134950 to km 166100 Design chainage km 116980 to km 146700 under 31 TF on Akhnoor-Poonch road NH-144A in the UT of Jammu & Kashmir under Project Sampark BRO on EPC mode Package-VI Job no NH-144A-J&K-2021-22-106,MoRTH,618225,N24001899,Jammu and Kashmir,07/2021,07/2022,07/2024,06/2026,395.25,395.25,139.45,86.37,109,2026-03-31,https://ipm.mospi.gov.in/Content/PDF/FlashReport_March_2026.pdf,0,0.0000,1,23,56,36,-20,35.2815,2026-03,2026-03-01,"Retrospective March 2026 snapshot; use revised cost/date only as outcome labels, not predictive features."
1093,Rehabilitation and upgradation to 2 lane with paved shoulder from existing chainage Km 30.053 to Km 49.150 design chainage Km 30.000 to Km 46.450 including Kandi Tunnel under 31 BRTF on Akhnoor-Poonch Road NH-144A Under Project Sampark in the UT of Jammu & Kashmir EPC modePackage-I Job no NH-144A-J&K-2020-21-83.,MoRTH,618226,N24001898,Jammu and Kashmir,07/2020,11/2022,11/2024,06/2026,272.49,272.49,157.74,93.5,109,2026-03-31,https://ipm.mospi.gov.in/Content/PDF/FlashReport_March_2026.pdf,0,0.0000,1,19,68,52,-16,57.8884,2026-03,2026-03-01,"Retrospective March 2026 snapshot; use revised cost/date only as outcome labels, not predictive features."
1094,Up-gradation to 2-lane with Paved Shoulder from Km 12.850 to Km20.300 of 7.450Km length on Goha-Khellani section and a link road to Goha village of 2.016 km on NH- 244 in UT of Jammu and Kashmir on EPC Mode Pkg-1,NHIDCL,618394,N24001264,Jammu and Kashmir,07/2020,10/2020,04/2022,10/2026,228.39,225.37,163.81,96.95,109,2026-03-31,https://ipm.mospi.gov.in/Content/PDF/FlashReport_March_2026.pdf,0,-1.3223,1,54,68,21,-47,71.7238,2026-03,2026-03-01,"Retrospective March 2026 snapshot; use revised cost/date only as outcome labels, not predictive features."
1095,"Construction & Upgradation to 2-lane with paved shoulder from Design Ch. Km 51700 at Premnagar km 66315 to Km 66535 New Thatri at Start of Km 83rd, Tunnel Km 82665 of 14.835 Km design length on Chenani-Sudhmahadev-Goha Khellani- Kishtwar-Vailoo Donipawa-Ashajipora section of NH-244 in the UT of J&K on EPC Mode under NHO-Gen Pkg - 2",NHIDCL,618395,N24001394,Jammu and Kashmir,03/2021,08/2021,02/2023,10/2026,512.43,512.43,155.69,53.4,109,2026-03-31,https://ipm.mospi.gov.in/Content/PDF/FlashReport_March_2026.pdf,0,0.0000,1,44,60,23,-37,30.3827,2026-03,2026-03-01,"Retrospective March 2026 snapshot; use revised cost/date only as outcome labels, not predictive features."
1096,Construction & Upgradation to 2 lane with paved shoulder from Design Km. 31.449 Khellani Ex. Km 44.946 to Km 51.700 Prem Nagar Ex. Km 68617 of 20.251 Km length on Khellani - Kishtwar - Chattroo section of NH-244 in the UT of J&K on EPC Mode under NHO-Gen PKG- 1,NHIDCL,618396,N24001323,Jammu and Kashmir,02/2021,03/2021,08/2022,10/2024,486.45,486.45,0.0,0.0,109,2026-03-31,https://ipm.mospi.gov.in/Content/PDF/FlashReport_March_2026.pdf,0,0.0000,1,26,61,18,-43,0.0000,2026-03,2026-03-01,"Retrospective March 2026 snapshot; use revised cost/date only as outcome labels, not predictive features."
1097,Widening and Up-gradation to 2-Lane with Paved Shoulder of configuration and geometric improvement from Km 0.000 to Km 16.990 on Chenani Sudhmahadev section of NH-244 in UT of Jammu and Kashmir to be executed on EPC basis,NHIDCL,618397,-,Jammu and Kashmir,03/2018,11/2018,11/2020,02/2022,255.9,255.9,0.0,0.0,109,2026-03-31,https://ipm.mospi.gov.in/Content/PDF/FlashReport_March_2026.pdf,0,0.0000,1,15,96,32,-64,0.0000,2026-03,2026-03-01,"Retrospective March 2026 snapshot; use revised cost/date only as outcome labels, not predictive features."
1098,Up-gradation to 2-lane with Paved Shoulder from Km 20.300 to Km 29.030 of 8.730 Km length on Goha-Khellani section on NH-244 in UT of Jammu and Kashmir on EPC Mode Package II,NHIDCL,618398,N24001266,Jammu and Kashmir,07/2020,10/2020,04/2022,03/2026,210.79,210.79,174.92,96.95,109,2026-03-31,https://ipm.mospi.gov.in/Content/PDF/FlashReport_March_2026.pdf,0,0.0000,1,47,68,21,-47,82.9831,2026-03,2026-03-01,"Retrospective March 2026 snapshot; use revised cost/date only as outcome labels, not predictive features."
1099,Construction of Kishtwar bypass with 2 lane with paved shoulder from Design Km. 80.675 Dulhasti to km 95.550 Bandarkoot of 14.88 km & a link road to Kishtwar town from 0000 to 1.871 of length1.871 Km on Khellani - Kishtwar - Chattroo section in UT of Jammu and Kashmir on EPC Mode Pkg-4,NHIDCL,618399,N24001395,Jammu and Kashmir,03/2021,08/2021,08/2023,06/2027,859.67,859.67,308.95,50.05,109,2026-03-31,https://ipm.mospi.gov.in/Content/PDF/FlashReport_March_2026.pdf,0,0.0000,1,46,60,29,-31,35.9382,2026-03,2026-03-01,"Retrospective March 2026 snapshot; use revised cost/date only as outcome labels, not predictive features."
1100,Construction & Upgradation to 2-lane with paved shoulder from Design Km 67.805 at the end of Km 83rd Tunnel near Dhrabshalla Ex. Km 83905 to Km 80.675 start of Kishtwar Bypass - Dulhasti Ex. Km 970751 of 12.870 Km length on chenani- Sudhmahadev-Goha Khellani-Kishtwar-vailoo-Donipawa-Ashajipora seition of NH-244 in the UT of J&K on EPC Mode under NHO-Gen Pkg-3,NHIDCL,618400,N24001341,Jammu and Kashmir,03/2021,07/2021,12/2022,08/2025,398.51,398.51,99.35,98.55,109,2026-03-31,https://ipm.mospi.gov.in/Content/PDF/FlashReport_March_2026.pdf,0,0.0000,1,32,60,21,-39,24.9304,2026-03,2026-03-01,"Retrospective March 2026 snapshot; use revised cost/date only as outcome labels, not predictive features."
1101,Up-gradation to 4-lane with Paved Shoulder of Jammu-Akhnoor road section of NH- 144A from Ganesh Vihar Km 6.000 to Khati Chowk Km 26.350 in UT of Jammu and Kashmir on EPC basis Pkg-3A,NHIDCL,618406,N24000868,Jammu and Kashmir,03/2018,07/2019,07/2021,05/2022,322.49,322.49,0.0,0.0,109,2026-03-31,https://ipm.mospi.gov.in/Content/PDF/FlashReport_March_2026.pdf,0,0.0000,1,10,96,40,-56,0.0000,2026-03,2026-03-01,"Retrospective March 2026 snapshot; use revised cost/date only as outcome labels, not predictive features."
1102,Jammu-Akhnoor Road Pkg-I,NHIDCL,618407,N24001543,Jammu and Kashmir,03/2018,01/2023,01/2025,04/2026,245.3,245.3,82.06,68.07,109,2026-03-31,https://ipm.mospi.gov.in/Content/PDF/FlashReport_March_2026.pdf,0,0.0000,1,15,96,82,-14,33.4529,2026-03,2026-03-01,"Retrospective March 2026 snapshot; use revised cost/date only as outcome labels, not predictive features."
1103,Delhi-Amritsar-Katra Expressway Phase-II Pkg-XV [Junction with Hiranagar Road near village Gurha Baildaran to Junction with Jammu Ring Road NH-244A near Jakh village from Km 468100 to Km 503250],National Highways Authority of India [NHAI],618494,N24001552,Jammu and Kashmir,10/2021,09/2022,09/2024,10/2026,2714.95,3716.56,1620.48,88.87,109,2026-03-31,https://ipm.mospi.gov.in/Content/PDF/FlashReport_March_2026.pdf,1,36.8924,1,25,53,35,-18,59.6873,2026-03,2026-03-01,"Retrospective March 2026 snapshot; use revised cost/date only as outcome labels, not predictive features."
1104,4/6L Access Control Expressway from Design Chainage Km 515.000 to 528.300 Kunjwani to Sidhra Section of NH-44 and from Design Chainage Km 550.900 to Km 566.520 Domel to Katra Section Phase II-Package XVII,National Highways Authority of India [NHAI],618495,N24002061,Jammu and Kashmir,06/2022,06/2023,06/2025,03/2027,2894.74,2894.74,781.47,61.42,109,2026-03-31,https://ipm.mospi.gov.in/Content/PDF/FlashReport_March_2026.pdf,0,0.0000,1,21,45,36,-9,26.9962,2026-03,2026-03-01,"Retrospective March 2026 snapshot; use revised cost/date only as outcome labels, not predictive features."
1105,Delhi-Amritsar-Katra Expressway Phase-II Pkg-XVI Existing Jakh Vijaypur-Kunjwani section of NH-44 including spur Connectivity to Jammu Airport NH-144A [Km 503500 to km 514500],National Highways Authority of India [NHAI],618496,N24001550,Jammu and Kashmir,09/2021,09/2022,09/2024,06/2026,1821.72,2522.56,1157.4,94.14,109,2026-03-31,https://ipm.mospi.gov.in/Content/PDF/FlashReport_March_2026.pdf,1,38.4713,1,21,54,36,-18,63.5334,2026-03,2026-03-01,"Retrospective March 2026 snapshot; use revised cost/date only as outcome labels, not predictive features."
1106,Delhi Amritsar Katra Expressway Phase-II Pkg XVIII Development and Upgradation of Four lane Access Control Expressway from Design Chainage KM 530.00 to KM 545.300 Sidhra to Domel Section of NH-44,National Highways Authority of India [NHAI],,,Jammu and Kashmir,12/2022,11/2023,11/2025,03/2027,975.38,975.38,470.83,62.41,109,2026-03-31,https://ipm.mospi.gov.in/Content/PDF/FlashReport_March_2026.pdf,0,0.0000,1,16,39,35,-4,48.2714,2026-03,2026-03-01,"Retrospective March 2026 snapshot; use revised cost/date only as outcome labels, not predictive features."
1107,4L Ring road/bypass around Srinagar city from km 0.000 to km 42.100 Phase-I,National Highways Authority of India [NHAI],618541,N24001511,Jammu and Kashmir,03/2021,08/2021,02/2024,07/2026,2919.96,2604.76,1752.78,86.0,110,2026-03-31,https://ipm.mospi.gov.in/Content/PDF/FlashReport_March_2026.pdf,0,-10.7947,1,29,60,35,-25,60.0275,2026-03,2026-03-01,"Retrospective March 2026 snapshot; use revised cost/date only as outcome labels, not predictive features."
1108,4L of twin tube tunnel configuration including approaches from Marog to Digdol from Km.154.210 to Km.158.650 North Bound and from Km.155.940 to Km.160.260 South Bound of Ramban to Banihal Pkg-I of Old NH-1A New NH-44,National Highways Authority of India [NHAI],618543,N24001627,Jammu and Kashmir,07/2021,08/2022,08/2025,06/2027,1912.17,1034.3,328.3,26.8,110,2026-03-31,https://ipm.mospi.gov.in/Content/PDF/FlashReport_March_2026.pdf,0,-45.9096,1,22,56,49,-7,17.1690,2026-03,2026-03-01,"Retrospective March 2026 snapshot; use revised cost/date only as outcome labels, not predictive features."
1109,"4L twin tube tunnel including approaches from Digdol to Khuni Nallah North Bound connecting with existing major bridge on NB and South Bound connecting with Tunnel T4 ,Single tube tunnel of Ramban to Banihal Pkg-II of Old NH-1A New NH-44",National Highways Authority of India [NHAI],618544,N24001622,Jammu and Kashmir,07/2021,02/2022,06/2024,06/2026,1401.87,1020.99,965.59,87.1,110,2026-03-31,https://ipm.mospi.gov.in/Content/PDF/FlashReport_March_2026.pdf,0,-27.1694,1,24,56,35,-21,68.8787,2026-03,2026-03-01,"Retrospective March 2026 snapshot; use revised cost/date only as outcome labels, not predictive features."
1110,"4L of Km.165.092 to Km.171.855 North Bound and from Km.166.895 to Km.173.638 South Bound, excl. certain reaches of North Bound and South Bound of Ramban to Banihal Pkg-III of Old NH-1A New NH-44",National Highways Authority of India [NHAI],618545,N24001621,Jammu and Kashmir,07/2021,02/2022,08/2024,12/2026,614.48,444.76,240.81,42.8,110,2026-03-31,https://ipm.mospi.gov.in/Content/PDF/FlashReport_March_2026.pdf,0,-27.6201,1,28,56,37,-19,39.1892,2026-03,2026-03-01,"Retrospective March 2026 snapshot; use revised cost/date only as outcome labels, not predictive features."
1111,2L NH-1 from km 8.660 to km 33.775 Sumbal to Wayul to 4L dual carriageway NH standard as part of Srinagar Ring Road PhaseII [Design Ch. 41.907 to Ch. 66.609],National Highways Authority of India [NHAI],618547,N24002059,Jammu and Kashmir,11/2022,12/2023,06/2026,12/2026,961.0,643.64,388.13,46.48,110,2026-03-31,https://ipm.mospi.gov.in/Content/PDF/FlashReport_March_2026.pdf,0,-33.0239,1,6,40,43,3,40.3881,2026-03,2026-03-01,"Retrospective March 2026 snapshot; use revised cost/date only as outcome labels, not predictive features."
1112,Construction of twin tube tunnels on Jammu Kashmir Ring Road NH-244A Between Design Ch. 50600 to 51700 and design Ch. 53535 to 55700 on EPC mode under residual NHDP component of Bharatmala Pariyojna,National Highways Authority of India [NHAI],618549,N24001926,Jammu and Kashmir,11/2022,06/2023,06/2025,06/2026,242.65,731.59,638.36,83.87,110,2026-03-31,https://ipm.mospi.gov.in/Content/PDF/FlashReport_March_2026.pdf,1,201.5001,1,12,40,31,-9,263.0785,2026-03,2026-03-01,"Retrospective March 2026 snapshot; use revised cost/date only as outcome labels, not predictive features."
1113,Corridor Efficiency Improvement including removal of black spots in Lakhanpur - Samba section of NH-44 from Chainage Km. 16.300 to Km. 74.100,National Highways Authority of India [NHAI],618550,N24001619,Jammu and Kashmir,06/2022,12/2022,06/2024,06/2026,855.74,215.68,189.56,74.63,110,2026-03-31,https://ipm.mospi.gov.in/Content/PDF/FlashReport_March_2026.pdf,0,-74.7961,1,24,45,24,-21,22.1516,2026-03,2026-03-01,"Retrospective March 2026 snapshot; use revised cost/date only as outcome labels, not predictive features."
1114,Upgradation and Strengthening of Chenani to Nashri Section via Patnitop of NH244 from Km 0.000 to Km 39.100,National Highways Authority of India [NHAI],618967,-,Jammu and Kashmir,03/2024,08/2024,08/2026,08/2026,295.06,295.06,131.8,62.0,110,2026-03-31,https://ipm.mospi.gov.in/Content/PDF/FlashReport_March_2026.pdf,0,0.0000,0,0,24,29,5,44.6689,2026-03,2026-03-01,"Retrospective March 2026 snapshot; use revised cost/date only as outcome labels, not predictive features."
1115,Construction/upgradation to 2-lane with paved shoulder from Design Km 95.55 Bandarkoot to Km. 111.06 Chattroo of 15.52 Km length on Khellani-Kishtwar-Chattroo section on NH-244 in UT of Jammu and Kashmir on EPC Mode Pkg-5,NHIDCL,619038,N24001396,Jammu and Kashmir,03/2021,08/2021,02/2023,06/2025,497.09,497.09,240.1,99.97,110,2026-03-31,https://ipm.mospi.gov.in/Content/PDF/FlashReport_March_2026.pdf,0,0.0000,1,28,60,23,-37,48.3011,2026-03,2026-03-01,"Retrospective March 2026 snapshot; use revised cost/date only as outcome labels, not predictive features."
1116,Widening and Strengthening of existing paveemnt to two lane with paved shoulders from km 116.00 to km 176.355 of NH-75E in the State of Jharkhand on EPC mode.,MoRTH,618060,N24001923,Jharkhand,01/2022,01/2023,07/2024,04/2026,315.21,315.21,129.54,87.0,110,2026-03-31,https://ipm.mospi.gov.in/Content/PDF/FlashReport_March_2026.pdf,0,0.0000,1,21,50,30,-20,41.0964,2026-03,2026-03-01,"Retrospective March 2026 snapshot; use revised cost/date only as outcome labels, not predictive features."
1117,Construction of byepass around Lohardaga town of NH-143A in the Sate of Jharkhand under EPC mode.,MoRTH,618083,-,Jharkhand,02/2022,01/2024,01/2026,09/2026,458.78,458.78,0.0,2.0,110,2026-03-31,https://ipm.mospi.gov.in/Content/PDF/FlashReport_March_2026.pdf,0,0.0000,1,8,49,47,-2,0.0000,2026-03,2026-03-01,"Retrospective March 2026 snapshot; use revised cost/date only as outcome labels, not predictive features."
1118,Widening to 2-lane with paved shoulder from km 0.00 to 44.00 Kuru-Ghaghra section of NH-143A including re-construction of culverts and bridges.,MoRTH,618084,N24001922,Jharkhand,02/2020,08/2021,08/2023,03/2026,153.01,133.67,84.74,93.0,110,2026-03-31,https://ipm.mospi.gov.in/Content/PDF/FlashReport_March_2026.pdf,0,-12.6397,1,31,73,42,-31,55.3820,2026-03,2026-03-01,"Retrospective March 2026 snapshot; use revised cost/date only as outcome labels, not predictive features."
1119,Widening and Strengthening/Reconstruction to Two Lane with Paved Shoulder/ Two Lane with paved shoulders with service road from km 0000 to km 42250 excluding design Ch. 03220 to 04200 & 28350 to 29060 of NH-320G in the state of Jharkhand under EPC mode,MoRTH,618123,N24001925,Jharkhand,03/2022,08/2023,08/2025,,423.18,423.18,4.11,0.0,110,2026-03-31,https://ipm.mospi.gov.in/Content/PDF/FlashReport_March_2026.pdf,0,0.0000,,,48,41,-7,0.9712,2026-03,2026-03-01,"Retrospective March 2026 snapshot; use revised cost/date only as outcome labels, not predictive features."
1120,Construction of 2- Lane with paved shoulder from km 56.45 Dharampur More to 93.050 Pakur of NH-333A in the State of Jharkhand on EPC mode,MoRTH,618127,-,Jharkhand,03/2023,11/2025,05/2027,05/2027,255.73,255.73,0.0,6.5,110,2026-03-31,https://ipm.mospi.gov.in/Content/PDF/FlashReport_March_2026.pdf,0,0.0000,0,0,36,50,14,0.0000,2026-03,2026-03-01,"Retrospective March 2026 snapshot; use revised cost/date only as outcome labels, not predictive features."
1121,Widening and Reconstruction to 4-lane/4-lane with service road including structures from Pokharia More at Km 47.600 Ex. Km 50.230 to Govindpur at km 62.949 Ex. Km 65.325 of Nh-419 in the State of Jharkhand on EPC mode.,MoRTH,618242,-,Jharkhand,05/2022,01/2024,01/2026,06/2026,300.46,300.46,76.93,45.34,110,2026-03-31,https://ipm.mospi.gov.in/Content/PDF/FlashReport_March_2026.pdf,0,0.0000,1,5,46,44,-2,25.6041,2026-03,2026-03-01,"Retrospective March 2026 snapshot; use revised cost/date only as outcome labels, not predictive features."
1122,Construction of Six lane elevated flyover including reconstruction/rehabilitation of existing pavement from Km 406100 to Km 411150 Length 5.05 Km at Gobindpur area in the Barwa Adda Panagarh section of NH-19 from Km.398.240 to Km.521.120 including Panagarh Bypass in the State of Jharkhand on EPC Mode.,National Highways Authority of India [NHAI],618535,-,Jharkhand,01/2025,09/2025,03/2028,03/2028,687.77,442.52,21.7,8.61,110,2026-03-31,https://ipm.mospi.gov.in/Content/PDF/FlashReport_March_2026.pdf,0,-35.6587,0,0,14,38,24,3.1551,2026-03,2026-03-01,"Retrospective March 2026 snapshot; use revised cost/date only as outcome labels, not predictive features."
1123,4 Lane of CG/JH Border-Gumla from km 0.000 to km 32.370 of NH-43 in the State of Jhrkhand,National Highways Authority of India [NHAI],618641,,Jharkhand,08/2024,02/2026,02/2028,02/2028,1325.8,1325.8,12.69,0.0,110,2026-03-31,https://ipm.mospi.gov.in/Content/PDF/FlashReport_March_2026.pdf,0,0.0000,0,0,19,42,23,0.9572,2026-03,2026-03-01,"Retrospective March 2026 snapshot; use revised cost/date only as outcome labels, not predictive features."
1125,4L of Ormanjhi-Gola section from Km 81.450 to Km 53.600 of NH- 320BPKG-II,National Highways Authority of India [NHAI],618644,N24001854,Jharkhand,02/2022,06/2023,06/2025,07/2026,1214.93,1462.19,769.08,86.57,111,2026-03-31,https://ipm.mospi.gov.in/Content/PDF/FlashReport_March_2026.pdf,1,20.3518,1,13,49,40,-9,63.3024,2026-03,2026-03-01,"Retrospective March 2026 snapshot; use revised cost/date only as outcome labels, not predictive features."
1126,4L of Gola-BokaroJaina More section from Km 53.600 to Km 21.110 of NH-320PKG-1,National Highways Authority of India [NHAI],618645,N24002056,Jharkhand,02/2022,06/2023,06/2025,05/2026,1007.97,1030.64,366.88,78.1,111,2026-03-31,https://ipm.mospi.gov.in/Content/PDF/FlashReport_March_2026.pdf,1,2.2491,1,11,49,40,-9,36.3979,2026-03,2026-03-01,"Retrospective March 2026 snapshot; use revised cost/date only as outcome labels, not predictive features."
1127,4L Elevated corridor of Kalimandir-Dimna Chowk-Baliguma Jamshedpur Section of NH-33 New NH-18 from km 241940 to km 251961 Length 10.021 km,National Highways Authority of India [NHAI],618736,-,Jharkhand,03/2024,09/2024,03/2027,03/2027,936.26,832.2,210.52,40.82,111,2026-03-31,https://ipm.mospi.gov.in/Content/PDF/FlashReport_March_2026.pdf,0,-11.1144,0,0,24,36,12,22.4852,2026-03,2026-03-01,"Retrospective March 2026 snapshot; use revised cost/date only as outcome labels, not predictive features."
1128,Grade separated Interchanges at Km. 113.730 junction with Ranchi Hazaribagh Road & Km. 139.225 junction with Ranchi Jamshedpur road on 4L Ranchi Bypass of NH-33,National Highways Authority of India [NHAI],618737,-,Jharkhand,01/2025,12/2025,12/2027,12/2027,303.53,5.58,0.73,0.0,111,2026-03-31,https://ipm.mospi.gov.in/Content/PDF/FlashReport_March_2026.pdf,0,-98.1616,0,0,14,35,21,0.2405,2026-03,2026-03-01,"Retrospective March 2026 snapshot; use revised cost/date only as outcome labels, not predictive features."
1129,4L from km 196.87 Sankha to km 219.6 Khajuri on NH-75 [Rehla / Garhwa Bypass],National Highways Authority of India [NHAI],618829,N24001590,Jharkhand,09/2020,10/2021,10/2023,,1129.48,1129.48,527.11,93.45,111,2026-03-31,https://ipm.mospi.gov.in/Content/PDF/FlashReport_March_2026.pdf,0,0.0000,,,66,37,-29,46.6684,2026-03,2026-03-01,"Retrospective March 2026 snapshot; use revised cost/date only as outcome labels, not predictive features."
1130,4L from Km 147.450 Bhogu to Km 196.870 Sankha on NH-75 Sec-III,National Highways Authority of India [NHAI],618830,N24002054,Jharkhand,10/2022,11/2023,11/2025,06/2026,1517.87,1652.09,949.61,76.95,111,2026-03-31,https://ipm.mospi.gov.in/Content/PDF/FlashReport_March_2026.pdf,1,8.8427,1,7,41,37,-4,62.5620,2026-03,2026-03-01,"Retrospective March 2026 snapshot; use revised cost/date only as outcome labels, not predictive features."
1131,4L from Km 95.400 Udaipura to Km 147.450 Bhogu on NH-75 Sec-II,National Highways Authority of India [NHAI],618831,-,Jharkhand,03/2023,10/2024,10/2026,03/2027,1436.8,1301.54,177.44,25.92,111,2026-03-31,https://ipm.mospi.gov.in/Content/PDF/FlashReport_March_2026.pdf,0,-9.4140,1,5,36,43,7,12.3497,2026-03,2026-03-01,"Retrospective March 2026 snapshot; use revised cost/date only as outcome labels, not predictive features."
1132,4L from Km 55.00 Kuru to Km 95.400 Udaipura on NH-75 Sec-I,National Highways Authority of India [NHAI],618832,-,Jharkhand,02/2024,01/2026,01/2028,01/2028,1274.82,1274.82,1.69,0.0,111,2026-03-31,https://ipm.mospi.gov.in/Content/PDF/FlashReport_March_2026.pdf,0,0.0000,0,0,25,47,22,0.1326,2026-03,2026-03-01,"Retrospective March 2026 snapshot; use revised cost/date only as outcome labels, not predictive features."
1133,Barhi-Koderma Section of NH31 km 0.00 - km 27.5,National Highways Authority of India [NHAI],618863,-,Jharkhand,02/2017,11/2019,08/2024,04/2026,662.44,826.59,478.47,98.5,111,2026-03-31,https://ipm.mospi.gov.in/Content/PDF/FlashReport_March_2026.pdf,1,24.7796,1,20,109,90,-19,72.2284,2026-03,2026-03-01,"Retrospective March 2026 snapshot; use revised cost/date only as outcome labels, not predictive features."
1134,4L of Mehgama - Hansdiha from km. 41.900 to km. 93.000 of NH -133A Pkg-II,National Highways Authority of India [NHAI],618946,N24002057,Jharkhand,03/2022,05/2023,05/2025,04/2026,1479.72,1568.18,866.62,99.5,111,2026-03-31,https://ipm.mospi.gov.in/Content/PDF/FlashReport_March_2026.pdf,1,5.9782,1,11,48,38,-10,58.5665,2026-03,2026-03-01,"Retrospective March 2026 snapshot; use revised cost/date only as outcome labels, not predictive features."
1135,4L of NH-80 from km 215.00 to km 260.00 Mirza Chauki to Farkka Pkg-I,National Highways Authority of India [NHAI],618947,N24001596,Jharkhand,03/2018,12/2021,07/2023,07/2026,1504.8,1508.21,785.08,91.83,111,2026-03-31,https://ipm.mospi.gov.in/Content/PDF/FlashReport_March_2026.pdf,1,0.2266,1,36,96,64,-32,52.1717,2026-03,2026-03-01,"Retrospective March 2026 snapshot; use revised cost/date only as outcome labels, not predictive features."
1136,4L of Basukinath- Deoghar Section of NH-114A,National Highways Authority of India [NHAI],618949,N24002055,Jharkhand,09/2022,12/2023,12/2025,07/2026,1444.94,1553.76,643.68,85.89,111,2026-03-31,https://ipm.mospi.gov.in/Content/PDF/FlashReport_March_2026.pdf,1,7.5311,1,7,42,39,-3,44.5472,2026-03,2026-03-01,"Retrospective March 2026 snapshot; use revised cost/date only as outcome labels, not predictive features."
1137,Construction of Bypass to NH-114A Connecting NH-333 and NH-133 Deoghar Bypass from design km 0.000 to design Km 49.000,National Highways Authority of India [NHAI],618950,-,Jharkhand,11/2024,01/2026,01/2028,03/2028,1565.47,1565.47,0.12,4.0,111,2026-03-31,https://ipm.mospi.gov.in/Content/PDF/FlashReport_March_2026.pdf,0,0.0000,1,2,16,38,22,0.0077,2026-03,2026-03-01,"Retrospective March 2026 snapshot; use revised cost/date only as outcome labels, not predictive features."
1138,Construction of bypass around Chatra Town on NH-22 old NH-99 in the state of Jharkhand under EPC Mode,MoRTH,619005,-,Jharkhand,03/2023,01/2026,01/2028,01/2026,235.42,199.2,0.0,5.0,111,2026-03-31,https://ipm.mospi.gov.in/Content/PDF/FlashReport_March_2026.pdf,0,-15.3853,0,-24,36,58,22,0.0000,2026-03,2026-03-01,"Retrospective March 2026 snapshot; use revised cost/date only as outcome labels, not predictive features."
1139,"Construction of Elevated corridor from Km. 135.650 to 136.300 on 63, from Km. 249 to Km. 250.050 on old NH-4 and from Km. 192.910 to Km. 193.350 on NH-218 from decongestion of traffic in Ranichennamma circle in Hubli city in the state of Karnataka on EPC basis",MoRTH,617935,N24001938,Karnataka,08/2020,06/2021,06/2024,11/2026,298.0,349.49,167.23,52.0,111,2026-03-31,https://ipm.mospi.gov.in/Content/PDF/FlashReport_March_2026.pdf,1,17.2785,1,29,67,46,-21,56.1174,2026-03,2026-03-01,"Retrospective March 2026 snapshot; use revised cost/date only as outcome labels, not predictive features."
1140,Construction of Srinivasapura Bypass from existing Km 453.890 Design Ch. 0000 to existing Km 461.450 Design Ch 10080 on NH-69 in the State of Karnataka Under NH O in EPC mode under Annual Plan 2022-23 NH-69-KNT-2022-23-966 dated 22.11.2022,MoRTH,617950,-,Karnataka,11/2022,07/2025,01/2027,01/2027,204.42,204.42,0.0,0.0,111,2026-03-31,https://ipm.mospi.gov.in/Content/PDF/FlashReport_March_2026.pdf,0,0.0000,0,0,40,50,10,0.0000,2026-03,2026-03-01,"Retrospective March 2026 snapshot; use revised cost/date only as outcome labels, not predictive features."
1141,Balance work of Rehabilitation and upgrading to 2lane/2lane with paved shoulder configuration and strengthening from from Km 343.80 to 400.33 of Gowribidanur-Chik Ballapur section in the state of Karnataka Under Annual Plan 2021-22 under EPC Mode.-952,MoRTH,617954,N24001937,Karnataka,03/2022,02/2023,02/2025,04/2026,398.48,398.48,211.59,93.25,111,2026-03-31,https://ipm.mospi.gov.in/Content/PDF/FlashReport_March_2026.pdf,0,0.0000,1,14,48,35,-13,53.0993,2026-03,2026-03-01,"Retrospective March 2026 snapshot; use revised cost/date only as outcome labels, not predictive features."
1142,Widening to two lane with paved Shoulders from Km 40.00 to Km 75.00 Existing chainages of Mangalore - Tumkur section of NH-73 in the State of Karnataka on EPC Mode under Annual Plan 2021-22 Job No NH-73-KNT-2021-22-945,MoRTH,617955,N24002012,Karnataka,03/2022,03/2023,03/2025,12/2026,718.52,718.52,308.84,80.0,111,2026-03-31,https://ipm.mospi.gov.in/Content/PDF/FlashReport_March_2026.pdf,0,0.0000,1,21,48,36,-12,42.9828,2026-03,2026-03-01,"Retrospective March 2026 snapshot; use revised cost/date only as outcome labels, not predictive features."
1143,Construction of Major Bridge at Km.180.865 across river Krishna on NH 167 Hagari Jadcherla section,MoRTH,617989,N24001450,Karnataka,03/2019,05/2019,11/2021,03/2026,157.32,187.61,103.33,68.0,111,2026-03-31,https://ipm.mospi.gov.in/Content/PDF/FlashReport_March_2026.pdf,1,19.2538,1,52,84,32,-52,65.6814,2026-03,2026-03-01,"Retrospective March 2026 snapshot; use revised cost/date only as outcome labels, not predictive features."
1144,design Km 153.00 to 168.27 Mala Gate to Karkala of NH -169 on Shimoga - Mangalore section in the state of Karnataka on EPC mode under Annula Plan 2021-22 Job No. NH-169-KNT-2021-22-949,MoRTH,617998,N24000979,Karnataka,03/2022,02/2023,02/2025,03/2026,177.94,177.94,106.78,75.0,112,2026-03-31,https://ipm.mospi.gov.in/Content/PDF/FlashReport_March_2026.pdf,0,0.0000,1,13,48,35,-13,60.0090,2026-03,2026-03-01,"Retrospective March 2026 snapshot; use revised cost/date only as outcome labels, not predictive features."
1145,Widening to 2LPS from Km 67 to Km 115 on Kadur-Hosadurga section NH 173 in the state of Karnataka NH-173-KNT-2022-23-980 dated 13.03.2023,MoRTH,617999,-,Karnataka,03/2023,09/2024,04/2026,10/2026,471.62,471.62,80.08,64.33,112,2026-03-31,https://ipm.mospi.gov.in/Content/PDF/FlashReport_March_2026.pdf,0,0.0000,1,6,36,37,1,16.9798,2026-03,2026-03-01,"Retrospective March 2026 snapshot; use revised cost/date only as outcome labels, not predictive features."
1146,Widening to 2-Lane with Paved Shoulders from Km 116.800 to 149.070Design Changes on Hosadurga - Holalkere Section of NH-173 in the State of Karnataka on EPC mode under Annual Plan 2021-22 Job no. NH-173-KNT-2021-22-946,MoRTH,618000,N24001390,Karnataka,03/2022,08/2022,02/2024,04/2026,170.34,147.39,106.85,92.65,112,2026-03-31,https://ipm.mospi.gov.in/Content/PDF/FlashReport_March_2026.pdf,0,-13.4731,1,26,48,23,-25,62.7275,2026-03,2026-03-01,"Retrospective March 2026 snapshot; use revised cost/date only as outcome labels, not predictive features."
1147,Widening to 2LPS from Km 71.00 to 104.00 Existing chainages Sarjapur to Pattadkallu on Bhanapur to Gaddanakeri section NH-367 in the State of Karnataka under NHO on EPC mode under Annual Plan 2022-23 NH-367-KNT-2022-23-972 dated 08.02.2023,MoRTH,618027,-,Karnataka,02/2023,03/2024,03/2026,03/2026,445.62,445.62,0.0,65.0,112,2026-03-31,https://ipm.mospi.gov.in/Content/PDF/FlashReport_March_2026.pdf,0,0.0000,0,0,37,37,0,0.0000,2026-03,2026-03-01,"Retrospective March 2026 snapshot; use revised cost/date only as outcome labels, not predictive features."
1148,"Construction of Bypass at Kuknoor, Yelburga, Gajendragada of Bhanapur Gaddanakeri section of NH-367 in the State of Karnataka under NHO on EPC mode under Annual Plan 2022-23. NH-367-KNT-2022-23-973 dated 08.02.2023",MoRTH,618028,-,Karnataka,02/2023,06/2025,06/2027,06/2027,333.96,333.96,37.36,20.0,112,2026-03-31,https://ipm.mospi.gov.in/Content/PDF/FlashReport_March_2026.pdf,0,0.0000,0,0,37,52,15,11.1870,2026-03,2026-03-01,"Retrospective March 2026 snapshot; use revised cost/date only as outcome labels, not predictive features."
1149,Widening to 4 lane from Km. 133.00 to 158.04 design Chainage Km. 130.88 to 155.145 Shirur Cross to Gaddankeri of NH-367 in the State of Karnataka on EPC mode. Job No. NH-367-KNT-2021-22-930,MoRTH,618029,N24001941,Karnataka,01/2022,01/2023,01/2025,01/2027,350.69,312.06,191.38,78.08,112,2026-03-31,https://ipm.mospi.gov.in/Content/PDF/FlashReport_March_2026.pdf,0,-11.0154,1,24,50,36,-14,54.5724,2026-03,2026-03-01,"Retrospective March 2026 snapshot; use revised cost/date only as outcome labels, not predictive features."
1150,Widening to 2 lane with paved shoulder from Km. 103.225 Pattadakal to Km. 133.00 Shirur cross of NH-367 in the state of Karnataka on EPC Mode.Job No. NH-367-KNT- 2021-22-934,MoRTH,618030,N24001940,Karnataka,02/2022,11/2022,05/2024,12/2026,264.14,264.14,3.58,0.0,112,2026-03-31,https://ipm.mospi.gov.in/Content/PDF/FlashReport_March_2026.pdf,0,0.0000,1,31,49,27,-22,1.3553,2026-03,2026-03-01,"Retrospective March 2026 snapshot; use revised cost/date only as outcome labels, not predictive features."
1151,Balance work of Construction of Two/Four lane with paved shoulder from Km 422.000 to 523.600 Chitradurga to Shivamogga of NH-13 in the state of Kanataka on EPC mode.,MoRTH,618031,N24002011,Karnataka,01/2021,12/2021,12/2025,08/2026,516.96,516.96,105.04,75.0,112,2026-03-31,https://ipm.mospi.gov.in/Content/PDF/FlashReport_March_2026.pdf,0,0.0000,1,8,62,59,-3,20.3188,2026-03,2026-03-01,"Retrospective March 2026 snapshot; use revised cost/date only as outcome labels, not predictive features."
1152,"Widening to Two Lane with Paved Shoulders from KB Cross to Chunchanahalli ie., Design Ch. 485240 Km Existing Km 494.000 to Design Ch. 523393 Km Existing km 533.152 & From Design Ch. 530393 Existing Km 540.175 to Design Ch. 534476 Existing Km 544.200 at Nelligere of NH-150A on EPC mode under Annual Plan 2022-23 NH-150A-KNT-2022-23-977 dated 08.03.2023",MoRTH,618086,-,Karnataka,03/2023,07/2025,01/2027,01/2027,617.28,617.28,4.47,32.53,112,2026-03-31,https://ipm.mospi.gov.in/Content/PDF/FlashReport_March_2026.pdf,0,0.0000,0,0,36,46,10,0.7241,2026-03,2026-03-01,"Retrospective March 2026 snapshot; use revised cost/date only as outcome labels, not predictive features."
1153,Widening to intermediate/two lane to 2 lane with paved shoulder from Existing chanages Km 112.750 to 142.00 Liingasur to Mudabal cross & from Km. 147.070 to Km. 149.070 Maski city limit of Jewargi Chamrajnagar setion of NH-150A in the state of Karnataka on EPC mode. Job No. NH-150A-KNT-2021-22-951,MoRTH,618087,N24001944,Karnataka,03/2022,01/2023,07/2024,05/2026,255.88,255.88,179.66,93.0,112,2026-03-31,https://ipm.mospi.gov.in/Content/PDF/FlashReport_March_2026.pdf,0,0.0000,1,22,48,28,-20,70.2126,2026-03,2026-03-01,"Retrospective March 2026 snapshot; use revised cost/date only as outcome labels, not predictive features."
1154,Widening to Two Lane with Paved Shoulders from Km 0.00 Design Chainage 0.00 to Km 23.338 Design Chainage 23310 of NH-166E MH/KNT Border- Kanamadi- Bijjargi- Tikota section in the state of Karnataka in EPC Mode under Annual plan 2022-23 NH- 166E-KNT-2022-23-974,MoRTH,618095,-,Karnataka,02/2023,09/2024,03/2026,03/2026,196.05,196.05,0.0,30.0,112,2026-03-31,https://ipm.mospi.gov.in/Content/PDF/FlashReport_March_2026.pdf,0,0.0000,0,0,37,37,0,0.0000,2026-03,2026-03-01,"Retrospective March 2026 snapshot; use revised cost/date only as outcome labels, not predictive features."
1155,Widening to 4 lane from Km 51.60 to 76.20 Hebri to Parkala and from Km 85.20 to 88.90 Karavali junction to Malpe of Thirthahalli-Udupi-Malpe Section of NH-169A in the State of Karnataka on EPC Mode under Annual plan 2021-22 Job No. NH-169A- KNT-2021-22-927,MoRTH,618109,N24001948,Karnataka,01/2022,12/2022,12/2024,05/2026,355.72,355.72,179.25,76.86,112,2026-03-31,https://ipm.mospi.gov.in/Content/PDF/FlashReport_March_2026.pdf,0,0.0000,1,17,50,35,-15,50.3908,2026-03,2026-03-01,"Retrospective March 2026 snapshot; use revised cost/date only as outcome labels, not predictive features."
1156,Construction of Major Bridge Across Sharavathi Backwaters and approches between Ambargodu and Kalasavalli Near Sigandhur in Sagar Taluk on NH 369E in the State of Karnataka on EPC mode.Job No. NH-369E-KNT-2018-19-895 dated 06.03.2019.,MoRTH,618144,N24001281,Karnataka,03/2019,12/2019,12/2022,,423.15,423.15,0.0,0.0,112,2026-03-31,https://ipm.mospi.gov.in/Content/PDF/FlashReport_March_2026.pdf,0,0.0000,,,84,45,-39,0.0000,2026-03,2026-03-01,"Retrospective March 2026 snapshot; use revised cost/date only as outcome labels, not predictive features."
1157,Widening to 2 Lane with Paved Shoulders from design Km 103.200 Existing Km 103.200 to design Km 116.700 Existing Km 118.470 on AP/KNT Border to Sira Section of NH-544E in the State of Karnatakaon EPC mode under Annual plan 2022- 23,MoRTH,618147,-,Karnataka,01/2023,03/2024,09/2025,08/2026,166.58,166.58,35.33,40.0,112,2026-03-31,https://ipm.mospi.gov.in/Content/PDF/FlashReport_March_2026.pdf,0,0.0000,1,11,38,32,-6,21.2090,2026-03,2026-03-01,"Retrospective March 2026 snapshot; use revised cost/date only as outcome labels, not predictive features."
1158,Widening to two lane with paved shoulders from Km 0.00 to 102.310 Design Chainage of NH-548B Murrum-Maharashtra Border in the State of Karnataka,MoRTH,618149,,Karnataka,02/2023,01/2025,01/2027,01/2027,957.09,957.09,211.49,0.0,112,2026-03-31,https://ipm.mospi.gov.in/Content/PDF/FlashReport_March_2026.pdf,0,0.0000,0,0,37,47,10,22.0972,2026-03,2026-03-01,"Retrospective March 2026 snapshot; use revised cost/date only as outcome labels, not predictive features."
1159,chainages of NH-766C complete Realignment of 13.76 km with 2 major Bridges across Sharavathi Backwaters on EPC mode under Annual Plan 2022-23 in the state of Karnataka NH-766C-KNT-2022-23 dated 14.10.2022,MoRTH,618184,-,Karnataka,01/2023,02/2024,02/2026,12/2027,313.56,313.56,0.0,46.52,113,2026-03-31,https://ipm.mospi.gov.in/Content/PDF/FlashReport_March_2026.pdf,0,0.0000,1,22,38,37,-1,0.0000,2026-03,2026-03-01,"Retrospective March 2026 snapshot; use revised cost/date only as outcome labels, not predictive features."
1160,Widening to 2LPS from Km 0.000 to 37.850 Except Ex. Km 24.45 to 27.20 of NH-766c Byndoor-Ranebennur Section in the state of Karnataka on EPC Mode under Annual Plan 2022-23 NH-766C-KNT-2022-23-969 dated 30.12.2022,MoRTH,618185,-,Karnataka,12/2022,08/2025,08/2027,08/2027,394.95,394.95,0.0,0.0,113,2026-03-31,https://ipm.mospi.gov.in/Content/PDF/FlashReport_March_2026.pdf,0,0.0000,0,0,39,56,17,0.0000,2026-03,2026-03-01,"Retrospective March 2026 snapshot; use revised cost/date only as outcome labels, not predictive features."
1161,Widening to Two Lane with Paved Shoulder of NH-73 New Spur Road Ujire - Dharmasthala - Periyashanthi in the State of Karnataka under on HAM under NHO Annual Plan 2023-24Job No NH-73Spur-KNT-2023-24-996,MoRTH,618189,-,Karnataka,01/2024,11/2025,11/2027,,613.65,613.65,0.0,0.0,113,2026-03-31,https://ipm.mospi.gov.in/Content/PDF/FlashReport_March_2026.pdf,0,0.0000,,,26,46,20,0.0000,2026-03,2026-03-01,"Retrospective March 2026 snapshot; use revised cost/date only as outcome labels, not predictive features."
1162,4/6L of Bangalore - Pune Section of bypass connecting Dharwad - Hubli from km. 403.80 to km. 433.20,National Highways Authority of India [NHAI],618517,N24001994,Karnataka,12/2021,03/2023,09/2025,11/2026,1135.39,763.36,698.19,81.89,113,2026-03-31,https://ipm.mospi.gov.in/Content/PDF/FlashReport_March_2026.pdf,0,-32.7667,1,14,51,45,-6,61.4934,2026-03,2026-03-01,"Retrospective March 2026 snapshot; use revised cost/date only as outcome labels, not predictive features."
1163,Davanagere - Haveri of NH-48 Old NH-4 from km. 260.00 to km. 338.923,National Highways Authority of India [NHAI],618518,-,Karnataka,01/2017,01/2018,07/2020,09/2026,1454.67,1805.84,633.86,98.87,113,2026-03-31,https://ipm.mospi.gov.in/Content/PDF/FlashReport_March_2026.pdf,1,24.1409,1,74,110,42,-68,43.5741,2026-03,2026-03-01,"Retrospective March 2026 snapshot; use revised cost/date only as outcome labels, not predictive features."
1164,4L of km 0.00 to km 42.00 of Dobbaspet to Doddaballapura Bypass section of NH-648 old NH-207] [Bangalore Ring Road Pkg 1],National Highways Authority of India [NHAI],618520,-,Karnataka,08/2020,04/2021,04/2023,04/2026,1438.74,1786.57,926.25,99.2,113,2026-03-31,https://ipm.mospi.gov.in/Content/PDF/FlashReport_March_2026.pdf,1,24.1760,1,36,67,32,-35,64.3792,2026-03,2026-03-01,"Retrospective March 2026 snapshot; use revised cost/date only as outcome labels, not predictive features."
1165,6L of MH/KN Border Nimbal Village to KN/TS Border Singnodi Village from Km. 26.000 to Km. 97.000 in Gulbarga of NH-150C Pkg-II,National Highways Authority of India [NHAI],618630,N24001676,Karnataka,02/2022,12/2022,06/2025,08/2026,2355.56,1923.3,824.34,74.43,113,2026-03-31,https://ipm.mospi.gov.in/Content/PDF/FlashReport_March_2026.pdf,0,-18.3506,1,14,49,40,-9,34.9955,2026-03,2026-03-01,"Retrospective March 2026 snapshot; use revised cost/date only as outcome labels, not predictive features."
1166,4 Lane with PS from Des. Ch 228.500 to Des. Ch. 273.400 of Belgaum-Hungund- Raichur Section of NH 748 A Package-6,National Highways Authority of India [NHAI],618649,-,Karnataka,03/2023,11/2024,11/2026,11/2026,1246.15,1012.78,197.97,44.02,113,2026-03-31,https://ipm.mospi.gov.in/Content/PDF/FlashReport_March_2026.pdf,0,-18.7273,0,0,36,44,8,15.8865,2026-03,2026-03-01,"Retrospective March 2026 snapshot; use revised cost/date only as outcome labels, not predictive features."
1167,4 Lane with PS from Des. Ch 89.900 to Des. Ch. 136.100 of Belgaum-Hungund- Raichur Section of NH-748A Package-3,National Highways Authority of India [NHAI],618650,-,Karnataka,01/2024,04/2025,04/2027,04/2027,1363.9,1219.62,72.94,17.5,113,2026-03-31,https://ipm.mospi.gov.in/Content/PDF/FlashReport_March_2026.pdf,0,-10.5785,0,0,26,39,13,5.3479,2026-03,2026-03-01,"Retrospective March 2026 snapshot; use revised cost/date only as outcome labels, not predictive features."
1168,4 Lane with PS from Des. Ch 43.800 to Des. Ch. 89.900 of Belgaum-Hungund- Raichur Section of NH-748A Package-2,National Highways Authority of India [NHAI],618651,-,Karnataka,02/2024,03/2025,02/2027,02/2027,1427.88,1293.94,400.24,41.0,113,2026-03-31,https://ipm.mospi.gov.in/Content/PDF/FlashReport_March_2026.pdf,0,-9.3803,0,0,25,36,11,28.0304,2026-03,2026-03-01,"Retrospective March 2026 snapshot; use revised cost/date only as outcome labels, not predictive features."
1169,4LPS Access Controlled Highway of Bellary Bypass Balance work from Ch. 254750 to Ch. 266837 and construction of 4LPS from Ch. 277.690 to Ch. 278.690 at D. Hirehal Village Balance work of NH 150A of Bellary Byrapura Section,National Highways Authority of India [NHAI],618697,-,Karnataka,02/2024,08/2024,07/2026,07/2027,626.01,284.05,42.5,24.06,113,2026-03-31,https://ipm.mospi.gov.in/Content/PDF/FlashReport_March_2026.pdf,0,-54.6253,1,12,25,29,4,6.7890,2026-03,2026-03-01,"Retrospective March 2026 snapshot; use revised cost/date only as outcome labels, not predictive features."
1170,Challakere to Hariyur section from km 358.500 to km 414.205 of NH-150 A,National Highways Authority of India [NHAI],618698,-,Karnataka,03/2018,01/2021,01/2023,06/2025,1167.52,1873.58,843.6,99.5,113,2026-03-31,https://ipm.mospi.gov.in/Content/PDF/FlashReport_March_2026.pdf,1,60.4752,1,29,96,58,-38,72.2557,2026-03,2026-03-01,"Retrospective March 2026 snapshot; use revised cost/date only as outcome labels, not predictive features."
1171,4L of Addahole Near Gundya to Bantwal Cross section Pkg-02 from Design Km 270.270 to Design km 318.55 including flyover at Kalladka Town including approaches from Km. 311.57 to Km. 313.67 of NH-75 Old NH-48,National Highways Authority of India [NHAI],618702,N24001425,Karnataka,12/2020,11/2021,11/2023,04/2026,1660.19,1318.24,1264.16,93.52,113,2026-03-31,https://ipm.mospi.gov.in/Content/PDF/FlashReport_March_2026.pdf,0,-20.5970,1,29,63,35,-28,76.1455,2026-03,2026-03-01,"Retrospective March 2026 snapshot; use revised cost/date only as outcome labels, not predictive features."
1172,Bangalore-Nidagatta Pkg. I,National Highways Authority of India [NHAI],618706,-,Karnataka,02/2018,05/2019,11/2021,04/2026,3496.01,4087.42,1375.0,99.19,113,2026-03-31,https://ipm.mospi.gov.in/Content/PDF/FlashReport_March_2026.pdf,1,16.9167,1,53,97,45,-52,39.3306,2026-03,2026-03-01,"Retrospective March 2026 snapshot; use revised cost/date only as outcome labels, not predictive features."
1173,Additional works under BM1 to ensure road safety under 6L of Bengaluru Mysuru Access control with close toll from Km.17.300 to Km.136.300 of NH-275,National Highways Authority of India [NHAI],618707,-,Karnataka,11/2024,01/2026,01/2028,01/2028,738.37,738.37,0.0,5.31,113,2026-03-31,https://ipm.mospi.gov.in/Content/PDF/FlashReport_March_2026.pdf,0,0.0000,0,0,16,38,22,0.0000,2026-03,2026-03-01,"Retrospective March 2026 snapshot; use revised cost/date only as outcome labels, not predictive features."
1174,4L of Left-Over Works of Hospet-Bellary -Karnataka/AP border from Km.280.080 Dec.Ch. to Km.375450Des.Ch. of NH-63 New-67,National Highways Authority of India [NHAI],618709,N24001989,Karnataka,03/2023,05/2023,05/2025,02/2027,1340.15,992.6,843.55,90.12,113,2026-03-31,https://ipm.mospi.gov.in/Content/PDF/FlashReport_March_2026.pdf,0,-25.9337,1,21,36,26,-10,62.9444,2026-03,2026-03-01,"Retrospective March 2026 snapshot; use revised cost/date only as outcome labels, not predictive features."
1175,Belakeri Port to Kumta - Sirsi road from km 0.00 - km 4.265 of Belekeri Port Road Link Rd. and km 4.965 - km 60.00 of SH-69,National Highways Authority of India [NHAI],618799,N24001599,Karnataka,03/2018,12/2020,12/2022,05/2026,456.79,456.79,395.56,90.08,113,2026-03-31,https://ipm.mospi.gov.in/Content/PDF/FlashReport_March_2026.pdf,0,0.0000,1,41,96,57,-39,86.5956,2026-03,2026-03-01,"Retrospective March 2026 snapshot; use revised cost/date only as outcome labels, not predictive features."
1176,4L PS from near Hemmige Village Periyapatna - Hassan Road Jn. to near Hunsur - KR Nagar Jn section from Km. 144.900 to Km. 169.000 of NH-275 Pkg. III,National Highways Authority of India [NHAI],618870,-,Karnataka,02/2023,04/2025,04/2027,04/2027,883.62,1726.65,60.91,16.85,113,2026-03-31,https://ipm.mospi.gov.in/Content/PDF/FlashReport_March_2026.pdf,1,95.4064,0,0,37,50,13,6.8932,2026-03,2026-03-01,"Retrospective March 2026 snapshot; use revised cost/date only as outcome labels, not predictive features."
1177,Village Periyapatna - Hassan Road Jn from Km. 122.200 to Km. 144.900 of NH-275 Pkg. II,National Highways Authority of India [NHAI],618871,-,Karnataka,02/2023,12/2025,12/2027,12/2027,909.86,896.42,2.9,4.28,114,2026-03-31,https://ipm.mospi.gov.in/Content/PDF/FlashReport_March_2026.pdf,0,-1.4772,0,0,37,58,21,0.3187,2026-03,2026-03-01,"Retrospective March 2026 snapshot; use revised cost/date only as outcome labels, not predictive features."
1178,4L PS from near Hunsur - KR Nagar Junction to near Yalachahalli village KR Nagara - Yelawala Road Junction fcrom Km 169.000 to Km 195.550 of NH-275 Pkg-IV,National Highways Authority of India [NHAI],618872,-,Karnataka,02/2023,04/2025,04/2027,04/2027,1062.76,952.03,92.49,13.14,114,2026-03-31,https://ipm.mospi.gov.in/Content/PDF/FlashReport_March_2026.pdf,0,-10.4191,0,0,37,50,13,8.7028,2026-03,2026-03-01,"Retrospective March 2026 snapshot; use revised cost/date only as outcome labels, not predictive features."
1179,4L PS from near Yalachahalli village KR Nagara - Yelawala Road junction to Srirangapatna Bypass Near Paschima Vahini from km 195.550 to Km 214.535 of NH- 275 Pkg-V,National Highways Authority of India [NHAI],618873,-,Karnataka,01/2023,04/2025,04/2027,04/2027,1272.71,1203.2,97.25,12.0,114,2026-03-31,https://ipm.mospi.gov.in/Content/PDF/FlashReport_March_2026.pdf,0,-5.4616,0,0,38,51,13,7.6412,2026-03,2026-03-01,"Retrospective March 2026 snapshot; use revised cost/date only as outcome labels, not predictive features."
1180,4L of Bettadahalli- Shivamogga section from Km.170.415 to km. 226.750 of NH-206 Tumkur- Shivamogga Pkg-IV,National Highways Authority of India [NHAI],618887,N24001687,Karnataka,01/2019,10/2021,10/2023,03/2027,2082.98,2545.11,864.0,81.96,114,2026-03-31,https://ipm.mospi.gov.in/Content/PDF/FlashReport_March_2026.pdf,1,22.1860,1,41,86,57,-29,41.4790,2026-03,2026-03-01,"Retrospective March 2026 snapshot; use revised cost/date only as outcome labels, not predictive features."
1181,4L of Sannur to Bikarnakatte section from Km 691.350 to Km 736.362 of NH-169 Karkala - Mangalore Package-III,National Highways Authority of India [NHAI],618896,N24001680,Karnataka,03/2021,10/2022,10/2024,06/2026,1386.41,2038.71,915.67,67.68,114,2026-03-31,https://ipm.mospi.gov.in/Content/PDF/FlashReport_March_2026.pdf,1,47.0496,1,20,60,43,-17,66.0461,2026-03,2026-03-01,"Retrospective March 2026 snapshot; use revised cost/date only as outcome labels, not predictive features."
1182,Tumkur-Chitradurga,National Highways Authority of India [NHAI],619070,-,Karnataka,04/2010,06/2011,12/2013,06/2026,839.0,47.44,8.24,100.0,114,2026-03-31,https://ipm.mospi.gov.in/Content/PDF/FlashReport_March_2026.pdf,0,-94.3456,1,150,191,44,-147,0.9821,2026-03,2026-03-01,"Retrospective March 2026 snapshot; use revised cost/date only as outcome labels, not predictive features."
1183,Tumkur - Nelamangala 6L,National Highways Authority of India [NHAI],619071,N24001681,Karnataka,03/2021,08/2022,08/2025,03/2027,2032.15,1664.2,504.51,59.29,114,2026-03-31,https://ipm.mospi.gov.in/Content/PDF/FlashReport_March_2026.pdf,0,-18.1064,1,19,60,53,-7,24.8264,2026-03,2026-03-01,"Retrospective March 2026 snapshot; use revised cost/date only as outcome labels, not predictive features."
1184,Bangalore/TN border to Hoskote,National Highways Authority of India [NHAI],619072,N24001674,Karnataka,02/2022,02/2023,02/2025,07/2026,1181.68,1297.76,775.99,93.75,114,2026-03-31,https://ipm.mospi.gov.in/Content/PDF/FlashReport_March_2026.pdf,1,9.8233,1,17,49,36,-13,65.6684,2026-03,2026-03-01,"Retrospective March 2026 snapshot; use revised cost/date only as outcome labels, not predictive features."
1185,4L of 42.000 to km 80.00 of Dodaballapur Bypass to Hoskote section of NH-648 Old NH-207 [Bangalore Ring Road Pkg 2],National Highways Authority of India [NHAI],619073,-,Karnataka,02/2020,02/2021,02/2023,04/2026,1317.74,1846.52,1015.48,99.2,114,2026-03-31,https://ipm.mospi.gov.in/Content/PDF/FlashReport_March_2026.pdf,1,40.1278,1,38,73,36,-37,77.0622,2026-03,2026-03-01,"Retrospective March 2026 snapshot; use revised cost/date only as outcome labels, not predictive features."
1186,Goa / Karnataka Km.93.700 to Kundapur Km.283.30,National Highways Authority of India [NHAI],619096,N24000462,Karnataka,07/2012,03/2014,08/2016,07/2026,1644.92,1990.99,326.66,97.8,114,2026-03-31,https://ipm.mospi.gov.in/Content/PDF/FlashReport_March_2026.pdf,1,21.0387,1,119,164,49,-115,19.8587,2026-03,2026-03-01,"Retrospective March 2026 snapshot; use revised cost/date only as outcome labels, not predictive features."
1187,4 Lane with PS from Des. Ch 182.300 to Des. Ch. 228.500 of Belgaum-Hungund- Raichur Section of NH 748 A Package-5,National Highways Authority of India [NHAI],619106,-,Karnataka,03/2023,11/2024,11/2026,11/2026,1141.88,868.65,176.76,31.07,114,2026-03-31,https://ipm.mospi.gov.in/Content/PDF/FlashReport_March_2026.pdf,0,-23.9281,0,0,36,44,8,15.4797,2026-03,2026-03-01,"Retrospective March 2026 snapshot; use revised cost/date only as outcome labels, not predictive features."
1188,4 Lane with PS from Des. Ch 136.100 to Des. Ch. 182.300 of Belgaum-Hungund- Raichur Section of NH-748A Package-4,National Highways Authority of India [NHAI],619107,-,Karnataka,02/2024,09/2025,09/2027,09/2027,1311.41,1123.35,4.66,8.01,114,2026-03-31,https://ipm.mospi.gov.in/Content/PDF/FlashReport_March_2026.pdf,0,-14.3403,0,0,25,43,18,0.3553,2026-03,2026-03-01,"Retrospective March 2026 snapshot; use revised cost/date only as outcome labels, not predictive features."
1189,4 Lane with PS from Des. Ch 0.000 to Des. Ch. 43.800 of Belgaum-Hungund-Raichur Section of NH-748A Package-1,National Highways Authority of India [NHAI],619108,-,Karnataka,02/2024,06/2025,06/2027,06/2027,1452.43,1256.55,126.2,28.5,114,2026-03-31,https://ipm.mospi.gov.in/Content/PDF/FlashReport_March_2026.pdf,0,-13.4864,0,0,25,40,15,8.6889,2026-03,2026-03-01,"Retrospective March 2026 snapshot; use revised cost/date only as outcome labels, not predictive features."
1190,Hassan km 184.912 to Maranahally km 230.060 of NH - 75 in Karnataka,National Highways Authority of India [NHAI],619117,-,Karnataka,12/2015,03/2017,03/2019,04/2026,1021.57,1091.4,695.38,97.8,114,2026-03-31,https://ipm.mospi.gov.in/Content/PDF/FlashReport_March_2026.pdf,1,6.8356,1,85,123,39,-84,68.0697,2026-03,2026-03-01,"Retrospective March 2026 snapshot; use revised cost/date only as outcome labels, not predictive features."
1191,Nidagatta-Mysore Pkg II,National Highways Authority of India [NHAI],619120,-,Karnataka,02/2018,12/2019,06/2022,04/2026,2919.8,4113.89,1378.91,99.19,114,2026-03-31,https://ipm.mospi.gov.in/Content/PDF/FlashReport_March_2026.pdf,1,40.8963,1,46,97,52,-45,47.2262,2026-03,2026-03-01,"Retrospective March 2026 snapshot; use revised cost/date only as outcome labels, not predictive features."
1192,4L of Hubli - Hospet Section of NH-63 from Km 128.850 to Km 272.571,National Highways Authority of India [NHAI],619121,-,Karnataka,07/2016,03/2017,03/2020,05/2026,2531.99,3619.32,1275.33,99.65,114,2026-03-31,https://ipm.mospi.gov.in/Content/PDF/FlashReport_March_2026.pdf,1,42.9437,1,74,116,44,-72,50.3687,2026-03,2026-03-01,"Retrospective March 2026 snapshot; use revised cost/date only as outcome labels, not predictive features."
1193,Yekkambi-Haveri,National Highways Authority of India [NHAI],619138,N24001682,Karnataka,09/2021,03/2022,03/2024,03/2027,309.9,309.9,72.86,20.78,114,2026-03-31,https://ipm.mospi.gov.in/Content/PDF/FlashReport_March_2026.pdf,0,0.0000,1,36,54,30,-24,23.5108,2026-03,2026-03-01,"Retrospective March 2026 snapshot; use revised cost/date only as outcome labels, not predictive features."
1194,Hospet - Chitradurga from km. 299.00 to km. 418.750,National Highways Authority of India [NHAI],619144,-,Karnataka,03/2015,02/2016,08/2018,06/2026,1519.72,387.48,35.48,100.0,114,2026-03-31,https://ipm.mospi.gov.in/Content/PDF/FlashReport_March_2026.pdf,0,-74.5032,1,94,132,41,-91,2.3346,2026-03,2026-03-01,"Retrospective March 2026 snapshot; use revised cost/date only as outcome labels, not predictive features."
1195,BRT Tiger Reserve Boundary Km.287.500 to Bangalore Section Km.458.420 of NH- 209 in Karnataka,National Highways Authority of India [NHAI],619150,-,Karnataka,04/2016,08/2017,08/2019,05/2026,2082.69,2859.93,718.08,99.7,114,2026-03-31,https://ipm.mospi.gov.in/Content/PDF/FlashReport_March_2026.pdf,1,37.3190,1,81,119,40,-79,34.4785,2026-03,2026-03-01,"Retrospective March 2026 snapshot; use revised cost/date only as outcome labels, not predictive features."
1196,Belgaum-Khanapur Pkg I Km 0.000-Km 30.800 of NH-4A,National Highways Authority of India [NHAI],619164,-,Karnataka,03/2018,03/2019,09/2021,03/2027,1214.3,1195.74,479.2,71.41,114,2026-03-31,https://ipm.mospi.gov.in/Content/PDF/FlashReport_March_2026.pdf,0,-1.5285,1,66,96,42,-54,39.4631,2026-03,2026-03-01,"Retrospective March 2026 snapshot; use revised cost/date only as outcome labels, not predictive features."
1198,Hassan section,National Highways Authority of India [NHAI],619214,-,Karnataka,04/2020,01/2021,01/2023,06/2026,688.0,684.54,569.97,82.34,115,2026-03-31,https://ipm.mospi.gov.in/Content/PDF/FlashReport_March_2026.pdf,0,-0.5029,1,41,71,33,-38,82.8445,2026-03,2026-03-01,"Retrospective March 2026 snapshot; use revised cost/date only as outcome labels, not predictive features."
1199,4L Tumkur-Shimoga Pkg-I from Mallasandra to Karadi village of NH-206 from Km. 12.300 to Km. 65.195,National Highways Authority of India [NHAI],619218,-,Karnataka,02/2018,10/2019,10/2021,04/2026,1364.14,1692.12,551.42,100.0,115,2026-03-31,https://ipm.mospi.gov.in/Content/PDF/FlashReport_March_2026.pdf,1,24.0430,1,54,97,44,-53,40.4225,2026-03,2026-03-01,"Retrospective March 2026 snapshot; use revised cost/date only as outcome labels, not predictive features."
1200,4L of Tumkur-Shimoga Pkg-II from Km 65.195 Karadi to Km 121.900 Banawara of NH-206,National Highways Authority of India [NHAI],619219,-,Karnataka,02/2018,10/2019,10/2021,04/2026,1505.85,1989.89,586.41,99.97,115,2026-03-31,https://ipm.mospi.gov.in/Content/PDF/FlashReport_March_2026.pdf,1,32.1440,1,54,97,44,-53,38.9421,2026-03,2026-03-01,"Retrospective March 2026 snapshot; use revised cost/date only as outcome labels, not predictive features."
1201,Tumkur-Shimoga Pkg-III from Km 121.900 Banawara to Km 170.415 Bettadahalli of Old NH-206,National Highways Authority of India [NHAI],619220,-,Karnataka,02/2018,03/2021,03/2023,04/2026,1444.5,1834.81,816.79,96.63,115,2026-03-31,https://ipm.mospi.gov.in/Content/PDF/FlashReport_March_2026.pdf,1,27.0204,1,37,97,61,-36,56.5448,2026-03,2026-03-01,"Retrospective March 2026 snapshot; use revised cost/date only as outcome labels, not predictive features."
1202,Widening to 2 Lanes with paved shoulders from Km.87/000 to 133/720 Nattukal to Thanau Jn. in Palakkad of NH-966 Old NH-213 on EPC mode Basis under NHO Annual Plan 2016-17 in the state of Kerala,MoRTH,618070,N24001369,Kerala,02/2017,08/2017,08/2019,04/2026,294.28,315.63,0.0,98.0,115,2026-03-31,https://ipm.mospi.gov.in/Content/PDF/FlashReport_March_2026.pdf,1,7.2550,1,80,109,30,-79,0.0000,2026-03,2026-03-01,"Retrospective March 2026 snapshot; use revised cost/date only as outcome labels, not predictive features."
1203,6L of Chengala - Neeleshwaram from km. 56.200 to km. 93.468,National Highways Authority of India [NHAI],618595,N24001664,Kerala,06/2020,10/2021,04/2024,03/2027,1746.45,2538.06,785.78,90.02,115,2026-03-31,https://ipm.mospi.gov.in/Content/PDF/FlashReport_March_2026.pdf,1,45.3268,1,35,69,46,-23,44.9930,2026-03,2026-03-01,"Retrospective March 2026 snapshot; use revised cost/date only as outcome labels, not predictive features."
1204,6L of Taliparamba to Muzhappilangad from Km 134.650 to Km 170.6 of NH-66,National Highways Authority of India [NHAI],618596,N24001660,Kerala,08/2020,11/2021,05/2024,12/2027,2714.6,3557.65,1008.4,82.44,115,2026-03-31,https://ipm.mospi.gov.in/Content/PDF/FlashReport_March_2026.pdf,1,31.0561,1,43,67,45,-22,37.1473,2026-03,2026-03-01,"Retrospective March 2026 snapshot; use revised cost/date only as outcome labels, not predictive features."
1205,6L of Azhiyur-Vengalam from km. 189.200 to km. 230.400 of NH-66,National Highways Authority of India [NHAI],618597,N24001661,Kerala,10/2020,10/2021,07/2024,05/2027,3205.77,3898.46,771.49,60.07,115,2026-03-31,https://ipm.mospi.gov.in/Content/PDF/FlashReport_March_2026.pdf,1,21.6076,1,34,65,45,-20,24.0657,2026-03,2026-03-01,"Retrospective March 2026 snapshot; use revised cost/date only as outcome labels, not predictive features."
1206,6L Minor Bridge Paloli Palam at km. 203.160 & Major Bridge Morad at km. 204.895 and allied works,National Highways Authority of India [NHAI],618598,N24001652,Kerala,03/2020,12/2020,06/2022,04/2026,210.0,216.94,77.9,100.0,115,2026-03-31,https://ipm.mospi.gov.in/Content/PDF/FlashReport_March_2026.pdf,1,3.3048,1,46,72,27,-45,37.0952,2026-03,2026-03-01,"Retrospective March 2026 snapshot; use revised cost/date only as outcome labels, not predictive features."
1207,6L of Ramanatukkara Junction to start of Valanchery bypass section of NH-66,National Highways Authority of India [NHAI],618599,N24001658,Kerala,01/2021,01/2022,07/2024,04/2026,4924.11,4919.46,1762.86,99.75,115,2026-03-31,https://ipm.mospi.gov.in/Content/PDF/FlashReport_March_2026.pdf,0,-0.0944,1,21,62,42,-20,35.8006,2026-03,2026-03-01,"Retrospective March 2026 snapshot; use revised cost/date only as outcome labels, not predictive features."
1208,6L of Valanchery bypass to Kappirikkad of NH 66 from km. 298500 to km 335850,National Highways Authority of India [NHAI],618600,N24001659,Kerala,02/2021,01/2022,07/2024,04/2026,4023.94,4023.94,1466.03,98.84,115,2026-03-31,https://ipm.mospi.gov.in/Content/PDF/FlashReport_March_2026.pdf,0,0.0000,1,21,61,41,-20,36.4327,2026-03,2026-03-01,"Retrospective March 2026 snapshot; use revised cost/date only as outcome labels, not predictive features."
1209,6L of Kappirikkad to Thalikulam section from km 335.85 to km 369.015 of NH - 66 old NH-17,National Highways Authority of India [NHAI],618601,N24001655,Kerala,06/2021,09/2022,01/2025,06/2026,4225.59,4225.59,648.31,88.2,115,2026-03-31,https://ipm.mospi.gov.in/Content/PDF/FlashReport_March_2026.pdf,0,0.0000,1,17,57,43,-14,15.3425,2026-03,2026-03-01,"Retrospective March 2026 snapshot; use revised cost/date only as outcome labels, not predictive features."
1210,6L of Thalikulam to Kodugallur section from km 369.015 to km 397.850 of NH - 66 old NH-17,National Highways Authority of India [NHAI],618602,N24001656,Kerala,06/2021,09/2022,02/2025,06/2026,4302.06,4302.06,705.39,84.18,115,2026-03-31,https://ipm.mospi.gov.in/Content/PDF/FlashReport_March_2026.pdf,0,0.0000,1,16,57,44,-13,16.3966,2026-03,2026-03-01,"Retrospective March 2026 snapshot; use revised cost/date only as outcome labels, not predictive features."
1211,6L of Kodugallur to Edapppally section from km 397.750 to km 423.780 of NH - 66 old NH-17,National Highways Authority of India [NHAI],618603,N24001653,Kerala,11/2021,10/2022,04/2025,12/2026,3465.82,3606.2,767.68,64.93,115,2026-03-31,https://ipm.mospi.gov.in/Content/PDF/FlashReport_March_2026.pdf,1,4.0504,1,20,52,41,-11,22.1500,2026-03,2026-03-01,"Retrospective March 2026 snapshot; use revised cost/date only as outcome labels, not predictive features."
1212,Aroor-Thuravoor Thekku,National Highways Authority of India [NHAI],618604,N24001648,Kerala,08/2022,02/2023,01/2026,06/2026,2429.52,2382.83,1677.4,83.93,115,2026-03-31,https://ipm.mospi.gov.in/Content/PDF/FlashReport_March_2026.pdf,0,-1.9218,1,5,43,41,-2,69.0424,2026-03,2026-03-01,"Retrospective March 2026 snapshot; use revised cost/date only as outcome labels, not predictive features."
1213,Thuravoor Thekku-Paravoor,National Highways Authority of India [NHAI],618605,N24001651,Kerala,09/2021,03/2022,09/2024,05/2026,2878.97,2638.67,1998.42,76.31,115,2026-03-31,https://ipm.mospi.gov.in/Content/PDF/FlashReport_March_2026.pdf,0,-8.3467,1,20,54,36,-18,69.4144,2026-03,2026-03-01,"Retrospective March 2026 snapshot; use revised cost/date only as outcome labels, not predictive features."
1214,Paravoor-Kottankulangara,National Highways Authority of India [NHAI],618606,N24001649,Kerala,12/2021,08/2022,02/2025,08/2026,3273.61,3200.24,1185.17,71.2,115,2026-03-31,https://ipm.mospi.gov.in/Content/PDF/FlashReport_March_2026.pdf,0,-2.2413,1,18,51,38,-13,36.2038,2026-03,2026-03-01,"Retrospective March 2026 snapshot; use revised cost/date only as outcome labels, not predictive features."
1215,Kottankulangara- Start of Kollam Bypass,National Highways Authority of India [NHAI],618607,N24001657,Kerala,06/2021,04/2022,10/2024,08/2026,2842.14,3680.49,783.02,73.89,115,2026-03-31,https://ipm.mospi.gov.in/Content/PDF/FlashReport_March_2026.pdf,1,29.4971,1,22,57,40,-17,27.5504,2026-03,2026-03-01,"Retrospective March 2026 snapshot; use revised cost/date only as outcome labels, not predictive features."
1216,Widening/Development of Existing NH-85 from Km 0.000 to Km 124.636 section to 2L/LPS section in the state of Kerala on EPC Mode under Bharatmala Pariyojana,National Highways Authority of India [NHAI],618708,N24002074,Kerala,09/2022,06/2023,06/2025,05/2026,1187.47,1265.47,631.69,52.71,115,2026-03-31,https://ipm.mospi.gov.in/Content/PDF/FlashReport_March_2026.pdf,1,6.5686,1,11,42,33,-9,53.1963,2026-03,2026-03-01,"Retrospective March 2026 snapshot; use revised cost/date only as outcome labels, not predictive features."
1217,Kozhikode Bypass Calicut Bypass Vengalam Jn. to Ramanattukara Jn.,National Highways Authority of India [NHAI],619098,N24000784,Kerala,02/2018,02/2021,02/2023,04/2026,1424.77,2139.18,927.08,98.75,115,2026-03-31,https://ipm.mospi.gov.in/Content/PDF/FlashReport_March_2026.pdf,1,50.1421,1,38,97,60,-37,65.0687,2026-03,2026-03-01,"Retrospective March 2026 snapshot; use revised cost/date only as outcome labels, not predictive features."
1218,6L of Perole Nileshwar town to Taliparamba from Km 94.248 to Km 134.650 of NH-66,National Highways Authority of India [NHAI],,,Kerala,06/2020,,01/2024,,3041.65,,966.76,86.4,115,2026-03-31,https://ipm.mospi.gov.in/Content/PDF/FlashReport_March_2026.pdf,,,,,69,43,-26,31.7841,2026-03,2026-03-01,"Retrospective March 2026 snapshot; use revised cost/date only as outcome labels, not predictive features."
1219,Start of Kollam Bypass - Kadambattukonam,National Highways Authority of India [NHAI],619207,-,Kerala,06/2021,10/2022,03/2025,06/2026,2641.37,3309.06,867.3,81.8,116,2026-03-31,https://ipm.mospi.gov.in/Content/PDF/FlashReport_March_2026.pdf,1,25.2782,1,15,57,45,-12,32.8352,2026-03,2026-03-01,"Retrospective March 2026 snapshot; use revised cost/date only as outcome labels, not predictive features."
1220,Kadambattukonam-Kazhakuttom,National Highways Authority of India [NHAI],619208,-,Kerala,12/2021,07/2022,01/2025,12/2026,3635.64,3526.33,524.28,44.34,116,2026-03-31,https://ipm.mospi.gov.in/Content/PDF/FlashReport_March_2026.pdf,0,-3.0066,1,23,51,37,-14,14.4206,2026-03,2026-03-01,"Retrospective March 2026 snapshot; use revised cost/date only as outcome labels, not predictive features."
1221,Kargil Zanskar Road,NHIDCL,618408,N24001348,Ladakh,03/2021,07/2021,01/2023,07/2026,398.37,398.37,282.19,90.59,116,2026-03-31,https://ipm.mospi.gov.in/Content/PDF/FlashReport_March_2026.pdf,0,0.0000,1,42,60,22,-38,70.8362,2026-03,2026-03-01,"Retrospective March 2026 snapshot; use revised cost/date only as outcome labels, not predictive features."
1222,Widening & Up-gradation to 2 lane with Paved shoulder of NH-301 Kargil- Zanskar Road from Design km 57.000 Ex. Km. 57.905 to Km 87.000 Ex. Km. 88.2491 of 30.000 Km length Pkg-lll,NHIDCL,618409,N24001345,Ladakh,03/2021,07/2021,01/2023,07/2026,381.01,381.01,221.62,82.74,116,2026-03-31,https://ipm.mospi.gov.in/Content/PDF/FlashReport_March_2026.pdf,0,0.0000,1,42,60,22,-38,58.1665,2026-03,2026-03-01,"Retrospective March 2026 snapshot; use revised cost/date only as outcome labels, not predictive features."
1223,Widening & Up-gradation to 2 lane with paved shoulder of NH-301 Kargil- Zanskar Road from Design Km .30.040 Ex. Km. 30.000 to Design Km 57.000 Ex. Km. 57.905 of 26.960 Km length Pkg-II,NHIDCL,618410,N24001344,Ladakh,03/2021,07/2021,01/2023,10/2026,404.89,404.89,321.28,75.38,116,2026-03-31,https://ipm.mospi.gov.in/Content/PDF/FlashReport_March_2026.pdf,0,0.0000,1,45,60,22,-38,79.3499,2026-03,2026-03-01,"Retrospective March 2026 snapshot; use revised cost/date only as outcome labels, not predictive features."
1224,Construction of Rewa Bypass to 4-lane with paved shoulder along with service road from Ratahara Chowk to Chorhata Chowk Road section of NH-30 from km 00.000 to 19.200 in the State of Madhya Pradesh on Hybrid Annuity Mode HAM.,MoRTH,617909,-,Madhya Pradesh,03/2024,02/2025,02/2027,02/2027,648.05,648.05,0.0,50.0,116,2026-03-31,https://ipm.mospi.gov.in/Content/PDF/FlashReport_March_2026.pdf,0,0.0000,0,0,24,35,11,0.0000,2026-03,2026-03-01,"Retrospective March 2026 snapshot; use revised cost/date only as outcome labels, not predictive features."
1225,Rehabilitation and upgradation Umaria to Shahdol section of NH-78 from Existing Km. 68/4 to Km. 142/2 to 2LPS including construction of Birshinghpur and Shahdol Bypass on EPC mode under NHDP-IVA,MoRTH,617911,N24000513,Madhya Pradesh,03/2015,08/2015,07/2017,06/2026,511.83,613.16,0.0,94.5,116,2026-03-31,https://ipm.mospi.gov.in/Content/PDF/FlashReport_March_2026.pdf,1,19.7976,1,107,132,28,-104,0.0000,2026-03,2026-03-01,"Retrospective March 2026 snapshot; use revised cost/date only as outcome labels, not predictive features."
1226,Upgradation and reconstruction of Shahpura-Dindori Section of NH 45 from Km 103.700 Design to Km 164.580 Design including 3 bypasses Total length 60.88km to Two lane with paved shoulder configuration along with One time improvement in 03 nos of bypassed built-up areas in a total length of 12.341 km in the State of Madhya Pradesh on EPC mode,MoRTH,617914,-,Madhya Pradesh,03/2022,01/2024,12/2025,06/2026,241.23,250.09,0.0,29.09,116,2026-03-31,https://ipm.mospi.gov.in/Content/PDF/FlashReport_March_2026.pdf,1,3.6728,1,6,48,45,-3,0.0000,2026-03,2026-03-01,"Retrospective March 2026 snapshot; use revised cost/date only as outcome labels, not predictive features."
1227,Upgradation of Dindori-Sagartola-kabichabutra MP-CG border section of NH -45 from km 000Design to km 77.00 Design to Two lane with paved shoulder configration along with one time improvement in 04 nos. of bypaased built-up areas in a total length of 9.1 km in the state of Madhya Pradesh on EPC mode.,MoRTH,617915,N24002019,Madhya Pradesh,01/2022,09/2023,09/2025,03/2026,329.14,319.09,0.0,93.68,116,2026-03-31,https://ipm.mospi.gov.in/Content/PDF/FlashReport_March_2026.pdf,0,-3.0534,1,6,50,44,-6,0.0000,2026-03,2026-03-01,"Retrospective March 2026 snapshot; use revised cost/date only as outcome labels, not predictive features."
1228,Upgradation & widening of Jharkheda- Berasia - Dholkhedi from design km 0000 to km 87900 Design length 87.90km of NH-346 including 3 nos. bypasses of 13.10 Km in the State of Madhya Pradesh under EPC mode.,MoRTH,618019,N24001964,Madhya Pradesh,03/2022,05/2023,05/2025,06/2026,365.21,365.21,0.0,88.0,116,2026-03-31,https://ipm.mospi.gov.in/Content/PDF/FlashReport_March_2026.pdf,0,0.0000,1,13,48,38,-10,0.0000,2026-03,2026-03-01,"Retrospective March 2026 snapshot; use revised cost/date only as outcome labels, not predictive features."
1229,"Rehabilitation & Upgradation of KurwaiMungaoliChanderi Road section of NH-346, from Design Chainge 0.000 to 81.300 Km Total length 83.1 km to Two lane with paved shoulder configuration along with One time improvement in 07 nos of bypassed built- up areas in a total length of 22.615 km in the state of Madhya Pradesh on EPC mode.",MoRTH,618020,N24001965,Madhya Pradesh,03/2022,02/2023,02/2025,06/2026,386.49,386.49,164.43,64.71,116,2026-03-31,https://ipm.mospi.gov.in/Content/PDF/FlashReport_March_2026.pdf,0,0.0000,1,16,48,35,-13,42.5444,2026-03,2026-03-01,"Retrospective March 2026 snapshot; use revised cost/date only as outcome labels, not predictive features."
1230,Up-gradation of Pichhore- Dinara section of NH-346 from Km 292.750 to 334.550 to two lane with paved shoulders in the state of Madhya Pradesh on EPC mode,MoRTH,618021,-,Madhya Pradesh,02/2024,12/2025,06/2027,06/2027,425.97,425.97,0.0,19.31,116,2026-03-31,https://ipm.mospi.gov.in/Content/PDF/FlashReport_March_2026.pdf,0,0.0000,0,0,25,40,15,0.0000,2026-03,2026-03-01,"Retrospective March 2026 snapshot; use revised cost/date only as outcome labels, not predictive features."
1231,Rehabilitation & Upgradation of existing intermediate lane to two Lane with paved shoulder from km. 0.600 Gulganj bypass on NH-34 to km. 43.00 Barna River length 42.400 km. on Gulganj-Amanganj-Pawai-Katni NH43 Extn. in the state of Madhya Pradesh on EPCmode.,MoRTH,618035,-,Madhya Pradesh,03/2023,11/2024,05/2026,05/2026,275.4,275.4,0.0,49.53,116,2026-03-31,https://ipm.mospi.gov.in/Content/PDF/FlashReport_March_2026.pdf,0,0.0000,0,0,36,38,2,0.0000,2026-03,2026-03-01,"Retrospective March 2026 snapshot; use revised cost/date only as outcome labels, not predictive features."
1232,Upgradation and reconstruction of existing intermediate lane to two Lane with paved shoulder configuration from km. 43.00 Barna River to km. 77.00 ken river length 34.00 km. on Gulganj-Amanganj-Pawai-Katni NH43 Extn. along with One time improvement in 01 no. of bypassed built-up area in a total length of 1.585 km in the state of Madhya Pradesh on EPCmode.,MoRTH,618036,-,Madhya Pradesh,03/2023,11/2024,11/2026,11/2026,315.55,315.55,0.0,25.3,116,2026-03-31,https://ipm.mospi.gov.in/Content/PDF/FlashReport_March_2026.pdf,0,0.0000,0,0,36,44,8,0.0000,2026-03,2026-03-01,"Retrospective March 2026 snapshot; use revised cost/date only as outcome labels, not predictive features."
1233,Upgradation and reconstruction of Dindori - Mandla Section of NH 543 from Km 77100 Design to Km 170580 Design Total length 93.48km to Two lane with paved shoulder configuration along with One time improvement in 04 nos of bypassed built-up areas in a total length of 7.23 km in the state of Madhya Pradesh on EPC mode,MoRTH,618043,-,Madhya Pradesh,03/2022,01/2024,07/2026,07/2026,492.12,523.71,0.0,87.5,116,2026-03-31,https://ipm.mospi.gov.in/Content/PDF/FlashReport_March_2026.pdf,1,6.4192,0,0,48,52,4,0.0000,2026-03,2026-03-01,"Retrospective March 2026 snapshot; use revised cost/date only as outcome labels, not predictive features."
1234,"Construction of Mihona bypass, Lahar bypass, Daboh bypass & Bhander Bypass total length 20.60 km to 2-lane with paved shoulder from on Mihona-Bhander-MP/UP border section of NH 552E in the State of Madhya Pradesh on EPC mode",MoRTH,,,Madhya Pradesh,03/2022,06/2023,12/2024,,179.18,179.18,71.77,67.0,116,2026-03-31,https://ipm.mospi.gov.in/Content/PDF/FlashReport_March_2026.pdf,0,0.0000,,,48,33,-15,40.0547,2026-03,2026-03-01,"Retrospective March 2026 snapshot; use revised cost/date only as outcome labels, not predictive features."
1235,Nagod bypass total length 15.44 Km to 2-lane with paved shoulders flexible pavement on NH-943 in the State of Madhya Pradesh on EPC Mode.,MoRTH,618068,N24002020,Madhya Pradesh,03/2022,10/2023,10/2025,12/2026,158.36,158.36,0.0,60.0,117,2026-03-31,https://ipm.mospi.gov.in/Content/PDF/FlashReport_March_2026.pdf,0,0.0000,1,14,48,43,-5,0.0000,2026-03,2026-03-01,"Retrospective March 2026 snapshot; use revised cost/date only as outcome labels, not predictive features."
1236,Upgradation of Nasrullagani-Rehti-Budhni Scction to 2-lane with paved shoulder from Km 0150 to Km 50500 of NH-146B in the state of Madhya Pradesh on EPC mode.,MoRTH,618085,N24001963,Madhya Pradesh,12/2021,04/2023,10/2024,06/2026,305.12,293.74,0.0,78.0,117,2026-03-31,https://ipm.mospi.gov.in/Content/PDF/FlashReport_March_2026.pdf,0,-3.7297,1,20,51,34,-17,0.0000,2026-03,2026-03-01,"Retrospective March 2026 snapshot; use revised cost/date only as outcome labels, not predictive features."
1237,"Construction of Kasrawad bypass, Selani bypass, Khargone bypass & Bistan bypass Total length. 31.950 km Section of NH-347 C to Two lane with paved shoulder configuration in the State of Madhya Pradesh on EPC mode.",MoRTH,618129,-,Madhya Pradesh,03/2023,12/2024,12/2026,12/2026,467.93,467.93,0.0,86.03,117,2026-03-31,https://ipm.mospi.gov.in/Content/PDF/FlashReport_March_2026.pdf,0,0.0000,0,0,36,45,9,0.0000,2026-03,2026-03-01,"Retrospective March 2026 snapshot; use revised cost/date only as outcome labels, not predictive features."
1238,"Construction of Morena bypass, Ambah bypass & Porsa bypass Totat length 27.16 km Section of NH-552 Ext. to TWo lane with paved shoulder configuration in the state of Madhya Pradesh on EPC mode",MoRTH,618156,-,Madhya Pradesh,02/2023,10/2024,10/2026,10/2026,492.66,492.66,0.0,62.99,117,2026-03-31,https://ipm.mospi.gov.in/Content/PDF/FlashReport_March_2026.pdf,0,0.0000,0,0,37,44,7,0.0000,2026-03,2026-03-01,"Retrospective March 2026 snapshot; use revised cost/date only as outcome labels, not predictive features."
1239,Construction of Ater realignment & Bhind bypass Total length. 21.50 km Section of NH-552Extn. to Two lane with paved shoulder configuration in the State of Madhya Pradesh on EPC mode.,MoRTH,618157,-,Madhya Pradesh,03/2023,12/2024,06/2026,06/2026,348.06,348.06,0.0,68.27,117,2026-03-31,https://ipm.mospi.gov.in/Content/PDF/FlashReport_March_2026.pdf,0,0.0000,0,0,36,39,3,0.0000,2026-03,2026-03-01,"Retrospective March 2026 snapshot; use revised cost/date only as outcome labels, not predictive features."
1240,"Upgradation of Goras to Shyampur Road section of NH-552 Ext., from Design Chainge 48.400 to 111.800 Km Total length 63.40 km to two lane with paved shoulder configuration along with One time improvement of 8.91 km in the state of Madhya Pradesh on EPC mode",MoRTH,618158,-,Madhya Pradesh,03/2023,12/2024,12/2026,12/2026,416.96,416.96,0.0,13.11,117,2026-03-31,https://ipm.mospi.gov.in/Content/PDF/FlashReport_March_2026.pdf,0,0.0000,0,0,36,45,9,0.0000,2026-03,2026-03-01,"Retrospective March 2026 snapshot; use revised cost/date only as outcome labels, not predictive features."
1241,Construction of Two lane with paved shoulder configuration of Shujalpur Bypass section of NH-752C from km 33100 Design to km. 42570 Design total design length 10.470 km in the State of Madhya Pradesh on EPC mode.,MoRTH,618170,-,Madhya Pradesh,03/2023,03/2024,09/2025,05/2026,214.07,214.07,0.0,35.19,117,2026-03-31,https://ipm.mospi.gov.in/Content/PDF/FlashReport_March_2026.pdf,0,0.0000,1,8,36,30,-6,0.0000,2026-03,2026-03-01,"Retrospective March 2026 snapshot; use revised cost/date only as outcome labels, not predictive features."
1242,"Work of Upgradation of Jirapur-Pachore Road including Pachore, Jirapur, Chhapiheda & Khujner Bypasses from 0000 to 58790 Design Length 58.79 Km section of NH-752C to 2LPS in the State of Madhya Pradesh under EPC mode",MoRTH,618171,-,Madhya Pradesh,03/2022,01/2024,01/2026,08/2026,352.69,352.69,0.0,47.29,117,2026-03-31,https://ipm.mospi.gov.in/Content/PDF/FlashReport_March_2026.pdf,0,0.0000,1,7,48,46,-2,0.0000,2026-03,2026-03-01,"Retrospective March 2026 snapshot; use revised cost/date only as outcome labels, not predictive features."
1243,Bypass on Western side of Gwalior City,National Highways Authority of India [NHAI],618619,-,Madhya Pradesh,03/2025,01/2026,01/2028,01/2028,998.95,998.95,15.92,0.0,117,2026-03-31,https://ipm.mospi.gov.in/Content/PDF/FlashReport_March_2026.pdf,0,0.0000,0,0,12,34,22,1.5937,2026-03,2026-03-01,"Retrospective March 2026 snapshot; use revised cost/date only as outcome labels, not predictive features."
1244,"Additional works 2VUPs, MR-10 junction flyover and underpass in Six lane Indore- Dewas section of NH-52 in the state of Madhya Pradesh on EPC Mode",National Highways Authority of India [NHAI],618620,-,Madhya Pradesh,08/2022,01/2023,07/2024,06/2026,207.77,211.27,108.66,64.82,117,2026-03-31,https://ipm.mospi.gov.in/Content/PDF/FlashReport_March_2026.pdf,1,1.6846,1,23,43,23,-20,52.2982,2026-03,2026-03-01,"Retrospective March 2026 snapshot; use revised cost/date only as outcome labels, not predictive features."
1245,Indore - Edlabad Pkg-II [Tejajinagar to Balwara],National Highways Authority of India [NHAI],618621,N24002070,Madhya Pradesh,03/2022,01/2023,01/2025,05/2026,1162.8,1530.82,486.3,84.2,117,2026-03-31,https://ipm.mospi.gov.in/Content/PDF/FlashReport_March_2026.pdf,1,31.6495,1,16,48,34,-14,41.8215,2026-03,2026-03-01,"Retrospective March 2026 snapshot; use revised cost/date only as outcome labels, not predictive features."
1246,4L of Indore - Boregaon Pkg-III [Balwara to Dhangaon] from km. 42.260 to km. 82.660 of NH347BG & 753L,National Highways Authority of India [NHAI],618622,N24001767,Madhya Pradesh,01/2021,04/2022,04/2024,05/2026,1001.69,888.81,687.71,89.0,117,2026-03-31,https://ipm.mospi.gov.in/Content/PDF/FlashReport_March_2026.pdf,0,-11.2690,1,25,62,39,-23,68.6550,2026-03,2026-03-01,"Retrospective March 2026 snapshot; use revised cost/date only as outcome labels, not predictive features."
1247,4L Boregaon Buzurg to Shahpur Pkg I of Boregaon Buzurg to Muktainagar of NH 753L,National Highways Authority of India [NHAI],618623,-,Madhya Pradesh,11/2022,02/2024,01/2026,05/2026,1504.37,1132.34,431.27,84.0,117,2026-03-31,https://ipm.mospi.gov.in/Content/PDF/FlashReport_March_2026.pdf,0,-24.7300,1,4,40,38,-2,28.6678,2026-03,2026-03-01,"Retrospective March 2026 snapshot; use revised cost/date only as outcome labels, not predictive features."
1248,Indore - Gujarat / MP Border from km. Km 9.500 to Km 171.000 of NH-59 in MP,National Highways Authority of India [NHAI],618625,-,Madhya Pradesh,12/2009,08/2010,02/2013,05/2026,1175.0,217.22,14.04,99.93,117,2026-03-31,https://ipm.mospi.gov.in/Content/PDF/FlashReport_March_2026.pdf,0,-81.5132,1,159,195,38,-157,1.1949,2026-03,2026-03-01,"Retrospective March 2026 snapshot; use revised cost/date only as outcome labels, not predictive features."
1249,4L Greenfield Rudhi to Deshgaon Pkg V of Betul-Khandwa/Deshgaon,National Highways Authority of India [NHAI],618654,N24001967,Madhya Pradesh,11/2022,10/2023,10/2025,04/2026,521.21,469.68,174.87,60.64,117,2026-03-31,https://ipm.mospi.gov.in/Content/PDF/FlashReport_March_2026.pdf,0,-9.8866,1,6,40,35,-5,33.5508,2026-03,2026-03-01,"Retrospective March 2026 snapshot; use revised cost/date only as outcome labels, not predictive features."
1250,2L PS of Roshni to Ashapur Section of NH-347B from Design KM Ch. 89.900 to 114.000 KM Package III of Betul Khandwa,National Highways Authority of India [NHAI],618655,-,Madhya Pradesh,03/2024,08/2024,08/2026,08/2026,200.99,120.75,89.69,83.56,117,2026-03-31,https://ipm.mospi.gov.in/Content/PDF/FlashReport_March_2026.pdf,0,-39.9224,0,0,24,29,5,44.6241,2026-03,2026-03-01,"Retrospective March 2026 snapshot; use revised cost/date only as outcome labels, not predictive features."
1251,4L from km 0.000 to 42.040 Bhopal Ratnaigiri Tiraha to Vidisha Morikodi,National Highways Authority of India [NHAI],618661,-,Madhya Pradesh,10/2024,11/2025,11/2027,11/2027,1032.3,1038.18,5.99,10.16,117,2026-03-31,https://ipm.mospi.gov.in/Content/PDF/FlashReport_March_2026.pdf,1,0.5696,0,0,17,37,20,0.5803,2026-03,2026-03-01,"Retrospective March 2026 snapshot; use revised cost/date only as outcome labels, not predictive features."
1252,i 4L Vidisha to Hinotiya from km 0.000 to Km 27.000 Vidisha Mehulwa-Talbehat Pkg- I Section of NH- 346 and ii 4L Vidisha to Morikori from Km 39.000 to 59.476 section of NH-146,National Highways Authority of India [NHAI],618663,,Madhya Pradesh,09/2022,12/2023,12/2025,05/2026,1003.87,941.12,342.87,80.34,117,2026-03-31,https://ipm.mospi.gov.in/Content/PDF/FlashReport_March_2026.pdf,0,-6.2508,1,5,42,39,-3,34.1548,2026-03,2026-03-01,"Retrospective March 2026 snapshot; use revised cost/date only as outcome labels, not predictive features."
1254,4L of Sagar - Mohari from Km.8 to Km.50 Pkg-I,National Highways Authority of India [NHAI],618665,N24001615,Madhya Pradesh,03/2021,04/2022,04/2024,04/2026,790.78,660.38,437.15,93.53,118,2026-03-31,https://ipm.mospi.gov.in/Content/PDF/FlashReport_March_2026.pdf,0,-16.4900,1,24,60,37,-23,55.2809,2026-03,2026-03-01,"Retrospective March 2026 snapshot; use revised cost/date only as outcome labels, not predictive features."
1255,4- Laning of Mohari to Satai Ghat section NH-934 from Km 50300 to Km 89875 Total length 39.575 km Package-2 in the State of Madhya Pradesh on EPC Mode,National Highways Authority of India [NHAI],618666,-,Madhya Pradesh,08/2022,08/2024,08/2026,08/2026,710.92,539.08,388.63,83.0,118,2026-03-31,https://ipm.mospi.gov.in/Content/PDF/FlashReport_March_2026.pdf,0,-24.1715,0,0,43,48,5,54.6658,2026-03,2026-03-01,"Retrospective March 2026 snapshot; use revised cost/date only as outcome labels, not predictive features."
1256,4L of near Satai Ghat to Chowka section of NH-34 from D. Ch. 89.875 to D. Ch. 145.000 Package-3,National Highways Authority of India [NHAI],618667,-,Madhya Pradesh,10/2024,10/2025,10/2027,10/2026,1005.59,882.21,44.1,15.02,118,2026-03-31,https://ipm.mospi.gov.in/Content/PDF/FlashReport_March_2026.pdf,0,-12.2694,0,-12,17,36,19,4.3855,2026-03,2026-03-01,"Retrospective March 2026 snapshot; use revised cost/date only as outcome labels, not predictive features."
1257,4-lanning of Rahatgarh to Berkhedi section of NH-146 from Design Ch 124470 to Ch. 134.549,National Highways Authority of India [NHAI],618671,-,Madhya Pradesh,03/2025,12/2025,12/2027,12/2027,618.33,342.69,3.77,3.94,118,2026-03-31,https://ipm.mospi.gov.in/Content/PDF/FlashReport_March_2026.pdf,0,-44.5781,0,0,12,33,21,0.6097,2026-03,2026-03-01,"Retrospective March 2026 snapshot; use revised cost/date only as outcome labels, not predictive features."
1258,4-lanning of Gyaraspur to Rahatgarh section of NH-146 from Design Ch. 88361 to Ch 124470 in the state of MP on HAM mode,National Highways Authority of India [NHAI],618672,-,Madhya Pradesh,10/2024,11/2025,11/2027,11/2027,903.44,592.44,76.95,17.5,118,2026-03-31,https://ipm.mospi.gov.in/Content/PDF/FlashReport_March_2026.pdf,0,-34.4240,0,0,17,37,20,8.5174,2026-03,2026-03-01,"Retrospective March 2026 snapshot; use revised cost/date only as outcome labels, not predictive features."
1259,Outer Ring Road of Jabalpur Town from Manegaon to NH-45 Pkg-2,National Highways Authority of India [NHAI],618684,-,Madhya Pradesh,11/2022,03/2024,03/2026,10/2026,917.26,786.47,459.78,74.56,118,2026-03-31,https://ipm.mospi.gov.in/Content/PDF/FlashReport_March_2026.pdf,0,-14.2588,1,7,40,40,0,50.1254,2026-03,2026-03-01,"Retrospective March 2026 snapshot; use revised cost/date only as outcome labels, not predictive features."
1260,Outer Ring Road of Jabalpur Town from NH45 to Kushner Pkg-3,National Highways Authority of India [NHAI],618685,-,Madhya Pradesh,09/2022,03/2024,03/2026,05/2026,911.24,773.23,459.73,77.0,118,2026-03-31,https://ipm.mospi.gov.in/Content/PDF/FlashReport_March_2026.pdf,0,-15.1453,1,2,42,42,0,50.4510,2026-03,2026-03-01,"Retrospective March 2026 snapshot; use revised cost/date only as outcome labels, not predictive features."
1261,Outer Ring Road of Jabalpur Town from Kushner to Amjhar Road including Airport Connectivity Pkg-IV,National Highways Authority of India [NHAI],618686,-,Madhya Pradesh,08/2022,03/2024,03/2026,06/2026,612.94,509.82,326.81,76.1,118,2026-03-31,https://ipm.mospi.gov.in/Content/PDF/FlashReport_March_2026.pdf,0,-16.8238,1,3,43,43,0,53.3184,2026-03,2026-03-01,"Retrospective March 2026 snapshot; use revised cost/date only as outcome labels, not predictive features."
1262,Outer Ring Road of Jabalpur Town from Barela to Manegaon Pkg-1,National Highways Authority of India [NHAI],618687,N24002068,Madhya Pradesh,09/2022,03/2023,03/2025,04/2026,652.33,651.88,444.83,88.0,118,2026-03-31,https://ipm.mospi.gov.in/Content/PDF/FlashReport_March_2026.pdf,0,-0.0690,1,13,42,30,-12,68.1909,2026-03,2026-03-01,"Retrospective March 2026 snapshot; use revised cost/date only as outcome labels, not predictive features."
1263,Outer Ring Road of Jabalpur Town from Amjhar Road including Airport Connectivity to barela Pkg-V,National Highways Authority of India [NHAI],618688,-,Madhya Pradesh,10/2024,10/2025,10/2027,10/2027,794.7,539.9,46.92,20.13,118,2026-03-31,https://ipm.mospi.gov.in/Content/PDF/FlashReport_March_2026.pdf,0,-32.0624,0,0,17,36,19,5.9041,2026-03,2026-03-01,"Retrospective March 2026 snapshot; use revised cost/date only as outcome labels, not predictive features."
1264,Indore - Harda Pkg-I [Indore to Raghav Garh from km. 0.25 to km. 26.903],National Highways Authority of India [NHAI],618694,N24001766,Madhya Pradesh,01/2022,11/2022,10/2024,05/2026,1011.29,813.03,371.56,90.85,118,2026-03-31,https://ipm.mospi.gov.in/Content/PDF/FlashReport_March_2026.pdf,0,-19.6047,1,19,50,33,-17,36.7412,2026-03,2026-03-01,"Retrospective March 2026 snapshot; use revised cost/date only as outcome labels, not predictive features."
1265,Indore - Harda Pkg-III [Nanasa to Pidgaon Section from km 95.000 to km 142.445],National Highways Authority of India [NHAI],618695,N24001762,Madhya Pradesh,01/2020,10/2021,10/2023,04/2026,1146.22,1240.64,566.38,96.21,118,2026-03-31,https://ipm.mospi.gov.in/Content/PDF/FlashReport_March_2026.pdf,1,8.2375,1,30,74,45,-29,49.4129,2026-03,2026-03-01,"Retrospective March 2026 snapshot; use revised cost/date only as outcome labels, not predictive features."
1266,Balance work of 4L of Nauradehi Sanctuary de-scoped stretch of Hiran River to Sindoor River from Km. 66.00 to 130.00 NH-12 New NH-45,National Highways Authority of India [NHAI],618701,N24002067,Madhya Pradesh,01/2021,07/2021,07/2023,04/2024,178.18,153.15,142.2,57.14,118,2026-03-31,https://ipm.mospi.gov.in/Content/PDF/FlashReport_March_2026.pdf,0,-14.0476,1,9,62,30,-32,79.8069,2026-03,2026-03-01,"Retrospective March 2026 snapshot; use revised cost/date only as outcome labels, not predictive features."
1267,4L of Chandesara to Khedakhajuriya from Km. 0.000 to - 750 & Km 0.000 to km 41.400 of NH-148NG Pkg-I,National Highways Authority of India [NHAI],618735,N24001759,Madhya Pradesh,12/2021,09/2022,05/2024,05/2026,909.84,976.55,399.37,99.0,118,2026-03-31,https://ipm.mospi.gov.in/Content/PDF/FlashReport_March_2026.pdf,1,7.3321,1,24,51,29,-22,43.8945,2026-03,2026-03-01,"Retrospective March 2026 snapshot; use revised cost/date only as outcome labels, not predictive features."
1268,2L PS of Hinotiya-Mehulwa section of NH-346 from Km. 27.000 to Km 75.700 Vidisha Mehulwa-Talbehat Pkg-II Section of NH- 346,National Highways Authority of India [NHAI],618751,N24001921,Madhya Pradesh,10/2022,09/2023,09/2025,04/2026,581.65,592.71,230.36,68.87,118,2026-03-31,https://ipm.mospi.gov.in/Content/PDF/FlashReport_March_2026.pdf,1,1.9015,1,7,41,35,-6,39.6046,2026-03,2026-03-01,"Retrospective March 2026 snapshot; use revised cost/date only as outcome labels, not predictive features."
1269,Itarsi Km. 63.000 to Betul Km. 137.000 of NH-69 in Madhya Pradesh,National Highways Authority of India [NHAI],618762,-,Madhya Pradesh,08/2017,02/2018,02/2020,04/2026,950.27,788.33,395.04,100.0,118,2026-03-31,https://ipm.mospi.gov.in/Content/PDF/FlashReport_March_2026.pdf,0,-17.0415,1,74,103,30,-73,41.5713,2026-03,2026-03-01,"Retrospective March 2026 snapshot; use revised cost/date only as outcome labels, not predictive features."
1270,Bypass from junction with NH 30 near Bela to Junction with MPRDC ring road near Silpara on SH 9 design length 13.100 km on EPC Mode under Bharatmala Pariyojana in the State of Madhya Pradesh,NHAI,618784,-,Madhya Pradesh,08/2023,04/2024,04/2026,04/2026,355.36,355.36,189.7,80.16,118,2026-03-31,https://ipm.mospi.gov.in/Content/PDF/FlashReport_March_2026.pdf,0,0.0000,0,0,31,32,1,53.3825,2026-03,2026-03-01,"Retrospective March 2026 snapshot; use revised cost/date only as outcome labels, not predictive features."
1271,Construction of 6 lane Indore western bypass from km 0000 to Km 34000 Pkg -l in the State of Madhya Pradesh on Hybrid Annuity Mode under NHO,National Highways Authority of India [NHAI],618932,-,Madhya Pradesh,02/2024,01/2026,12/2027,12/2027,1534.7,1472.68,180.48,6.12,118,2026-03-31,https://ipm.mospi.gov.in/Content/PDF/FlashReport_March_2026.pdf,0,-4.0412,0,0,25,46,21,11.7600,2026-03,2026-03-01,"Retrospective March 2026 snapshot; use revised cost/date only as outcome labels, not predictive features."
1272,Construction of 6 lane Indore western bypass from km 34000 to Km 64000 Pkg-II in the state of Madhya Pradesh on Hybrid Annuity Mode under NHO,National Highways Authority of India [NHAI],618933,-,Madhya Pradesh,03/2024,03/2026,03/2028,,1430.56,1430.56,8.62,0.0,118,2026-03-31,https://ipm.mospi.gov.in/Content/PDF/FlashReport_March_2026.pdf,0,0.0000,,,24,48,24,0.6026,2026-03,2026-03-01,"Retrospective March 2026 snapshot; use revised cost/date only as outcome labels, not predictive features."
1273,4L of Budhni to Shahganj Bypass End Package-III of NH-146B from Km. 73.750 to Km. 102.000,National Highways Authority of India [NHAI],,,Madhya Pradesh,03/2024,08/2025,08/2027,05/2027,1102.97,770.21,36.75,12.44,118,2026-03-31,https://ipm.mospi.gov.in/Content/PDF/FlashReport_March_2026.pdf,0,-30.1695,0,-3,24,41,17,3.3319,2026-03,2026-03-01,"Retrospective March 2026 snapshot; use revised cost/date only as outcome labels, not predictive features."
1274,from design km 102.000 to design km 142.357 Design length 40.357 km,National Highways Authority of India [NHAI],618963,-,Madhya Pradesh,02/2024,03/2025,03/2027,03/2027,784.14,836.64,284.02,40.22,119,2026-03-31,https://ipm.mospi.gov.in/Content/PDF/FlashReport_March_2026.pdf,1,6.6952,0,0,25,37,12,36.2206,2026-03,2026-03-01,"Retrospective March 2026 snapshot; use revised cost/date only as outcome labels, not predictive features."
1275,4 Laning of Sandalpur to Nasrullaganj Pkg-1 section of NH-146B Length 43.2 Km.,National Highways Authority of India [NHAI],618964,-,Madhya Pradesh,03/2025,01/2026,01/2028,01/2028,1425.98,1425.98,11.29,5.01,119,2026-03-31,https://ipm.mospi.gov.in/Content/PDF/FlashReport_March_2026.pdf,0,0.0000,0,0,12,34,22,0.7917,2026-03,2026-03-01,"Retrospective March 2026 snapshot; use revised cost/date only as outcome labels, not predictive features."
1276,Six laning with both sides Service Road of Ayodhya Bypass from Design Km 0000 near Ashram Tiraha on NH-46 to Km 16439 end at Ratnagiri Tiraha on Nh-146,National Highways Authority of India [NHAI],618966,-,Madhya Pradesh,02/2024,08/2025,08/2027,08/2027,1123.17,1103.22,53.31,15.01,119,2026-03-31,https://ipm.mospi.gov.in/Content/PDF/FlashReport_March_2026.pdf,0,-1.7762,0,0,25,42,17,4.7464,2026-03,2026-03-01,"Retrospective March 2026 snapshot; use revised cost/date only as outcome labels, not predictive features."
1277,Upgradation of Sarvardewla to Pal MP/MH Border Road section of NH-347 C from Design Chainge km 81.600 to 137.400 Total length 55.80 km to two lane with paved shoulder configuration along with One time improvement of 1 .95 km in the State of Madhya Pradesh on EPC mode.,MoRTH,619007,,Madhya Pradesh,03/2023,01/2026,01/2028,,461.23,461.23,0.0,0.0,119,2026-03-31,https://ipm.mospi.gov.in/Content/PDF/FlashReport_March_2026.pdf,0,0.0000,,,36,58,22,0.0000,2026-03,2026-03-01,"Retrospective March 2026 snapshot; use revised cost/date only as outcome labels, not predictive features."
1278,(-) Dhangaon - Borgaon section km 81.000 to km 139.000 [Indore - Edlabad Pkg IV],National Highways Authority of India [NHAI],619100,-,Madhya Pradesh,01/2020,08/2021,08/2023,05/2026,866.0,1185.04,590.91,99.8,119,2026-03-31,https://ipm.mospi.gov.in/Content/PDF/FlashReport_March_2026.pdf,1,36.8406,1,33,74,43,-31,68.2344,2026-03,2026-03-01,"Retrospective March 2026 snapshot; use revised cost/date only as outcome labels, not predictive features."
1279,Indore - Harda Pkg-II [Raghavgarh to Nanasa from km. 29.30 to km. 92.30],National Highways Authority of India [NHAI],619114,-,Madhya Pradesh,01/2023,03/2024,03/2026,12/2026,1081.51,1146.63,345.65,40.25,119,2026-03-31,https://ipm.mospi.gov.in/Content/PDF/FlashReport_March_2026.pdf,1,6.0212,1,9,38,38,0,31.9599,2026-03,2026-03-01,"Retrospective March 2026 snapshot; use revised cost/date only as outcome labels, not predictive features."
1280,chainage km 8760 to 11450 L- 2.69 km and upgradation of existing 4L PS road to 6LPS with service road by flexible pavement design chainage km 11450 to 14500 L- 3.05 [total project length 5.74 km] in section of Nagpur - Hyderabad NH-44 Old NH-7 in Nagpur district in the state of Maharashtra on HAM mode.,MoRTH,617912,-,Maharashtra,03/2024,10/2025,10/2027,10/2027,619.55,619.55,0.0,6.05,119,2026-03-31,https://ipm.mospi.gov.in/Content/PDF/FlashReport_March_2026.pdf,0,0.0000,0,0,24,43,19,0.0000,2026-03,2026-03-01,"Retrospective March 2026 snapshot; use revised cost/date only as outcome labels, not predictive features."
1281,"Construction of 4 Lane Flyover at Nagpur RTO Chowk To Nagpur University Campus from Ch 2/250 to 5/100 and 4 lane flyover at wadi/midc junction from km 8/360 to km, 10/300 on NH 53 in state of Maharashtra.",MoRTH,617917,N24001883,Maharashtra,03/2021,03/2022,03/2024,04/2025,478.83,490.52,0.0,95.0,119,2026-03-31,https://ipm.mospi.gov.in/Content/PDF/FlashReport_March_2026.pdf,1,2.4414,1,13,60,36,-24,0.0000,2026-03,2026-03-01,"Retrospective March 2026 snapshot; use revised cost/date only as outcome labels, not predictive features."
1282,Construction of New Four Lane Bypass to Parbhani City Parwa to Asola Km 463/265 to Km 481/180 Design Ch. 19220 to Ch. 34434 Length-15.214 Km section of NH-61 on EPC mode in the State of Maharashtra.,MoRTH,617932,N24001882,Maharashtra,03/2022,07/2023,10/2024,06/2026,496.64,496.64,0.0,67.58,119,2026-03-31,https://ipm.mospi.gov.in/Content/PDF/FlashReport_March_2026.pdf,0,0.0000,1,20,48,31,-17,0.0000,2026-03,2026-03-01,"Retrospective March 2026 snapshot; use revised cost/date only as outcome labels, not predictive features."
1283,Up-gradation to four lane/ Two lane with paved shoulders configuration of Kalyan - Murbad - Malshej Ghat - Nirmal Road NH- 61 km 15/200 to Km 38/00 and from Km. 58/00 to Km 84/00 Design length 48.58 km of NH-61 on EPC Mode in Thane District in the state of Maharashtra,MoRTH,617933,,Maharashtra,02/2023,03/2024,08/2026,08/2026,984.07,984.07,0.0,100.0,119,2026-03-31,https://ipm.mospi.gov.in/Content/PDF/FlashReport_March_2026.pdf,0,0.0000,0,0,37,42,5,0.0000,2026-03,2026-03-01,"Retrospective March 2026 snapshot; use revised cost/date only as outcome labels, not predictive features."
1284,(N24002174) Nasratpur to Barasgaon section of NH-61 2L / 4L PS from Km.514/00 to 558/200,MoRTH,617934,N24001112,Maharashtra,07/2017,09/2017,09/2019,06/2026,406.54,406.54,0.0,95.84,119,2026-03-31,https://ipm.mospi.gov.in/Content/PDF/FlashReport_March_2026.pdf,0,0.0000,1,81,104,26,-78,0.0000,2026-03,2026-03-01,"Retrospective March 2026 snapshot; use revised cost/date only as outcome labels, not predictive features."
1285,Rehabilitation And Upgradation to four lane with paved shoulder configuration from km 24350 to km 61875 Jawale - Borgaon Kale of NH-63 in the State of Maharashtra on EPC mode under Annual Plan 2024-25 Total length - 37.525 Km.,MoRTH,617938,-,Maharashtra,12/2024,09/2025,03/2027,03/2027,574.18,574.18,0.06,10.0,119,2026-03-31,https://ipm.mospi.gov.in/Content/PDF/FlashReport_March_2026.pdf,0,0.0000,0,0,15,27,12,0.0104,2026-03,2026-03-01,"Retrospective March 2026 snapshot; use revised cost/date only as outcome labels, not predictive features."
1286,Kashedi ghat tunnel NH-66 [Bhogaon Khurd - Kashedi section] 4 lanes under NHDP on EPC mode,MoRTH,617944,N24001132,Maharashtra,09/2018,10/2018,04/2021,04/2021,680.43,701.46,0.0,98.37,119,2026-03-31,https://ipm.mospi.gov.in/Content/PDF/FlashReport_March_2026.pdf,1,3.0907,0,0,90,31,-59,0.0000,2026-03,2026-03-01,"Retrospective March 2026 snapshot; use revised cost/date only as outcome labels, not predictive features."
1287,Balance work of NH-66 from design Km 84/00 to Km 87/100 Indapur Bypass and Km 91/600 to Km 99/100 Mangaon Bypass to four lane with paved shoulder in State of Maharashtra under NHO on EPC Mode.,MoRTH,617945,-,Maharashtra,03/2025,10/2025,04/2027,04/2027,354.21,354.21,0.0,47.19,119,2026-03-31,https://ipm.mospi.gov.in/Content/PDF/FlashReport_March_2026.pdf,0,0.0000,0,0,12,25,13,0.0000,2026-03,2026-03-01,"Retrospective March 2026 snapshot; use revised cost/date only as outcome labels, not predictive features."
1288,Kashedi to Parshuram Ghat section of NH-66 from Km 161/600 - Km 205/400 - 4L PS,MoRTH,617946,N24000584,Maharashtra,03/2016,02/2018,02/2020,12/2025,1142.62,1142.62,0.0,97.5,119,2026-03-31,https://ipm.mospi.gov.in/Content/PDF/FlashReport_March_2026.pdf,0,0.0000,1,70,120,47,-73,0.0000,2026-03,2026-03-01,"Retrospective March 2026 snapshot; use revised cost/date only as outcome labels, not predictive features."
1289,Arawali Kante section of NH-17New NH-66 4L PS from Km.241/300 to 281/300,MoRTH,617947,N24000585,Maharashtra,03/2016,11/2017,11/2019,03/2026,1006.99,1443.09,0.0,80.06,119,2026-03-31,https://ipm.mospi.gov.in/Content/PDF/FlashReport_March_2026.pdf,1,43.3073,1,76,120,44,-76,0.0000,2026-03,2026-03-01,"Retrospective March 2026 snapshot; use revised cost/date only as outcome labels, not predictive features."
1290,Kante - Wakad section of NH-66 4L PS from Km.281/300 to 332/200,MoRTH,617948,N24001134,Maharashtra,03/2016,11/2017,11/2019,11/2025,1117.75,2020.56,287.96,90.14,119,2026-03-31,https://ipm.mospi.gov.in/Content/PDF/FlashReport_March_2026.pdf,1,80.7703,1,72,120,44,-76,25.7625,2026-03,2026-03-01,"Retrospective March 2026 snapshot; use revised cost/date only as outcome labels, not predictive features."
1291,Kopargaon to Savali Vihir section,MoRTH,617965,N24001904,Maharashtra,06/2022,01/2023,07/2024,06/2026,195.38,195.38,0.0,80.0,119,2026-03-31,https://ipm.mospi.gov.in/Content/PDF/FlashReport_March_2026.pdf,0,0.0000,1,23,45,25,-20,0.0000,2026-03,2026-03-01,"Retrospective March 2026 snapshot; use revised cost/date only as outcome labels, not predictive features."
1292,"Tasgaon Bypass, from existing chainage Km 301/430 to Km 458/415 in the State of Maharashtra- Package-II & Package III combined- starting from existing chainage Km 341/300 to Km 394/130 and design chainage Km 340/250 at Dahiwadi Village to Km 392/950 ending at Vita Village in the State of Maharashtra on EPC Mode.",MoRTH,617978,-,Maharashtra,03/2024,05/2025,05/2027,05/2027,631.76,631.76,187.58,73.23,120,2026-03-31,https://ipm.mospi.gov.in/Content/PDF/FlashReport_March_2026.pdf,0,0.0000,0,0,24,38,14,29.6917,2026-03,2026-03-01,"Retrospective March 2026 snapshot; use revised cost/date only as outcome labels, not predictive features."
1293,"Rehabilitation, upgradation & widening of existing highway to 2L/4LPS Rigid Pavement of NH 160 section- Phaltan to Mhaisal near Karnataka Border including Tasgaon Bypass, from existing chainage Km 301/430 to Km 458/415 in the State of Maharashtra. Package-I starting from existing chainage Km 301/430 at Phaltan Village Junction of Phaltan Baramati Road Design Chainage -301/430km & ending at existing chainage Km 341/300 Dahiwadi Village Bus Stop Design chainage Km 340466km in the S",MoRTH,617979,-,Maharashtra,03/2024,05/2025,05/2027,11/2026,533.76,533.76,0.0,55.21,120,2026-03-31,https://ipm.mospi.gov.in/Content/PDF/FlashReport_March_2026.pdf,0,0.0000,0,-6,24,38,14,0.0000,2026-03,2026-03-01,"Retrospective March 2026 snapshot; use revised cost/date only as outcome labels, not predictive features."
1294,"Rehabilitation/ Upgradation of existing Highway to four lane standards in Kurkheda town from km.413257 to km 410775, Two lane in Shankarpur Gurnuli km 42400 to km 43100 section and Reconstruction of Major Bridge at Ch. 448558 Bhuti Nallah and Ch. 411695 Sati River bridge, Minor Bridge at Ch. 411477 and Ch. 405800 Lendhari Bridge of NH 543 Bhamhapuri-wadsa-kurkheda-korchi-Deori-Amgaon road on EPC mode in the State of Maharashtra",MoRTH,618042,N24002170,Maharashtra,03/2022,11/2023,05/2025,03/2026,163.86,163.86,0.0,42.78,120,2026-03-31,https://ipm.mospi.gov.in/Content/PDF/FlashReport_March_2026.pdf,0,0.0000,1,10,48,38,-10,0.0000,2026-03,2026-03-01,"Retrospective March 2026 snapshot; use revised cost/date only as outcome labels, not predictive features."
1295,Rehabilitation & Up-gradation of Sabalkhed to Ashti Section from Km 37900 to Km 55100 & Chinchpur to Jamkhed Section from km 70000 to km 72922 of NH-561 to Two lane with Paved shoulder/ Four lane configuration in the State of Maharashtra on EPC Mode Length20.122km.,MoRTH,618046,N24001902,Maharashtra,03/2022,04/2023,09/2024,,213.33,213.33,0.0,95.88,120,2026-03-31,https://ipm.mospi.gov.in/Content/PDF/FlashReport_March_2026.pdf,0,0.0000,,,48,30,-18,0.0000,2026-03,2026-03-01,"Retrospective March 2026 snapshot; use revised cost/date only as outcome labels, not predictive features."
1296,"Widening, Reconstruction & Up-gradation to 2 lane with Paved Shoulder/Four Lane configuration for the work of Ahmednagar to Sabalkhed & Ashti to Chinchpur Section of NH-561 from Design km 2915 to km 37728 & Design km 55100 to km 70000 in the State of Maharashtra on EPC mode. Length 49.713 km",MoRTH,618047,-,Maharashtra,03/2024,05/2025,05/2027,05/2027,657.16,657.16,0.0,71.5,120,2026-03-31,https://ipm.mospi.gov.in/Content/PDF/FlashReport_March_2026.pdf,0,0.0000,0,0,24,38,14,0.0000,2026-03,2026-03-01,"Retrospective March 2026 snapshot; use revised cost/date only as outcome labels, not predictive features."
1297,Up-gradation to 2/4 lane with paved shoulder configuration of NH-652 from Tuljapur Naldurg-Akkalkot road Chainage from Km. 00.000 to km 30.982 in the State of Maharashtra on EPC mode.,MoRTH,618049,-,Maharashtra,03/2024,01/2025,07/2026,07/2026,183.41,183.41,64.87,95.0,120,2026-03-31,https://ipm.mospi.gov.in/Content/PDF/FlashReport_March_2026.pdf,0,0.0000,0,0,24,28,4,35.3688,2026-03,2026-03-01,"Retrospective March 2026 snapshot; use revised cost/date only as outcome labels, not predictive features."
1298,Rawanwadi Village Birsi Airport Junction from design km 0.000 to km 15.781 existing km 39/720 of NH-753 to existing Km 8/400 of NH 543 on sections from Kohmara- Goregaon- Police HeadquarterKaranja - Collector Office Square - Balaghat T Point- Rawanwadi- Rajegaon of NH-753 and NH-543 in Gondia District in the state of Maharashtra. Total Length of the project 15.781 Km.,MoRTH,618059,N24002175,Maharashtra,02/2023,02/2024,08/2025,07/2026,328.11,328.11,0.0,34.15,120,2026-03-31,https://ipm.mospi.gov.in/Content/PDF/FlashReport_March_2026.pdf,0,0.0000,1,11,37,30,-7,0.0000,2026-03,2026-03-01,"Retrospective March 2026 snapshot; use revised cost/date only as outcome labels, not predictive features."
1299,"Strengthening, Widening & Up-gradation of newly declared NH-761 from NH- 61Junction-BelheAlkutiDevibhoyareNighojShirur, from Design chainage Km 0.000 to Km 37.970 from Single/Intermediate/2L to 2LPS in the State of Maharashtra on EPC Mode Length 37.970 Km",MoRTH,618061,-,Maharashtra,03/2024,03/2025,09/2026,09/2026,386.16,386.16,30.86,53.2,120,2026-03-31,https://ipm.mospi.gov.in/Content/PDF/FlashReport_March_2026.pdf,0,0.0000,0,0,24,30,6,7.9915,2026-03,2026-03-01,"Retrospective March 2026 snapshot; use revised cost/date only as outcome labels, not predictive features."
1300,"from Design Km.149476 to 163476 existing Km.150000 to 164000, Pandhasala to Mohadongri from design Km.170476 to 181476 existing Km.171000 to 182000, Ambeshivni Fata to Bodli from design Km.183476 to 185476 existing Km.184000 to 186000 and Made Tukum to Gadchiroli from design Km.188476 to 189476 existing Km.188000 to 18900 having length 28 km of NH-930 of Dhawali to Gadchroli road in the",MoRTH,618065,,Maharashtra,03/2022,03/2024,09/2025,08/2026,316.44,316.44,0.0,31.71,120,2026-03-31,https://ipm.mospi.gov.in/Content/PDF/FlashReport_March_2026.pdf,0,0.0000,1,11,48,42,-6,0.0000,2026-03,2026-03-01,"Retrospective March 2026 snapshot; use revised cost/date only as outcome labels, not predictive features."
1301,(N24002169) Nandurshingote to Kolhar,MoRTH,618088,-,Maharashtra,09/2024,06/2025,12/2026,,325.79,325.79,0.24,12.62,120,2026-03-31,https://ipm.mospi.gov.in/Content/PDF/FlashReport_March_2026.pdf,0,0.0000,,,18,27,9,0.0737,2026-03,2026-03-01,"Retrospective March 2026 snapshot; use revised cost/date only as outcome labels, not predictive features."
1302,388400 of NH 161A i.e. Nanded-Bhokar-Himayatnagar-Kinwat-Mahur-Arani Road Design chainage from Km 372000 Mudkhed to Km 387650 Nanded of NH 161A Length 15.65 Km to 2/4Lane with paved shoulders configuration in the State of Maharashtra on EPC mode.,MoRTH,618089,,Maharashtra,03/2022,04/2023,04/2025,06/2026,206.54,206.54,0.0,65.14,120,2026-03-31,https://ipm.mospi.gov.in/Content/PDF/FlashReport_March_2026.pdf,0,0.0000,1,14,48,37,-11,0.0000,2026-03,2026-03-01,"Retrospective March 2026 snapshot; use revised cost/date only as outcome labels, not predictive features."
1303,(N24001903) Sarsam - Kothari of NH-161A - 2L PS from Km.33/00 to 90/00,MoRTH,618090,N24001002,Maharashtra,02/2017,06/2017,06/2019,11/2025,545.64,545.64,0.0,97.25,120,2026-03-31,https://ipm.mospi.gov.in/Content/PDF/FlashReport_March_2026.pdf,0,0.0000,1,77,109,28,-81,0.0000,2026-03,2026-03-01,"Retrospective March 2026 snapshot; use revised cost/date only as outcome labels, not predictive features."
1304,Pen to Khopoli 2LPS,MoRTH,618094,N24001106,Maharashtra,03/2018,06/2018,12/2019,12/2025,369.39,369.39,323.75,86.3,120,2026-03-31,https://ipm.mospi.gov.in/Content/PDF/FlashReport_March_2026.pdf,0,0.0000,1,72,96,21,-75,87.6445,2026-03,2026-03-01,"Retrospective March 2026 snapshot; use revised cost/date only as outcome labels, not predictive features."
1306,53/600 Sati on NH-166E,MoRTH,618097,N24001057,Maharashtra,01/2017,06/2017,06/2019,08/2025,407.2,407.2,0.0,91.89,121,2026-03-31,https://ipm.mospi.gov.in/Content/PDF/FlashReport_March_2026.pdf,0,0.0000,1,74,110,29,-81,0.0000,2026-03,2026-03-01,"Retrospective March 2026 snapshot; use revised cost/date only as outcome labels, not predictive features."
1307,"pavement from design chainage Km 66.00 to Design Km 82.440 Start of Kolhapur Municipal corporation near Phulewadi to kale, design length 16.440 Km section on Talere Gaganbawada-Kolhapur road NH 166G in the state of Maharashtra on EPC mode",MoRTH,618098,N24001908,Maharashtra,03/2021,11/2022,05/2024,03/2026,167.97,167.97,0.0,93.75,121,2026-03-31,https://ipm.mospi.gov.in/Content/PDF/FlashReport_March_2026.pdf,0,0.0000,1,22,60,38,-22,0.0000,2026-03,2026-03-01,"Retrospective March 2026 snapshot; use revised cost/date only as outcome labels, not predictive features."
1308,"Rehabilitation & up-gradation for Talere Gaganbawada - kolhapur Road NH 166G stretch start from km. 0/00 to Km. 06/00 and km. 13/00 to km 19/440 of NH-166G, length 12.440 km in the State of Maharashtra.",MoRTH,618099,-,Maharashtra,03/2024,10/2024,04/2026,04/2026,164.13,164.13,98.68,100.0,121,2026-03-31,https://ipm.mospi.gov.in/Content/PDF/FlashReport_March_2026.pdf,0,0.0000,0,0,24,25,1,60.1231,2026-03,2026-03-01,"Retrospective March 2026 snapshot; use revised cost/date only as outcome labels, not predictive features."
1309,Strengthening and Widening of road Sakoli- Wadsa-Armori-Gadchiroli-Ashti- Allapalli - Sironcha National highway NH 353C in Km 262/00 to 321/00 including 16 minor Bridges and 2 Major Bridge Total length 59 Km section from repanpalli to sironcha in Gadchiroli Dist in the State of Maharashtra.,MoRTH,618133,N24000983,Maharashtra,03/2021,06/2022,05/2024,05/2026,280.57,280.57,0.0,61.61,121,2026-03-31,https://ipm.mospi.gov.in/Content/PDF/FlashReport_March_2026.pdf,0,0.0000,1,24,60,38,-22,0.0000,2026-03,2026-03-01,"Retrospective March 2026 snapshot; use revised cost/date only as outcome labels, not predictive features."
1310,Rehabilitation /Upgradation from Lagam to Alapalli section Desing Km. 199/400 to km 227/400 Length 28.0 Km to 2 lane with Paved Shoulders/ 4 lane configuration section of NH-353 C Sakoli-Wadsa-Armori-Gadchiroli-Ashti-Alapalli Sironcha in Gadchiroli District on EPC mode in the state of Maharashtra.,MoRTH,618134,-,Maharashtra,02/2023,09/2024,09/2026,09/2026,459.39,459.39,0.0,69.15,121,2026-03-31,https://ipm.mospi.gov.in/Content/PDF/FlashReport_March_2026.pdf,0,0.0000,0,0,37,43,6,0.0000,2026-03,2026-03-01,"Retrospective March 2026 snapshot; use revised cost/date only as outcome labels, not predictive features."
1311,Upgradatiobn and Rehabilitation of Section of NH 361 F from Parli 00/000 to Gangakhed 30/400 to Two Lanes with paved shoulder / Four lane configurations on EPC mode in the State of Maharashtra.,MoRTH,618136,N24001537,Maharashtra,03/2021,02/2022,09/2023,03/2026,224.44,224.44,0.0,91.0,121,2026-03-31,https://ipm.mospi.gov.in/Content/PDF/FlashReport_March_2026.pdf,0,0.0000,1,30,60,30,-30,0.0000,2026-03,2026-03-01,"Retrospective March 2026 snapshot; use revised cost/date only as outcome labels, not predictive features."
1312,Rehabilitation and Up-gradation of Jarud - Sirsala section of NH-361F km 59500 to km11500 to Two lane with paved shoulder/ Four Lane in the state of Maharashtra on EPC mode Length 55.5 Km.,MoRTH,618137,-,Maharashtra,03/2024,05/2025,05/2027,05/2027,540.35,540.35,95.57,43.0,121,2026-03-31,https://ipm.mospi.gov.in/Content/PDF/FlashReport_March_2026.pdf,0,0.0000,0,0,24,38,14,17.6867,2026-03,2026-03-01,"Retrospective March 2026 snapshot; use revised cost/date only as outcome labels, not predictive features."
1313,"Widening, Reconstruction & Up-gradation to 2 lane with Paved Shoulder/Four Lane configuration for the work of Sautada to Shirapur Section of NH-561 from Design km 86300 to km 125589 in the state of Maharashtra on EPC mode. Design length 39.289 km",MoRTH,618138,-,Maharashtra,03/2024,05/2025,11/2026,11/2026,349.57,349.57,0.0,37.4,121,2026-03-31,https://ipm.mospi.gov.in/Content/PDF/FlashReport_March_2026.pdf,0,0.0000,0,0,24,32,8,0.0000,2026-03,2026-03-01,"Retrospective March 2026 snapshot; use revised cost/date only as outcome labels, not predictive features."
1314,Rehabilitation and Up-gradation of Gangakhed Loha section of NH-361F from Km 169/00 to 210/00 to two lane with paved shoulder/ four lane configuration in the state of Maharashtra on EPC mode Length - 41.00 Km.,MoRTH,618139,-,Maharashtra,03/2024,04/2025,09/2026,09/2026,355.12,355.12,0.0,43.46,121,2026-03-31,https://ipm.mospi.gov.in/Content/PDF/FlashReport_March_2026.pdf,0,0.0000,0,0,24,30,6,0.0000,2026-03,2026-03-01,"Retrospective March 2026 snapshot; use revised cost/date only as outcome labels, not predictive features."
1315,15/000 & Selu to Borgavhan Ch 20/900 to 35/800 [Length 29.9km] ii. Injegaon Dhamoni to Pohner Phata Ch.58/200 to Ch. 83/700 [Length25.5 km] and iii. Pohner phata to Pathri Design Ch. 42/700 to 58/200 [Length 15.5 km] sections of NH-548B to Two lane with paved shoulder configuartion in the state of Maharashtra on EPC mode Total project length 70.9 Km.,MoRTH,618150,,Maharashtra,03/2024,05/2025,05/2027,05/2027,761.83,761.83,0.0,15.0,121,2026-03-31,https://ipm.mospi.gov.in/Content/PDF/FlashReport_March_2026.pdf,0,0.0000,0,0,24,38,14,0.0000,2026-03,2026-03-01,"Retrospective March 2026 snapshot; use revised cost/date only as outcome labels, not predictive features."
1316,(-) Mhaswad to Tembhurni section of NH-548C - 2L PS,MoRTH,618152,N24002132,Maharashtra,01/2017,08/2017,07/2019,12/2025,488.6,488.6,0.0,96.19,121,2026-03-31,https://ipm.mospi.gov.in/Content/PDF/FlashReport_March_2026.pdf,0,0.0000,1,77,110,30,-80,0.0000,2026-03,2026-03-01,"Retrospective March 2026 snapshot; use revised cost/date only as outcome labels, not predictive features."
1317,Satara to Mhaswad,MoRTH,618153,N24000979,Maharashtra,01/2017,08/2017,08/2019,07/2025,653.46,653.46,7.33,98.08,121,2026-03-31,https://ipm.mospi.gov.in/Content/PDF/FlashReport_March_2026.pdf,0,0.0000,1,71,110,31,-79,1.1217,2026-03,2026-03-01,"Retrospective March 2026 snapshot; use revised cost/date only as outcome labels, not predictive features."
1318,"Rehabilitation & upgradation of Jamkhed to Sautada Section of NH548 D from km 195.375 to km 208.774, Length 13.399 Km to 2L PS /4L configuration with rigid pavement in the state of Maharashtra on EPC mode.",MoRTH,618154,N24001390,Maharashtra,03/2022,01/2023,07/2024,06/2026,157.62,157.62,0.0,68.93,121,2026-03-31,https://ipm.mospi.gov.in/Content/PDF/FlashReport_March_2026.pdf,0,0.0000,1,23,48,28,-20,0.0000,2026-03,2026-03-01,"Retrospective March 2026 snapshot; use revised cost/date only as outcome labels, not predictive features."
1319,Development/Widening of Talegaon Chakan Shikrapur Nhavara Section of NH-548D from existing chainage km. 54/000 to 82/300 and Design chainage Km. 54/000 to 82/120 Shikrapur to Nhavara Section to 2LPS/4L Configuration on EPC Mode in the State of Maharashtra.,MoRTH,618155,,Maharashtra,03/2024,01/2025,07/2026,07/2026,396.17,396.17,85.57,63.2,121,2026-03-31,https://ipm.mospi.gov.in/Content/PDF/FlashReport_March_2026.pdf,0,0.0000,0,0,24,28,4,21.5993,2026-03,2026-03-01,"Retrospective March 2026 snapshot; use revised cost/date only as outcome labels, not predictive features."
1320,(-) Paithan - Shirur section 2LPS Km 0.0 to 55.00,MoRTH,618172,N24001122,Maharashtra,03/2017,06/2017,06/2019,05/2026,341.8,341.8,0.0,82.0,121,2026-03-31,https://ipm.mospi.gov.in/Content/PDF/FlashReport_March_2026.pdf,0,0.0000,1,83,108,27,-81,0.0000,2026-03,2026-03-01,"Retrospective March 2026 snapshot; use revised cost/date only as outcome labels, not predictive features."
1321,Shirur-Kharda section from 55937 km to 114486 km to 2LPS/4L,MoRTH,618173,,Maharashtra,02/2017,06/2017,06/2019,09/2025,381.77,381.77,0.0,83.93,121,2026-03-31,https://ipm.mospi.gov.in/Content/PDF/FlashReport_March_2026.pdf,0,0.0000,1,75,109,28,-81,0.0000,2026-03,2026-03-01,"Retrospective March 2026 snapshot; use revised cost/date only as outcome labels, not predictive features."
1322,752G from Sakri to Pimpalner Section Design Ch km 0000 to Ch km 21411 in the state of Maharashtra on EPC Mode. Length 21.411 km.,MoRTH,618174,-,Maharashtra,03/2024,04/2025,10/2026,10/2026,226.58,226.58,0.0,60.7,122,2026-03-31,https://ipm.mospi.gov.in/Content/PDF/FlashReport_March_2026.pdf,0,0.0000,0,0,24,31,7,0.0000,2026-03,2026-03-01,"Retrospective March 2026 snapshot; use revised cost/date only as outcome labels, not predictive features."
1323,Rehabilitation and Upgradation of Satana to Mangrul Chandwad Section of NH752 G Design Ch Km 64.000 to Ch Km 101.140 two lane with paved shoulder/four lane configuration in the state of Maharashtra on EPC mode.,MoRTH,618175,N24001884,Maharashtra,03/2022,05/2023,05/2025,06/2026,428.8,428.8,0.0,93.46,122,2026-03-31,https://ipm.mospi.gov.in/Content/PDF/FlashReport_March_2026.pdf,0,0.0000,1,13,48,38,-10,0.0000,2026-03,2026-03-01,"Retrospective March 2026 snapshot; use revised cost/date only as outcome labels, not predictive features."
1324,Rehabilitation and upgradation from ch km 50/200 to 56/800 and km 62/600 to 100/403 of Kolde to Visarwadi Near Junction with NH-6 section of NH 752G total length 44.40 to two-lane with paved shoulder / four lanes in the State of Maharashtra on EPC mode.,MoRTH,618176,,Maharashtra,03/2025,01/2026,01/2028,,349.08,349.08,0.0,17.0,122,2026-03-31,https://ipm.mospi.gov.in/Content/PDF/FlashReport_March_2026.pdf,0,0.0000,,,12,34,22,0.0000,2026-03,2026-03-01,"Retrospective March 2026 snapshot; use revised cost/date only as outcome labels, not predictive features."
1325,(-) Pal Phata Phulambri - Khultabad 2LPS,MoRTH,618177,N24001060,Maharashtra,03/2018,06/2018,12/2019,12/2025,227.19,227.19,0.0,99.15,122,2026-03-31,https://ipm.mospi.gov.in/Content/PDF/FlashReport_March_2026.pdf,0,0.0000,1,72,96,21,-75,0.0000,2026-03,2026-03-01,"Retrospective March 2026 snapshot; use revised cost/date only as outcome labels, not predictive features."
1326,Widening and strengthening of Gangakhed to Kingaon section of NH-752K in Km 38/750 to 72/304 Flexible Pavement Length33.554 km to 2-lane configuration on EPC mode in the State of Maharashtra.,MoRTH,618178,-,Maharashtra,02/2024,12/2024,06/2026,,162.67,162.67,0.0,72.0,122,2026-03-31,https://ipm.mospi.gov.in/Content/PDF/FlashReport_March_2026.pdf,0,0.0000,,,25,28,3,0.0000,2026-03,2026-03-01,"Retrospective March 2026 snapshot; use revised cost/date only as outcome labels, not predictive features."
1327,Rehabilitation and Upgradation of Shewali phata to Kalambhir section i.e. Km 0443 to Km 4500 & Nizampur to Chadwel section i.e. Km 13485 to Km 26265 Length16.317 Km excluding 2 Major Bridges with approaches Km 13735 to Km 14095 & Km 19660 to Km 20030 of NH 753B to 2LPS Configuration in the State of Maharashtra on EPC Mode.,MoRTH,618179,,Maharashtra,03/2024,08/2024,02/2026,02/2026,181.58,181.58,0.0,93.01,122,2026-03-31,https://ipm.mospi.gov.in/Content/PDF/FlashReport_March_2026.pdf,0,0.0000,0,0,24,23,-1,0.0000,2026-03,2026-03-01,"Retrospective March 2026 snapshot; use revised cost/date only as outcome labels, not predictive features."
1328,(-) Pune raigarh District Border To Mangaon Ch 69000 to 103775 NH-753F,MoRTH,618180,N24001082,Maharashtra,03/2018,06/2018,12/2019,06/2024,223.46,223.46,0.0,89.08,122,2026-03-31,https://ipm.mospi.gov.in/Content/PDF/FlashReport_March_2026.pdf,0,0.0000,1,54,96,21,-75,0.0000,2026-03,2026-03-01,"Retrospective March 2026 snapshot; use revised cost/date only as outcome labels, not predictive features."
1329,Rehabilitation / Upgradation to 4 Lane with Paved shoulder of Existing Section in Sillod Town with Design Ch. Km54500 to Km 60679 [Length6.179 km] section of NH 753F Aurangabad-Jalgaon road on EPC Mode in the State of Maharashtra,MoRTH,618181,N24002177,Maharashtra,03/2023,01/2024,07/2025,03/2025,153.79,153.79,0.0,98.0,122,2026-03-31,https://ipm.mospi.gov.in/Content/PDF/FlashReport_March_2026.pdf,0,0.0000,0,-4,36,28,-8,0.0000,2026-03,2026-03-01,"Retrospective March 2026 snapshot; use revised cost/date only as outcome labels, not predictive features."
1330,Rehabilitation and Up-gradation to 2 lane with paved shoulder configuration of Mahud Sangola road NH 965 G 159400 to 161900and 162400 to 183960 Design Chainage from km. 32/300 to km. 34/800 and km. 35/800 to km. 56/860 Rigid Pavement on EPC mode in the State of Maharashtra.,MoRTH,618188,N24002173,Maharashtra,02/2023,11/2023,05/2025,06/2026,253.78,253.78,0.0,99.75,122,2026-03-31,https://ipm.mospi.gov.in/Content/PDF/FlashReport_March_2026.pdf,0,0.0000,1,13,37,27,-10,0.0000,2026-03,2026-03-01,"Retrospective March 2026 snapshot; use revised cost/date only as outcome labels, not predictive features."
1331,Balance work of Rehabilitation and Up-gradation to 2-lane road with paved shoulders configuration for NH- 965DD from Pacharal-Mandangad-Mhapral-Rajewadi Upto Junction of NH-66 Ch-22700 to 75100 Km and Ambadave connector Birth place of Dr. Babasaheb Ambedkar Ch-0000 to 7325 Km length Km 59.725 in the state of Maharashtra on EPC mode. Balance Work,MoRTH,618198,N24001107,Maharashtra,03/2018,01/2022,01/2024,06/2026,388.93,341.69,0.0,93.0,122,2026-03-31,https://ipm.mospi.gov.in/Content/PDF/FlashReport_March_2026.pdf,0,-12.1461,1,29,96,70,-26,0.0000,2026-03,2026-03-01,"Retrospective March 2026 snapshot; use revised cost/date only as outcome labels, not predictive features."
1332,"Rehabilitation, Upgradation & Widening of existing Highway to Rigid Pavement 2 Lane with Paved Shoulder of NH 965DD from Lonand Shirval-Bhor Mandangad-Pchral Section ShindewadiPhata to Varandah Ghat Dist Border from Km 33/550 to 92/550 in the state of Maharashtra on EPC mode.",MoRTH,618199,N24002178,Maharashtra,02/2023,07/2024,07/2026,07/2026,723.13,723.13,0.0,44.67,122,2026-03-31,https://ipm.mospi.gov.in/Content/PDF/FlashReport_March_2026.pdf,0,0.0000,0,0,37,41,4,0.0000,2026-03,2026-03-01,"Retrospective March 2026 snapshot; use revised cost/date only as outcome labels, not predictive features."
1333,Vadodara Mumbai Expressway Phase II - Pkg XI [Km. 77.000 to Km. 103.400] Ganjad - Talsari,National Highways Authority of India [NHAI],618468,N24001504,Maharashtra,06/2020,05/2022,05/2024,04/2026,1524.71,1913.95,813.35,99.76,122,2026-03-31,https://ipm.mospi.gov.in/Content/PDF/FlashReport_March_2026.pdf,1,25.5288,1,23,69,47,-22,53.3446,2026-03,2026-03-01,"Retrospective March 2026 snapshot; use revised cost/date only as outcome labels, not predictive features."
1334,Vadodara Mumbai Expressway Phase II - Pkg XIII [Km. 26.582 to Km. 50.700] Shirsad - Masvan,National Highways Authority of India [NHAI],618469,N24001506,Maharashtra,06/2020,02/2022,02/2024,07/2026,3536.9,4679.54,1792.81,90.86,122,2026-03-31,https://ipm.mospi.gov.in/Content/PDF/FlashReport_March_2026.pdf,1,32.3063,1,29,69,44,-25,50.6887,2026-03,2026-03-01,"Retrospective March 2026 snapshot; use revised cost/date only as outcome labels, not predictive features."
1335,Vadodara Mumbai Expressway Phase II - Pkg XIV [Km. 3.000 to Km. 20.200 of Spur] Shirsad - Akloli,National Highways Authority of India [NHAI],618470,N24001507,Maharashtra,05/2021,11/2022,05/2024,05/2026,2058.79,2324.72,576.7,86.0,122,2026-03-31,https://ipm.mospi.gov.in/Content/PDF/FlashReport_March_2026.pdf,1,12.9168,1,24,58,36,-22,28.0116,2026-03,2026-03-01,"Retrospective March 2026 snapshot; use revised cost/date only as outcome labels, not predictive features."
1336,Vadodara Mumbai Expressway Phase II - Pkg XV [Km. 20.200 to Km. 43.000 of Spur] Akloli - Amne,National Highways Authority of India [NHAI],618471,N24001521,Maharashtra,05/2021,11/2022,05/2024,05/2026,2610.88,2918.39,596.29,91.5,122,2026-03-31,https://ipm.mospi.gov.in/Content/PDF/FlashReport_March_2026.pdf,1,11.7780,1,24,58,36,-22,22.8387,2026-03,2026-03-01,"Retrospective March 2026 snapshot; use revised cost/date only as outcome labels, not predictive features."
1337,Vadodara Mumbai Expressway Phase II - Pkg XVI [Km. 43.000 to Km. 69.800 of Spur] Amne - Bhoj,National Highways Authority of India [NHAI],618472,N24001508,Maharashtra,06/2021,11/2022,10/2024,05/2026,4051.8,4315.56,824.65,90.7,122,2026-03-31,https://ipm.mospi.gov.in/Content/PDF/FlashReport_March_2026.pdf,1,6.5097,1,19,57,40,-17,20.3527,2026-03,2026-03-01,"Retrospective March 2026 snapshot; use revised cost/date only as outcome labels, not predictive features."
1339,City on PuneSatara section of NH48,National Highways Authority of India [NHAI],618511,-,Maharashtra,01/2025,06/2025,06/2026,06/2027,604.59,388.78,43.71,13.9,123,2026-03-31,https://ipm.mospi.gov.in/Content/PDF/FlashReport_March_2026.pdf,0,-35.6953,1,12,14,17,3,7.2297,2026-03,2026-03-01,"Retrospective March 2026 snapshot; use revised cost/date only as outcome labels, not predictive features."
1340,Tunnel at Khambataki Ghat Section and its approaches from existing Km. 771.730 to existing Km. 782.000,National Highways Authority of India [NHAI],618512,N24001486,Maharashtra,11/2017,02/2019,02/2022,08/2026,907.03,816.12,526.64,86.99,123,2026-03-31,https://ipm.mospi.gov.in/Content/PDF/FlashReport_March_2026.pdf,0,-10.0228,1,54,100,51,-49,58.0620,2026-03,2026-03-01,"Retrospective March 2026 snapshot; use revised cost/date only as outcome labels, not predictive features."
1341,6L of Kagal-Satara section from Km 592.500 to Km 658.000 of NH-48 Pkg-I,National Highways Authority of India [NHAI],618513,N24001546,Maharashtra,12/2021,01/2023,01/2025,04/2026,2111.95,1435.46,627.39,48.87,123,2026-03-31,https://ipm.mospi.gov.in/Content/PDF/FlashReport_March_2026.pdf,0,-32.0315,1,15,51,37,-14,29.7067,2026-03,2026-03-01,"Retrospective March 2026 snapshot; use revised cost/date only as outcome labels, not predictive features."
1342,6L of Kagal-Satara section from Km 658.000 to Km 725.000 of NH-48 Pkg-II,National Highways Authority of India [NHAI],618514,N24001493,Maharashtra,12/2021,12/2022,12/2024,05/2026,2330.71,317.4,186.26,73.96,123,2026-03-31,https://ipm.mospi.gov.in/Content/PDF/FlashReport_March_2026.pdf,0,-86.3818,1,17,51,36,-15,7.9916,2026-03,2026-03-01,"Retrospective March 2026 snapshot; use revised cost/date only as outcome labels, not predictive features."
1343,"Flyover at Km.544.650 including ROB, Service Roads ,Footpath for RCC drains on urban link to Nagpur -Raipur road Pardi octroi Naka to Itwari",National Highways Authority of India [NHAI],618555,N24000442,Maharashtra,12/2015,03/2016,03/2019,04/2026,1097.81,758.4,308.61,97.77,123,2026-03-31,https://ipm.mospi.gov.in/Content/PDF/FlashReport_March_2026.pdf,0,-30.9170,1,85,123,39,-84,28.1114,2026-03,2026-03-01,"Retrospective March 2026 snapshot; use revised cost/date only as outcome labels, not predictive features."
1344,4L of Indora Chowk to Pachpaoli and Agrasen Chowk - Ashoka Chowk,National Highways Authority of India [NHAI],618557,N24002071,Maharashtra,03/2023,07/2023,06/2026,06/2026,1038.84,918.53,603.39,80.13,123,2026-03-31,https://ipm.mospi.gov.in/Content/PDF/FlashReport_March_2026.pdf,0,-11.5812,0,0,36,39,3,58.0831,2026-03,2026-03-01,"Retrospective March 2026 snapshot; use revised cost/date only as outcome labels, not predictive features."
1345,6L of Gonde Km. 439.038 to Pimpri Sado Km. 459.905 section of NH-848 Old NH-3,National Highways Authority of India [NHAI],618585,-,Maharashtra,02/2024,10/2024,04/2027,11/2027,856.93,718.84,88.54,30.2,123,2026-03-31,https://ipm.mospi.gov.in/Content/PDF/FlashReport_March_2026.pdf,0,-16.1145,1,7,25,38,13,10.3322,2026-03,2026-03-01,"Retrospective March 2026 snapshot; use revised cost/date only as outcome labels, not predictive features."
1346,Improvement and strengthening of existing 2 lane stretch to 2-Lane with PS 1.5m on both sides on Ghoti-Sinnar section of NH-160A using Thin White Topping 200mm thick in the State Of Maharashtra on EPC Mode,National Highways Authority of India [NHAI],618586,-,Maharashtra,03/2025,06/2025,06/2026,06/2026,254.78,147.64,99.89,76.0,123,2026-03-31,https://ipm.mospi.gov.in/Content/PDF/FlashReport_March_2026.pdf,0,-42.0520,0,0,12,15,3,39.2064,2026-03,2026-03-01,"Retrospective March 2026 snapshot; use revised cost/date only as outcome labels, not predictive features."
1347,4L Mitigation Measure structures on CH/MH Border to Wainganga Bridge Section of NH-6 New NH-53,National Highways Authority of India [NHAI],618588,N24001798,Maharashtra,02/2021,11/2021,11/2023,04/2026,540.24,468.92,464.25,99.79,123,2026-03-31,https://ipm.mospi.gov.in/Content/PDF/FlashReport_March_2026.pdf,0,-13.2015,1,29,61,33,-28,85.9340,2026-03,2026-03-01,"Retrospective March 2026 snapshot; use revised cost/date only as outcome labels, not predictive features."
1348,Balance work of 4L Panvel to Indapur section of NH-66 Old NH- 17 from km 0.000 Panvel to km 42.300 Kasu,National Highways Authority of India [NHAI],618594,N24001609,Maharashtra,12/2022,03/2023,10/2024,04/2026,329.82,196.87,183.78,96.89,123,2026-03-31,https://ipm.mospi.gov.in/Content/PDF/FlashReport_March_2026.pdf,0,-40.3099,1,18,39,22,-17,55.7213,2026-03,2026-03-01,"Retrospective March 2026 snapshot; use revised cost/date only as outcome labels, not predictive features."
1349,Four laning from Dive Ghat Km. 220.900 to Hadapsar Km. 234.150 of Mohol Alandi section Pkg VI of NH-965,National Highways Authority of India [NHAI],618626,-,Maharashtra,12/2023,10/2024,10/2026,04/2027,819.52,400.0,104.41,60.26,123,2026-03-31,https://ipm.mospi.gov.in/Content/PDF/FlashReport_March_2026.pdf,0,-51.1909,1,6,27,34,7,12.7404,2026-03,2026-03-01,"Retrospective March 2026 snapshot; use revised cost/date only as outcome labels, not predictive features."
1350,Construction of 7 Nos of Standalone safety structures/works at different locations on various NHs,National Highways Authority of India [NHAI],618627,-,Maharashtra,01/2025,07/2025,01/2027,01/2027,168.52,112.03,9.76,10.64,123,2026-03-31,https://ipm.mospi.gov.in/Content/PDF/FlashReport_March_2026.pdf,0,-33.5212,0,0,14,24,10,5.7916,2026-03,2026-03-01,"Retrospective March 2026 snapshot; use revised cost/date only as outcome labels, not predictive features."
1351,Strengthening of Existing Alignment of Pandharpur Town Part Bypassed Section of NH 965 from KM 36.230 to KM 44.230 from Chh. Shivaji Maharaj Chowk to Wakhari,National Highways Authority of India [NHAI],618628,-,Maharashtra,08/2022,11/2023,10/2025,06/2026,150.21,87.59,52.83,48.0,123,2026-03-31,https://ipm.mospi.gov.in/Content/PDF/FlashReport_March_2026.pdf,0,-41.6883,1,8,43,38,-5,35.1708,2026-03,2026-03-01,"Retrospective March 2026 snapshot; use revised cost/date only as outcome labels, not predictive features."
1352,Tarsod - Fagne section of NH-6,National Highways Authority of India [NHAI],618638,-,Maharashtra,06/2016,01/2019,07/2021,04/2026,2267.99,2560.5,990.0,98.84,123,2026-03-31,https://ipm.mospi.gov.in/Content/PDF/FlashReport_March_2026.pdf,1,12.8973,1,57,117,61,-56,43.6510,2026-03,2026-03-01,"Retrospective March 2026 snapshot; use revised cost/date only as outcome labels, not predictive features."
1353,Chakur Loha Section of NH-361 from km 114.600 to km 187.80,National Highways Authority of India [NHAI],618652,-,Maharashtra,03/2018,03/2019,03/2021,02/2024,1241.38,3342.11,785.13,100.0,123,2026-03-31,https://ipm.mospi.gov.in/Content/PDF/FlashReport_March_2026.pdf,1,169.2254,1,35,96,36,-60,63.2465,2026-03,2026-03-01,"Retrospective March 2026 snapshot; use revised cost/date only as outcome labels, not predictive features."
1354,Loha-Waranga Section of NH-361 from km 187.800 to km 244.369,National Highways Authority of India [NHAI],618653,-,Maharashtra,03/2018,03/2019,03/2021,05/2026,1236.08,3466.58,832.88,96.15,123,2026-03-31,https://ipm.mospi.gov.in/Content/PDF/FlashReport_March_2026.pdf,1,180.4495,1,62,96,36,-60,67.3808,2026-03,2026-03-01,"Retrospective March 2026 snapshot; use revised cost/date only as outcome labels, not predictive features."
1355,Bodhre - Dhule,National Highways Authority of India [NHAI],618693,N24000656,Maharashtra,02/2021,01/2022,07/2024,05/2026,1344.78,1292.7,767.85,97.69,123,2026-03-31,https://ipm.mospi.gov.in/Content/PDF/FlashReport_March_2026.pdf,0,-3.8728,1,22,61,41,-20,57.0986,2026-03,2026-03-01,"Retrospective March 2026 snapshot; use revised cost/date only as outcome labels, not predictive features."
1356,159900 To KM 188025 of NH-965DD Section I and 2L With Paved Shoulder of Lonand-Satara Section from KM 51500 To KM 96246 Of NH-965D Section II in Satara District in the State of Maharashtra on EPC Mode under NHO-,National Highways Authority of India [NHAI],618754,-,Maharashtra,03/2025,06/2025,06/2027,06/2027,538.11,307.24,53.91,26.2,123,2026-03-31,https://ipm.mospi.gov.in/Content/PDF/FlashReport_March_2026.pdf,0,-42.9039,0,0,12,27,15,10.0184,2026-03,2026-03-01,"Retrospective March 2026 snapshot; use revised cost/date only as outcome labels, not predictive features."
1357,Up-gradation to Four Lane with Paved Shoulder configuration of the highway starting from existing km 88.400 Savali Vihir to km 163.400 start of Ahmednagar bypass Design Length 75.000 km section of NH-160 in the State of Maharashtra under Bharatmala Pariyojana on EPC Mode,NHAI,618766,,Maharashtra,10/2024,04/2025,04/2027,04/2027,862.0,617.93,149.73,32.73,123,2026-03-31,https://ipm.mospi.gov.in/Content/PDF/FlashReport_March_2026.pdf,0,-28.3144,0,0,17,30,13,17.3701,2026-03,2026-03-01,"Retrospective March 2026 snapshot; use revised cost/date only as outcome labels, not predictive features."
1358,(-) 4L of Ratnagiri - Kolhapur section from km 67.140 to km 112.340 of NH-166 Pkg II,National Highways Authority of India [NHAI],,,Maharashtra,02/2022,,05/2025,,1985.38,,347.25,78.26,123,2026-03-31,https://ipm.mospi.gov.in/Content/PDF/FlashReport_March_2026.pdf,,,,,49,39,-10,17.4904,2026-03,2026-03-01,"Retrospective March 2026 snapshot; use revised cost/date only as outcome labels, not predictive features."
1359,4L of Ratnagiri - Kolhapur section from km 112.340 to km 145.300 of NH-166 PkgIII,National Highways Authority of India [NHAI],618837,N24001835,Maharashtra,02/2022,05/2023,05/2025,05/2026,1939.23,1910.41,443.49,65.9,124,2026-03-31,https://ipm.mospi.gov.in/Content/PDF/FlashReport_March_2026.pdf,0,-1.4862,1,12,49,39,-10,22.8694,2026-03,2026-03-01,"Retrospective March 2026 snapshot; use revised cost/date only as outcome labels, not predictive features."
1360,4L of Nagpur-Katol Section from Km. 13.00 to Km. 62.900 of NH-353J,National Highways Authority of India [NHAI],618937,N24001799,Maharashtra,02/2021,10/2021,10/2023,06/2026,1166.96,1432.82,958.33,81.54,124,2026-03-31,https://ipm.mospi.gov.in/Content/PDF/FlashReport_March_2026.pdf,1,22.7823,1,32,61,32,-29,82.1219,2026-03,2026-03-01,"Retrospective March 2026 snapshot; use revised cost/date only as outcome labels, not predictive features."
1361,Construction of Standalone Flyover cum ROB from Design Ch.66.600 to Design Ch.68.800 in Gadchandur Town on NH-353B,National Highways Authority of India [NHAI],618939,-,Maharashtra,02/2025,07/2025,07/2027,07/2027,191.31,107.76,17.78,26.8,124,2026-03-31,https://ipm.mospi.gov.in/Content/PDF/FlashReport_March_2026.pdf,0,-43.6726,0,0,13,29,16,9.2938,2026-03,2026-03-01,"Retrospective March 2026 snapshot; use revised cost/date only as outcome labels, not predictive features."
1362,Rehabilitation and Up gradation of Charthana Jintur Section of NH 752 I Km 25100 to 47100 to 2 Lane with Paved Shoulder configuration Flexible Pavement in the state of Maharashtra on EPC mode. Reg- Resubmission of Annual Plan Estimate.,MoRTH,619008,-,Maharashtra,03/2025,01/2026,07/2027,07/2026,157.69,157.69,0.0,0.0,124,2026-03-31,https://ipm.mospi.gov.in/Content/PDF/FlashReport_March_2026.pdf,0,0.0000,0,-12,12,28,16,0.0000,2026-03,2026-03-01,"Retrospective March 2026 snapshot; use revised cost/date only as outcome labels, not predictive features."
1363,"Construction of six lane Flyover at Katraj junction at Km, 3/880 of NH 548-DD Vadgaon - Katraj - Kondhwa - Mantarwadi Chowk - Loni Kalbhor - Theur Phata - Lonikand Road in Pune Dist of the State of Maharashtra. On Engineering Procurement and construction EPC Basis mode L.1.326 Km,",MoRTH,619042,,Maharashtra,02/2021,03/2022,02/2026,02/2023,163.51,163.51,0.0,78.0,124,2026-03-31,https://ipm.mospi.gov.in/Content/PDF/FlashReport_March_2026.pdf,0,0.0000,0,-36,61,60,-1,0.0000,2026-03,2026-03-01,"Retrospective March 2026 snapshot; use revised cost/date only as outcome labels, not predictive features."
1364,(N24001907) Satara Km 725.000 to Pune Km 865.350 of NH - 4 New NH - 48 in Maharashtra,National Highways Authority of India [NHAI],619069,-,Maharashtra,09/2009,10/2010,05/2022,06/2026,361.72,425.51,58.42,99.05,124,2026-03-31,https://ipm.mospi.gov.in/Content/PDF/FlashReport_March_2026.pdf,1,17.6352,1,49,198,152,-46,16.1506,2026-03,2026-03-01,"Retrospective March 2026 snapshot; use revised cost/date only as outcome labels, not predictive features."
1365,Balance works of 4L Panvel Indapur section of NH66 old NH17 from km 42.300 kasu to km 84.600 Indapur,National Highways Authority of India [NHAI],619095,N24001607,Maharashtra,06/2022,11/2022,05/2024,06/2026,546.44,472.1,380.82,81.63,124,2026-03-31,https://ipm.mospi.gov.in/Content/PDF/FlashReport_March_2026.pdf,0,-13.6044,1,25,45,23,-22,69.6911,2026-03,2026-03-01,"Retrospective March 2026 snapshot; use revised cost/date only as outcome labels, not predictive features."
1366,4L of Ratnagiri - Kolhapur section of NH-166 from km 0.000 to km 19.769 and km 31.000 to km 67.140 Pkg I,National Highways Authority of India [NHAI],619149,N24001495,Maharashtra,02/2022,11/2022,11/2024,06/2026,1774.03,2108.41,685.28,93.75,124,2026-03-31,https://ipm.mospi.gov.in/Content/PDF/FlashReport_March_2026.pdf,1,18.8486,1,19,49,33,-16,38.6284,2026-03,2026-03-01,"Retrospective March 2026 snapshot; use revised cost/date only as outcome labels, not predictive features."
1367,4L of Baramati to Indapur Pkg-II from km. 41.400 to km. 84.550 of NH-965G Saint Tukaram Marg,National Highways Authority of India [NHAI],619163,N24001502,Maharashtra,01/2021,09/2021,09/2023,06/2026,1471.32,1297.48,910.9,86.2,124,2026-03-31,https://ipm.mospi.gov.in/Content/PDF/FlashReport_March_2026.pdf,0,-11.8152,1,33,62,32,-30,61.9104,2026-03,2026-03-01,"Retrospective March 2026 snapshot; use revised cost/date only as outcome labels, not predictive features."
1368,Vadodara Mumbai Expressway Phase II - Pkg XII [Km. 50.700 to Km. 77.000] Masvan - Ganjad,National Highways Authority of India [NHAI],619198,-,Maharashtra,08/2020,03/2022,03/2024,04/2026,1711.38,2388.52,962.91,99.38,124,2026-03-31,https://ipm.mospi.gov.in/Content/PDF/FlashReport_March_2026.pdf,1,39.5669,1,25,67,43,-24,56.2651,2026-03,2026-03-01,"Retrospective March 2026 snapshot; use revised cost/date only as outcome labels, not predictive features."
1369,Vadape to Thane from km 539.202 to km 563.000 section of NH-3 new NH-848,National Highways Authority of India [NHAI],619203,-,Maharashtra,03/2018,01/2019,07/2021,04/2026,1252.92,1371.27,482.14,76.6,124,2026-03-31,https://ipm.mospi.gov.in/Content/PDF/FlashReport_March_2026.pdf,1,9.4459,1,57,96,40,-56,38.4813,2026-03,2026-03-01,"Retrospective March 2026 snapshot; use revised cost/date only as outcome labels, not predictive features."
1370,4L of existing 2/4L stretch from Lonand to Dive Ghat Km 166.400 to Km 220.900 of Mohol Alandi section of NH-965 Pkg - V,National Highways Authority of India [NHAI],619209,-,Maharashtra,10/2021,05/2022,05/2024,04/2026,1709.56,2049.51,1125.89,98.52,124,2026-03-31,https://ipm.mospi.gov.in/Content/PDF/FlashReport_March_2026.pdf,1,19.8852,1,23,53,31,-22,65.8585,2026-03,2026-03-01,"Retrospective March 2026 snapshot; use revised cost/date only as outcome labels, not predictive features."
1371,Dharampuri-Lonand from km. 117.00 to 166.40 Pkg-IV on Mohol-Alandi Section,National Highways Authority of India [NHAI],619210,-,Maharashtra,01/2021,09/2021,09/2023,04/2026,1411.71,1358.68,1015.63,97.4,124,2026-03-31,https://ipm.mospi.gov.in/Content/PDF/FlashReport_March_2026.pdf,0,-3.7564,1,31,62,32,-30,71.9432,2026-03,2026-03-01,"Retrospective March 2026 snapshot; use revised cost/date only as outcome labels, not predictive features."
1372,Widening/Improvement of existing 2-Lane road to 4-Lane Divided Highway from Sekmai to Nilakuthi section of Imphal-Kohima Road Design Chainage from Km 297700 to Km 308729 of NH-39 New NH-02 in state of Manipur on EPC mode Pkg-5B,NHIDCL,618298,N24001400,Manipur,03/2021,07/2021,01/2023,06/2026,211.7,211.7,227.95,85.64,124,2026-03-31,https://ipm.mospi.gov.in/Content/PDF/FlashReport_March_2026.pdf,0,0.0000,1,41,60,22,-38,107.6760,2026-03,2026-03-01,"Retrospective March 2026 snapshot; use revised cost/date only as outcome labels, not predictive features."
1373,Improvement/Up-gradation of existing 2-Lane Road to 4-Lane Divided Highway from Daili to Kuraopokpi section of Imphal-Kohima road NH-02 Design Chainage from Km 274610 to Km 287000 in the state of Manipur on EPC mode Pkg-4B,NHIDCL,618299,-,Manipur,09/2020,12/2024,06/2026,06/2026,268.98,268.98,0.0,52.66,124,2026-03-31,https://ipm.mospi.gov.in/Content/PDF/FlashReport_March_2026.pdf,0,0.0000,0,0,66,69,3,0.0000,2026-03,2026-03-01,"Retrospective March 2026 snapshot; use revised cost/date only as outcome labels, not predictive features."
1374,Improvement/Up-gradation of existing 2-Lane Road to 4-Lane Divided Highway from Taphukuki to Daili section of Imphal-Kohima road NH-02 Design Chainage from Km 262175 to Km 274610 in the state of Manipur on EPC mode Pkg-4A,NHIDCL,618300,N24001274,Manipur,09/2020,10/2020,04/2022,08/2026,379.39,379.39,301.89,87.3,124,2026-03-31,https://ipm.mospi.gov.in/Content/PDF/FlashReport_March_2026.pdf,0,0.0000,1,52,66,19,-47,79.5725,2026-03,2026-03-01,"Retrospective March 2026 snapshot; use revised cost/date only as outcome labels, not predictive features."
1375,Widening/Improvement of existing 2-lane to 4-Lane Divided Highway from Kuraopokpi to Sekmai section of Imphal-Kohima Road Design Ch. km 287.00 to 297.700 of NH-39 New NH-02 in state of Manipur on EPC mode Pkg-5A,NHIDCL,618301,-,Manipur,09/2020,02/2025,08/2026,08/2026,228.97,228.97,33.76,41.99,124,2026-03-31,https://ipm.mospi.gov.in/Content/PDF/FlashReport_March_2026.pdf,0,0.0000,0,0,66,71,5,14.7443,2026-03,2026-03-01,"Retrospective March 2026 snapshot; use revised cost/date only as outcome labels, not predictive features."
1376,Widening/Improvement to 2-lane with earthen shoulder of Yaingangpokpi - Finch corner road section of NH-202 from Km 16.900 to Km 30.970 of NH-202 in the state of Manipur on EPC mode Package-2,NHIDCL,618302,,Manipur,03/2020,07/2020,06/2022,06/2026,256.04,256.04,0.0,97.12,124,2026-03-31,https://ipm.mospi.gov.in/Content/PDF/FlashReport_March_2026.pdf,0,0.0000,1,48,72,27,-45,0.0000,2026-03,2026-03-01,"Retrospective March 2026 snapshot; use revised cost/date only as outcome labels, not predictive features."
1377,corner road section of NH-202 from Km 0.000 to Km 16.900 of NH-202 in the state of Manipur on EPC mode Package-1,NHIDCL,618303,N24001331,Manipur,03/2020,07/2020,06/2022,04/2026,222.77,222.77,0.0,88.85,125,2026-03-31,https://ipm.mospi.gov.in/Content/PDF/FlashReport_March_2026.pdf,0,0.0000,1,46,72,27,-45,0.0000,2026-03,2026-03-01,"Retrospective March 2026 snapshot; use revised cost/date only as outcome labels, not predictive features."
1378,"Widening/Improvement to 2 Lane with earthen shoulder of Jessami to Laynen bridge Nagaland border section of NH-29 of Imphal -Ukhrul - Jessami Economic Corridor from km 0.000 to km 11.009 in the State of Manipur on EPC mode under Bharatmala Pariyojana, under NHO-NE Package-7",NHIDCL,618304,N24002227,Manipur,03/2023,12/2024,06/2026,10/2026,164.89,164.89,125.76,23.56,125,2026-03-31,https://ipm.mospi.gov.in/Content/PDF/FlashReport_March_2026.pdf,0,0.0000,1,4,36,39,3,76.2690,2026-03,2026-03-01,"Retrospective March 2026 snapshot; use revised cost/date only as outcome labels, not predictive features."
1379,Widening/Improvement to 2 lane with earthen shoulder of Marrem Khullen to Jessami section of NH-202 of Imphal - Ukhrul - Jessami Economic Corridor from Design Chainage km 95.700 to km 140.180 in the State of Manipur on EPC mode under Bharatmala Pariyojana under NHO-NE Package-6,NHIDCL,618305,N24002202,Manipur,03/2023,12/2024,12/2026,12/2026,554.66,554.66,201.52,22.55,125,2026-03-31,https://ipm.mospi.gov.in/Content/PDF/FlashReport_March_2026.pdf,0,0.0000,0,0,36,45,9,36.3322,2026-03,2026-03-01,"Retrospective March 2026 snapshot; use revised cost/date only as outcome labels, not predictive features."
1380,"Widening/Improvement to 2 lane with earthen shoulder of Choithar to Marrem Khullen section of NH-202 of Imphal Ukhrul Jessami Economic Corridor from Design Chainage km 53.110 to km 95.700 in the State of Manipur on EPC mode under Bharatmala Pariyojana, under NHO-NE Package-5",NHIDCL,618306,N24002242,Manipur,03/2023,05/2025,03/2027,05/2027,564.05,564.05,72.58,14.08,125,2026-03-31,https://ipm.mospi.gov.in/Content/PDF/FlashReport_March_2026.pdf,0,0.0000,1,2,36,48,12,12.8677,2026-03,2026-03-01,"Retrospective March 2026 snapshot; use revised cost/date only as outcome labels, not predictive features."
1381,Widening to 2 lane with Paved shoulder of lmphal to Jiribam section of NH-37 from Design Ch. from km 169570 Near Nungkao vlllage under Tamenglong District to km 205974 near Jiribam Bridge under Jiribam district under NHO-NE PKG-7,NHIDCL,618333,N24001323,Manipur,01/2023,12/2023,12/2025,06/2026,760.16,760.16,414.38,90.2,125,2026-03-31,https://ipm.mospi.gov.in/Content/PDF/FlashReport_March_2026.pdf,0,0.0000,1,6,38,35,-3,54.5122,2026-03,2026-03-01,"Retrospective March 2026 snapshot; use revised cost/date only as outcome labels, not predictive features."
1382,Widening to 2 Lane with Paved shoulder of lmphal to Jiribam section of NH-37 from Design Ch. from km 131.280 to km 169.570 on EPC mode in Manipur under NHO- TSP PKG-6,NHIDCL,618334,N24002132,Manipur,12/2021,02/2023,02/2025,05/2026,504.76,504.76,308.06,95.0,125,2026-03-31,https://ipm.mospi.gov.in/Content/PDF/FlashReport_March_2026.pdf,0,0.0000,1,15,51,38,-13,61.0310,2026-03,2026-03-01,"Retrospective March 2026 snapshot; use revised cost/date only as outcome labels, not predictive features."
1383,Widening to 2 Lane with Paved shoulder of lmphal to Jiribam section of NH-37 from Design Ch. from Km 101280 Near Khongsang Village to Km 131280 near Puilon Kambiron Village on EPC Mode in Manipur PKG-5,NHIDCL,618335,N24000979,Manipur,12/2021,11/2022,05/2024,06/2026,410.68,410.68,339.14,87.95,125,2026-03-31,https://ipm.mospi.gov.in/Content/PDF/FlashReport_March_2026.pdf,0,0.0000,1,25,51,29,-22,82.5801,2026-03,2026-03-01,"Retrospective March 2026 snapshot; use revised cost/date only as outcome labels, not predictive features."
1384,Widening to 2 -Lane with Paved shoulder of Imphal to Jiribam section of NH-37 from Design Chainage 66.110 km to 101.280 Km Existing Chainage km 67.496 to km 103.557 on EPC Mode in Manipur PKG-4,NHIDCL,618336,N24001390,Manipur,09/2021,06/2022,12/2023,07/2026,579.63,579.63,377.13,83.98,125,2026-03-31,https://ipm.mospi.gov.in/Content/PDF/FlashReport_March_2026.pdf,0,0.0000,1,31,54,27,-27,65.0639,2026-03,2026-03-01,"Retrospective March 2026 snapshot; use revised cost/date only as outcome labels, not predictive features."
1385,Widening to 2 -Lane with Paved shoulder of Imphal to Jiribam section of NH-37 from Design Chainage 33.000 km to 66.390 Km Existing Chainage from km 33.395 to km 67.496 on EPC Mode in Manipur PKG-3,NHIDCL,618337,N24001416,Manipur,03/2021,09/2021,03/2023,03/2026,467.0,467.0,568.72,86.33,125,2026-03-31,https://ipm.mospi.gov.in/Content/PDF/FlashReport_March_2026.pdf,0,0.0000,1,36,60,24,-36,121.7816,2026-03,2026-03-01,"Retrospective March 2026 snapshot; use revised cost/date only as outcome labels, not predictive features."
1386,Widening to 2-Lane with Paved shoulder of Imphal to Jiribam section of NH-37 from Design Chainage 15.940 km to 33.120 Km Existing Chainage Km 15.946 to Km 33.395 Total length17.180 Km in the State of Manipur on EPC mode PKG-2 - Balance Works & Rectification works,NHIDCL,618338,N24002244,Manipur,03/2021,03/2025,03/2026,05/2026,195.14,195.14,0.0,76.18,125,2026-03-31,https://ipm.mospi.gov.in/Content/PDF/FlashReport_March_2026.pdf,0,0.0000,1,2,60,60,0,0.0000,2026-03,2026-03-01,"Retrospective March 2026 snapshot; use revised cost/date only as outcome labels, not predictive features."
1387,Widening to 2-lane with Hard shoulder of Churachandpur to Tuivai Section of NH- 102B from Design Chainage 69.875 Km to 121.769 Km in the State of Manipur on EPC mode Package-3,NHIDCL,618344,N24001792,Manipur,03/2021,08/2021,08/2023,12/2026,673.27,673.27,500.96,82.93,125,2026-03-31,https://ipm.mospi.gov.in/Content/PDF/FlashReport_March_2026.pdf,0,0.0000,1,40,60,29,-31,74.4070,2026-03,2026-03-01,"Retrospective March 2026 snapshot; use revised cost/date only as outcome labels, not predictive features."
1388,Widening to 2-lane with Hard shoulder of Churachandpur to Tuivai Section from Km 48.587 to Km 69.875 in the State of Manipur on EPC mode under NHO Package-2B,NHIDCL,618345,N24001730,Manipur,06/2020,08/2020,08/2022,05/2026,365.53,365.53,187.39,85.09,125,2026-03-31,https://ipm.mospi.gov.in/Content/PDF/FlashReport_March_2026.pdf,0,0.0000,1,45,69,26,-43,51.2653,2026-03,2026-03-01,"Retrospective March 2026 snapshot; use revised cost/date only as outcome labels, not predictive features."
1389,Widening to 2-lane with Hard shoulder of Churachandpur to Tuivai Section of NH- 102B from km 32.835 to km 48.587 in the State of Manipur on EPC mode under NHO Package-2A,NHIDCL,618346,N24001270,Manipur,04/2020,07/2020,06/2022,03/2026,232.99,232.99,149.21,96.35,125,2026-03-31,https://ipm.mospi.gov.in/Content/PDF/FlashReport_March_2026.pdf,0,0.0000,1,45,71,26,-45,64.0414,2026-03,2026-03-01,"Retrospective March 2026 snapshot; use revised cost/date only as outcome labels, not predictive features."
1390,Widening to 2-lane with Hard shoulder of Churachandpur to Tuivai Section of NH- 102B from km 13.747 to km 32.835 in the State of Manipur on EPC mode under NHO Package-1B,NHIDCL,618347,N24001269,Manipur,04/2020,07/2020,06/2022,03/2026,241.52,241.52,152.85,96.54,125,2026-03-31,https://ipm.mospi.gov.in/Content/PDF/FlashReport_March_2026.pdf,0,0.0000,1,45,71,26,-45,63.2867,2026-03,2026-03-01,"Retrospective March 2026 snapshot; use revised cost/date only as outcome labels, not predictive features."
1391,Balance work of Widening to 2 Two lane with hard shoulder of Churachandpur to Tuivai section of NH-102B from km 130.000 to km 141.029 Package-4B in the State of Manipur on EPC Mode,NHIDCL,618348,-,Manipur,06/2020,11/2025,11/2026,11/2026,177.76,177.76,1.41,0.97,125,2026-03-31,https://ipm.mospi.gov.in/Content/PDF/FlashReport_March_2026.pdf,0,0.0000,0,0,69,77,8,0.7932,2026-03,2026-03-01,"Retrospective March 2026 snapshot; use revised cost/date only as outcome labels, not predictive features."
1393,"Lisang-Mahur Road NH-137 starting near Dialong Village from km 10.000 at Dialong to km 31.430 near Old Tamenglong , near Barak River on EPC Mode Package-2",NHIDCL,618355,N24001403,Manipur,07/2021,09/2021,03/2023,03/2026,483.87,483.87,361.96,93.71,126,2026-03-31,https://ipm.mospi.gov.in/Content/PDF/FlashReport_March_2026.pdf,0,0.0000,1,36,56,20,-36,74.8052,2026-03,2026-03-01,"Retrospective March 2026 snapshot; use revised cost/date only as outcome labels, not predictive features."
1394,Construction of 2 -Lane with paved shoulders road from Tamenglong to Mahur in the state of Manipur from km 31.430 at Old Tamenglong to km 43.480 ending near Phelong on EPC Mode Package-3,NHIDCL,618356,N24001354,Manipur,03/2021,06/2021,12/2022,12/2025,234.08,234.08,196.29,100.0,126,2026-03-31,https://ipm.mospi.gov.in/Content/PDF/FlashReport_March_2026.pdf,0,0.0000,1,36,60,21,-39,83.8559,2026-03,2026-03-01,"Retrospective March 2026 snapshot; use revised cost/date only as outcome labels, not predictive features."
1395,Construction of 2 -Lane with paved shoulders road from Tamenglong to Mahur NH- 137 in Manipur starting from km 54.180 near Azuram to km 80.630 near Mandeu on EPC Mode Package 5,NHIDCL,618357,N24001436,Manipur,09/2021,11/2021,05/2023,01/2026,477.86,477.86,330.1,85.36,126,2026-03-31,https://ipm.mospi.gov.in/Content/PDF/FlashReport_March_2026.pdf,0,0.0000,1,32,54,20,-34,69.0788,2026-03,2026-03-01,"Retrospective March 2026 snapshot; use revised cost/date only as outcome labels, not predictive features."
1396,Construction of 2 -Lane with paved shoulders road from Tamenglong to Mahur NH- 137 starting from km 80.630 near Mandeu to km 96.870 near Jiri River on EPC Mode Package-6,NHIDCL,618358,N24001437,Manipur,09/2021,11/2021,05/2023,12/2025,311.18,311.18,230.69,85.36,126,2026-03-31,https://ipm.mospi.gov.in/Content/PDF/FlashReport_March_2026.pdf,0,0.0000,1,31,54,20,-34,74.1339,2026-03,2026-03-01,"Retrospective March 2026 snapshot; use revised cost/date only as outcome labels, not predictive features."
1397,Construction of 2-laning with Hard shoulder of Ukhrul Tolloi - Tadubi section of NH- 102A from Design Chainage km 9450 to km 50850 in the State of Manipur on EPC mode under NHO-NE Package-2,NHIDCL,618387,N24002131,Manipur,03/2023,03/2024,03/2026,04/2026,578.98,578.98,249.29,79.5,126,2026-03-31,https://ipm.mospi.gov.in/Content/PDF/FlashReport_March_2026.pdf,0,0.0000,1,1,36,36,0,43.0568,2026-03,2026-03-01,"Retrospective March 2026 snapshot; use revised cost/date only as outcome labels, not predictive features."
1398,Construction of 2-laning with Hard shoulder road of Ukhrul - Tolloi - Tadubi section of NH-102A from Design Chainage 50.850 km to 81.870 km in the State of Manipur on EPC mode under NHO-TSP Package -3,NHIDCL,618388,N24001974,Manipur,09/2021,07/2023,01/2025,07/2026,315.56,315.56,227.98,90.91,126,2026-03-31,https://ipm.mospi.gov.in/Content/PDF/FlashReport_March_2026.pdf,0,0.0000,1,18,54,40,-14,72.2462,2026-03,2026-03-01,"Retrospective March 2026 snapshot; use revised cost/date only as outcome labels, not predictive features."
1399,Construction of 2-laning with Hard shoulder road of Ukhrul - Tolloi - Tadubi section of NH-102A from Design Chainage 81.870 km to 105.825 km in the State of Manipur on EPC mode under NHO-TSP Package -4,NHIDCL,618389,N24001473,Manipur,09/2021,08/2022,02/2024,04/2026,310.76,310.76,247.28,96.77,126,2026-03-31,https://ipm.mospi.gov.in/Content/PDF/FlashReport_March_2026.pdf,0,0.0000,1,26,54,29,-25,79.5727,2026-03,2026-03-01,"Retrospective March 2026 snapshot; use revised cost/date only as outcome labels, not predictive features."
1400,"Improvement of existing road to 2 laning with Hard Shoulders of Maram-Peren section Package-1B, length- 17.660 km from Design Chainage 22.340 km to 40.000 km on NH-129A in the State of Manipur on EPC mode",NHIDCL,618415,N24001350,Manipur,02/2021,06/2021,12/2022,03/2026,188.36,188.36,0.0,100.0,126,2026-03-31,https://ipm.mospi.gov.in/Content/PDF/FlashReport_March_2026.pdf,0,0.0000,1,39,61,22,-39,0.0000,2026-03,2026-03-01,"Retrospective March 2026 snapshot; use revised cost/date only as outcome labels, not predictive features."
1401,"Improvement of existing road to 2 laning with Hard Shoulders of Maram -Peren section Package-1A, length- 22.340Km from Design Chainage 0.000 km to 22.340 km on NH-129A in the State of Manipur on EPC mode",NHIDCL,618416,N24001349,Manipur,02/2021,06/2021,12/2022,07/2026,226.32,226.32,179.09,74.58,126,2026-03-31,https://ipm.mospi.gov.in/Content/PDF/FlashReport_March_2026.pdf,0,0.0000,1,43,61,22,-39,79.1313,2026-03,2026-03-01,"Retrospective March 2026 snapshot; use revised cost/date only as outcome labels, not predictive features."
1402,Rehabilitation and Up-gradation of Nongstoin Wahkaji section of Project Road Km 0000 to Km 43060 to Intermediate Lane with earthern shoulder under SARDP-NE Phase-A in the State of Meghalaya on EPC mode. Job No- SARDP-NE ong-Don- Maw/MG/2020-21/294,MoRTH,617885,N24001441,Meghalaya,08/2020,02/2022,08/2023,05/2026,302.88,302.88,182.58,99.1,126,2026-03-31,https://ipm.mospi.gov.in/Content/PDF/FlashReport_March_2026.pdf,0,0.0000,1,33,67,36,-31,60.2813,2026-03,2026-03-01,"Retrospective March 2026 snapshot; use revised cost/date only as outcome labels, not predictive features."
1403,Improvement and Widening two lannig with paved Shoulder of NH 127B from km 31.500 Goeragre to km 63.224 Package-II in state of Meghalaya,MoRTH,618076,N24002239,Meghalaya,12/2023,05/2025,05/2027,,504.0,350.67,0.0,2.5,126,2026-03-31,https://ipm.mospi.gov.in/Content/PDF/FlashReport_March_2026.pdf,0,-30.4226,,,27,41,14,0.0000,2026-03,2026-03-01,"Retrospective March 2026 snapshot; use revised cost/date only as outcome labels, not predictive features."
1404,Improvement and Widening of National Highway No. 127B Darugiri - Songsak - Williamnagar Junction Section to two lane with paved shoulder from design Km 0000 to Km 36635 Design length 36.635 Km existing Km 112000 to Km 151060 of NH-1278 under Bharatmala Pariyojana Lot-1 Pkg-1B Meghalaya portion,NHIDCL,618294,-,Meghalaya,03/2023,09/2025,09/2027,09/2027,801.07,801.07,64.53,24.13,126,2026-03-31,https://ipm.mospi.gov.in/Content/PDF/FlashReport_March_2026.pdf,0,0.0000,0,0,36,54,18,8.0555,2026-03,2026-03-01,"Retrospective March 2026 snapshot; use revised cost/date only as outcome labels, not predictive features."
1405,Improvement/Widening of New NH-217 Dainadubi-Darugiri section to Two lane with paved shoulder in Meghalaya from design Km 0000 to Km 40840 existing Km 8600 to Km 53000 of Old NH-62 under BMP Lot-1 Pkg-1B Meghalaya portion,NHIDCL,618295,N24002233,Meghalaya,03/2023,03/2025,03/2027,03/2027,705.83,705.83,0.0,38.75,126,2026-03-31,https://ipm.mospi.gov.in/Content/PDF/FlashReport_March_2026.pdf,0,0.0000,0,0,36,48,12,0.0000,2026-03,2026-03-01,"Retrospective March 2026 snapshot; use revised cost/date only as outcome labels, not predictive features."
1406,Improvement/Widening to 2-L with Paved Shoulder/ 4-Laning of NH-40 section from Km 151330 to Km 163400 design Km 63.530 to Km 71.520 including Dawki Bridge of length 368 m between Shillong-Dawki under JICA ODA Loan assistance Phase-II Pkg- 5 -Balance work,NHIDCL,618374,N24001335,Meghalaya,07/2020,05/2024,11/2026,11/2026,284.21,284.21,0.0,38.77,126,2026-03-31,https://ipm.mospi.gov.in/Content/PDF/FlashReport_March_2026.pdf,0,0.0000,0,0,68,76,8,0.0000,2026-03,2026-03-01,"Retrospective March 2026 snapshot; use revised cost/date only as outcome labels, not predictive features."
1407,Improvement/Widening to 2-Lane with Paved Shoulder from design Km 45.760 to Km 63.530 between Shillong-Dawki under JICA ODA Loan assistance Phase-II -Balance work Pkg-4,NHIDCL,618375,N24001334,Meghalaya,07/2020,04/2024,04/2026,10/2026,445.51,445.51,42.32,49.05,126,2026-03-31,https://ipm.mospi.gov.in/Content/PDF/FlashReport_March_2026.pdf,0,0.0000,1,6,68,69,1,9.4992,2026-03,2026-03-01,"Retrospective March 2026 snapshot; use revised cost/date only as outcome labels, not predictive features."
1408,Improvement/Widening to 2-Lane with Paved Shoulder between Shillong-Dawki road up to Bangladesh Border from design Km 10.670 to Km 37.550 under JICA ODA Loan assistance Phase-II -Balance Work-Pkg-2,,,,Meghalaya,07/2020,,08/2026,,525.67,,0.0,49.31,126,2026-03-31,https://ipm.mospi.gov.in/Content/PDF/FlashReport_March_2026.pdf,,,,,68,73,5,0.0000,2026-03,2026-03-01,"Retrospective March 2026 snapshot; use revised cost/date only as outcome labels, not predictive features."
1409,design Km 0000 to Km 10670 of NH-40 New NH-106 & 206 section & 4-L from design Km 0.00 to Km 0.930 of NH-44 section between Shillong-Dawki under JICA ODA Loan assistance Phase-II -Balance Work Pkg-1,NHIDCL,618377,N24001313,Meghalaya,07/2020,10/2023,10/2025,04/2026,351.12,351.12,0.0,93.06,127,2026-03-31,https://ipm.mospi.gov.in/Content/PDF/FlashReport_March_2026.pdf,0,0.0000,1,6,68,63,-5,0.0000,2026-03,2026-03-01,"Retrospective March 2026 snapshot; use revised cost/date only as outcome labels, not predictive features."
1410,Rehabilitation and up gradation of Nongstoin-Rambrai-Kyrshai road up to Meghalaya- Assam border from Km 0.335 to km 34.039 to 2-Lane under NHO - NE in the State of Meghalaya Package-1,NHIDCL,618418,N24001474,Meghalaya,09/2021,05/2022,05/2024,05/2026,359.86,359.86,214.12,80.49,127,2026-03-31,https://ipm.mospi.gov.in/Content/PDF/FlashReport_March_2026.pdf,0,0.0000,1,24,54,32,-22,59.5009,2026-03,2026-03-01,"Retrospective March 2026 snapshot; use revised cost/date only as outcome labels, not predictive features."
1411,"Construction of 2-Lane with paved shoulders of Shillong Western Bypass starting from NH-06 near Ladumsaw existing Km 60.900 of old NH40 to NH106 old NH 44E Package-III, from km 24700 to km 38256 under SARDP-NE PHASE A in the state of Meghalaya on EPC Mode Greenfield alignment",NHIDCL,618419,N24002158,Meghalaya,03/2023,09/2024,09/2026,09/2026,562.48,562.48,85.88,50.91,127,2026-03-31,https://ipm.mospi.gov.in/Content/PDF/FlashReport_March_2026.pdf,0,0.0000,0,0,36,42,6,15.2681,2026-03,2026-03-01,"Retrospective March 2026 snapshot; use revised cost/date only as outcome labels, not predictive features."
1412,"Construction of 2 lane with paved shoulder of Shillong Western Bypass starting from NH-06 near Ladumsaw existing km 60.900 of old NH-40 to NH-106 old NH-44E, Package-II km 12800 to km 24700 under SARDP-NE Phase A in the State of Meghalaya on EPC Mode",NHIDCL,618420,N24002157,Meghalaya,03/2023,09/2024,09/2026,09/2026,686.03,686.03,228.79,46.51,127,2026-03-31,https://ipm.mospi.gov.in/Content/PDF/FlashReport_March_2026.pdf,0,0.0000,0,0,36,42,6,33.3499,2026-03,2026-03-01,"Retrospective March 2026 snapshot; use revised cost/date only as outcome labels, not predictive features."
1413,"Construction of 2-Lane with paved shoulder of Shillong Western Bypass starting from NH-06 near Ladumsaw Existing km 60.900 of old NH-40 to NH106 old NH-44E, km 0000 to km 12800 Package-I under SARDP-NE PHASE A in the State of Meghalaya on EPC Mode Greenfield alignment",NHIDCL,618421,N24002156,Meghalaya,03/2023,09/2024,09/2026,09/2026,620.3,620.3,215.93,68.85,127,2026-03-31,https://ipm.mospi.gov.in/Content/PDF/FlashReport_March_2026.pdf,0,0.0000,0,0,36,42,6,34.8106,2026-03,2026-03-01,"Retrospective March 2026 snapshot; use revised cost/date only as outcome labels, not predictive features."
1414,4-Laning of Vairengte - Chhimluang section Package-3 of NH-306 from Existing Chainage km 43000 to Km 59700 Design Chainage km 46000 to km 60850 on Silchar - Vairengte- Sairang road in the State of Mizoram under Bharatmala Pariyojna under NHO-NE. Package-1&2 in Assam state,NHIDCL,618316,-,Mizoram,12/2021,07/2025,01/2027,12/2026,491.39,491.39,32.46,17.86,127,2026-03-31,https://ipm.mospi.gov.in/Content/PDF/FlashReport_March_2026.pdf,0,0.0000,0,-1,51,61,10,6.6058,2026-03,2026-03-01,"Retrospective March 2026 snapshot; use revised cost/date only as outcome labels, not predictive features."
1415,4-Laning of chhimluang-Kolasib from section pkg-4 of NH-306 & NH-6 existing chainage km 59700 to km 86000 design chainage km 61000 to km 77500 on Silchar- vairengte-sairang road in the state of Mizoram under Bharatmala Pariyojna on EPC mode Vairengte - Sairang Pkg-4,NHIDCL,618317,-,Mizoram,12/2021,07/2025,01/2027,12/2026,561.91,561.91,0.0,17.12,127,2026-03-31,https://ipm.mospi.gov.in/Content/PDF/FlashReport_March_2026.pdf,0,0.0000,0,-1,51,61,10,0.0000,2026-03,2026-03-01,"Retrospective March 2026 snapshot; use revised cost/date only as outcome labels, not predictive features."
1416,4-Laning of Kolasib - Sethawn section Package-5 of NH-6 from Existing Chainage km 86000 to km 107850 Design Chainage km 77500 to km 95500 on silchar - vairengte - sairang road under Bharatmala Pariyojna on EPC mode under NHO-NE Vairengte - Sairang Pkg-5,NHIDCL,618318,-,Mizoram,11/2021,07/2025,07/2027,06/2027,720.4,720.4,40.29,11.86,127,2026-03-31,https://ipm.mospi.gov.in/Content/PDF/FlashReport_March_2026.pdf,0,0.0000,0,-1,52,68,16,5.5927,2026-03,2026-03-01,"Retrospective March 2026 snapshot; use revised cost/date only as outcome labels, not predictive features."
1417,"4-Laning of Sethawn - N. Kawnpui section Package-6 of NH-6 from Existing Chainage km 107850 to km 126315 Design Chainage km 95500 to km 111850 on Silchar- Vairengte- Sairang road, Vairengte - Sairang Pkg-6",NHIDCL,618319,-,Mizoram,12/2021,07/2025,01/2027,12/2026,595.65,595.65,21.02,6.72,127,2026-03-31,https://ipm.mospi.gov.in/Content/PDF/FlashReport_March_2026.pdf,0,0.0000,0,-1,51,61,10,3.5289,2026-03,2026-03-01,"Retrospective March 2026 snapshot; use revised cost/date only as outcome labels, not predictive features."
1418,Construction of 4-Laning of N. Kawnpui N. Mualvum Mualkhang via Khamrang Village section Package-7 of NH-6 from Existing Chainage km 127200 to km 142000 Design Chainage km 111850 to km 123400 on Silchar - Vairengte - Sairang road in the State of Mizoram on EPC mode,NHIDCL,618320,-,Mizoram,02/2024,10/2025,10/2028,,866.32,866.32,0.0,18.9,127,2026-03-31,https://ipm.mospi.gov.in/Content/PDF/FlashReport_March_2026.pdf,0,0.0000,,,25,56,31,0.0000,2026-03,2026-03-01,"Retrospective March 2026 snapshot; use revised cost/date only as outcome labels, not predictive features."
1419,Construction of 4-Laning of West Serawlg-Sairang section of NH-6 from Existing Chainage km 142000 to km 158900 Design Chainage km 123400 to km 136260 on Silchar - Vairengte - Sairang road in the State of Mizoram under Bharatmala Pariyojna on EPC mode under NHO-NE Package-8,NHIDCL,618321,-,Mizoram,02/2024,11/2025,11/2028,,875.79,875.79,0.0,13.95,127,2026-03-31,https://ipm.mospi.gov.in/Content/PDF/FlashReport_March_2026.pdf,0,0.0000,,,25,57,32,0.0000,2026-03,2026-03-01,"Retrospective March 2026 snapshot; use revised cost/date only as outcome labels, not predictive features."
1420,Construction of Twin Tube Uni-directional Aizawl Bypass Tunnel of 2.5 km and its approaches of 2.1 km from km 10.600 to km 15.200 on Sarrang - Phaibawk section of NH-6 in the State of Mizoram on EPC Mode under NHO-NE Package-2,NHIDCL,618323,-,Mizoram,01/2024,12/2025,12/2028,,1313.28,1313.28,0.0,0.0,127,2026-03-31,https://ipm.mospi.gov.in/Content/PDF/FlashReport_March_2026.pdf,0,0.0000,,,26,59,33,0.0000,2026-03,2026-03-01,"Retrospective March 2026 snapshot; use revised cost/date only as outcome labels, not predictive features."
1421,Construction of 2-lane Aizawl Bypass from km 15.200 to km 34.500 Package-3 on Sairang - Phaibawk section of NH-6 in the State of Mizoram under Bharatmala Pariyojna on EPC Mode under NHO-NE,NHIDCL,618324,-,Mizoram,02/2023,10/2025,11/2028,,720.72,720.72,0.0,15.1,127,2026-03-31,https://ipm.mospi.gov.in/Content/PDF/FlashReport_March_2026.pdf,0,0.0000,,,37,69,32,0.0000,2026-03,2026-03-01,"Retrospective March 2026 snapshot; use revised cost/date only as outcome labels, not predictive features."
1422,Up-gradation to 2-lane with paved shoulders of Ngopa - Pawlrang section of NH 102B of Aizawl - Imphal Economic Corridor from Existing Chainage km 32.796 to km 72.030 [Design Chainage km 31.280 to km 68.170] in the State of Mizoram under Bharatmala Pariyojna on EPC mode under NHO-NE Package-2 Keifang- Tuivai Pkg-2,NHIDCL,618341,,Mizoram,09/2021,09/2023,02/2025,06/2026,523.78,523.78,394.29,95.31,127,2026-03-31,https://ipm.mospi.gov.in/Content/PDF/FlashReport_March_2026.pdf,0,0.0000,1,16,54,41,-13,75.2778,2026-03,2026-03-01,"Retrospective March 2026 snapshot; use revised cost/date only as outcome labels, not predictive features."
1424,"Economic Corridor of NH-06 from Existing Chainage Km 30050 Keifang to Km 50360 Keifang, Design Chainage Km 27400 to Km 45040 PkgIII in the State of Mizoram under Bharatmala Pariyojna on EPC Mode Seling-Dulte - III",NHIDCL,618343,N24001281,Mizoram,03/2020,07/2020,06/2022,12/2024,292.23,292.23,0.0,0.0,128,2026-03-31,https://ipm.mospi.gov.in/Content/PDF/FlashReport_March_2026.pdf,0,0.0000,1,30,72,27,-45,0.0000,2026-03,2026-03-01,"Retrospective March 2026 snapshot; use revised cost/date only as outcome labels, not predictive features."
1425,Construction of 2-laning with hard shoulder of Lunglei to Chhumkhum from Design Chainage Km 0.000 to Km 37.420 of NH-302 [Lunglei-Tlabung] Package-A,NHIDCL,618362,N24001358,Mizoram,03/2021,06/2021,12/2022,06/2026,698.45,698.45,556.91,64.78,128,2026-03-31,https://ipm.mospi.gov.in/Content/PDF/FlashReport_March_2026.pdf,0,0.0000,1,42,60,21,-39,79.7351,2026-03,2026-03-01,"Retrospective March 2026 snapshot; use revised cost/date only as outcome labels, not predictive features."
1426,Construction of 2-laning with hard shoulder configuration of Chhumkhum to Tlabung from Design Chainage Km 37.420 to Km 74.950 of NH-302 in Mizoram under Bharatmala Pariyojana on EPC mode [Pkg-B],NHIDCL,618363,N24001359,Mizoram,06/2021,07/2021,01/2023,12/2026,740.58,740.58,430.45,61.34,128,2026-03-31,https://ipm.mospi.gov.in/Content/PDF/FlashReport_March_2026.pdf,0,0.0000,1,47,57,19,-38,58.1234,2026-03,2026-03-01,"Retrospective March 2026 snapshot; use revised cost/date only as outcome labels, not predictive features."
1427,Widening and Up-gradation to 2- Lane with Paved Shoulder Configuration and geometric improvement from Km. 208. 000 to Km 250.000 Package-5 on Aizawl Tuipang Section of NH-54 in the State of Mizoram Package-5,NHIDCL,618379,N24000861,Mizoram,09/2019,10/2019,04/2023,,752.89,752.89,125.62,95.35,128,2026-03-31,https://ipm.mospi.gov.in/Content/PDF/FlashReport_March_2026.pdf,0,0.0000,,,78,43,-35,16.6850,2026-03,2026-03-01,"Retrospective March 2026 snapshot; use revised cost/date only as outcome labels, not predictive features."
1428,Widening and Up-gradation to 2- Lane with Paved Shoulder Configuration and geometric improvement from Km. 125. 000 to Km 166 Package-3 on Aizawl Tuipang Section of NH-54 in the State of Mizoram Package-3,NHIDCL,618380,N24000857,Mizoram,09/2019,10/2019,04/2023,04/2025,867.09,867.09,159.47,97.51,128,2026-03-31,https://ipm.mospi.gov.in/Content/PDF/FlashReport_March_2026.pdf,0,0.0000,1,24,78,43,-35,18.3914,2026-03,2026-03-01,"Retrospective March 2026 snapshot; use revised cost/date only as outcome labels, not predictive features."
1429,Widening and up-gradation to 2-lane with paved shoulder configuration and geometric improvements from km 250.00 Lunglei to km 298.00 on Aizawl-Tuipang section under JICA ODA Loan assistance Phase-I Package-6,NHIDCL,618381,N24000863,Mizoram,09/2019,12/2019,06/2023,05/2025,768.76,768.76,168.78,98.73,128,2026-03-31,https://ipm.mospi.gov.in/Content/PDF/FlashReport_March_2026.pdf,0,0.0000,1,23,78,45,-33,21.9548,2026-03,2026-03-01,"Retrospective March 2026 snapshot; use revised cost/date only as outcome labels, not predictive features."
1430,Widening and up-gradation to 2-lane with paved shoulder configuration and geometric improvements from km 298.00 to km 339.00 on Aizawl-Tuipang section under JICA ODA Loan assistance Phase-I Package-7,NHIDCL,618382,N24000864,Mizoram,09/2019,10/2020,04/2024,05/2025,605.76,750.32,0.01,100.0,128,2026-03-31,https://ipm.mospi.gov.in/Content/PDF/FlashReport_March_2026.pdf,1,23.8642,1,13,78,55,-23,0.0017,2026-03,2026-03-01,"Retrospective March 2026 snapshot; use revised cost/date only as outcome labels, not predictive features."
1431,Widening and up-gradation to 2-lane with paved shoulder configuration and geometric improvements from km 339.00 to km 380.00 Siaha on Aizawl-Tuipang section under JICA ODA Loan assistance Phase-I Package-8,NHIDCL,618383,N24000865,Mizoram,09/2019,03/2020,09/2023,06/2025,637.06,637.06,101.89,99.82,128,2026-03-31,https://ipm.mospi.gov.in/Content/PDF/FlashReport_March_2026.pdf,0,0.0000,1,21,78,48,-30,15.9938,2026-03,2026-03-01,"Retrospective March 2026 snapshot; use revised cost/date only as outcome labels, not predictive features."
1432,Widening and Up-gradation to 2- Lane with Paved Shoulder Configuration and geometric improvement from Km. 166. 000 to Km 208.000 Package-4 on Aizawl Tuipang Section of NH-54 in the State of Mizoram Package-4,NHIDCL,618384,N24000862,Mizoram,09/2019,10/2019,04/2023,04/2025,899.45,899.45,191.59,99.88,128,2026-03-31,https://ipm.mospi.gov.in/Content/PDF/FlashReport_March_2026.pdf,0,0.0000,1,24,78,43,-35,21.3008,2026-03,2026-03-01,"Retrospective March 2026 snapshot; use revised cost/date only as outcome labels, not predictive features."
1433,"2-laning of Zorinpui - Longmasu section of NH-502A from km 0.000 to km 28.244 in the State of Mizoram on EPC mode under NHO-NE, stretch of IMBR",NHIDCL,618452,N24002204,Mizoram,02/2023,12/2024,12/2026,07/2027,781.85,781.85,20.64,4.71,128,2026-03-31,https://ipm.mospi.gov.in/Content/PDF/FlashReport_March_2026.pdf,0,0.0000,1,7,37,46,9,2.6399,2026-03,2026-03-01,"Retrospective March 2026 snapshot; use revised cost/date only as outcome labels, not predictive features."
1434,102B of Aizawl - Imphal Economic Corridor from Existing Chainage km 72.030 to km 104.129 including 2.459 km re-alignment section from Tuivai River to Rulchawm connecting km 48.150 of NH-6 [Design Chainage km 68.170 to km 98.579] in the State of Mizoram under Bharatmala Pariyojna on EPC mode under NHO-NE Package-3 Keifang- Tuivai Pkg-3,NHIDCL,619010,,Mizoram,12/2021,11/2023,05/2025,07/2025,500.88,500.88,305.45,75.35,128,2026-03-31,https://ipm.mospi.gov.in/Content/PDF/FlashReport_March_2026.pdf,0,0.0000,1,2,51,41,-10,60.9827,2026-03,2026-03-01,"Retrospective March 2026 snapshot; use revised cost/date only as outcome labels, not predictive features."
1435,(N24002027) Bangalore Chennai Expressway Phase-II Pkg-I from km.71.000 to Km 96.000 Bethamangala in the state of Karnataka to Byreddypalli,National Highways Authority of India [NHAI],619199,-,"Multi-States Pradesh, Karnataka)",12/2020,10/2022,10/2024,10/2022,1410.01,1410.01,240.02,98.47,128,2026-03-31,https://ipm.mospi.gov.in/Content/PDF/FlashReport_March_2026.pdf,0,0.0000,0,-24,63,46,-17,17.0226,2026-03,2026-03-01,"Retrospective March 2026 snapshot; use revised cost/date only as outcome labels, not predictive features."
1436,6L Aluru - Jakkuva Section of NH-130CD Road from km 365.033 to km 396.800 Pkg. 1,National Highways Authority of India [NHAI],618681,N24001838,"Multi-States Pradesh, Odisha)",02/2021,03/2022,03/2024,06/2026,1216.12,1241.66,630.41,94.77,128,2026-03-31,https://ipm.mospi.gov.in/Content/PDF/FlashReport_March_2026.pdf,1,2.1001,1,27,61,37,-24,51.8378,2026-03,2026-03-01,"Retrospective March 2026 snapshot; use revised cost/date only as outcome labels, not predictive features."
1437,Bangalore Chennai Expressway Phase-III Package I Gudipala to Walajajhpet from Km 156.000 to Km 180.000,National Highways Authority of India [NHAI],618477,N24001720,"Multi-States Pradesh, Tamil Nadu)",10/2020,05/2022,05/2024,04/2026,1481.87,1481.87,678.68,97.01,128,2026-03-31,https://ipm.mospi.gov.in/Content/PDF/FlashReport_March_2026.pdf,0,0.0000,1,23,65,43,-22,45.7989,2026-03,2026-03-01,"Retrospective March 2026 snapshot; use revised cost/date only as outcome labels, not predictive features."
1438,6L of Veera Kaveri Raja Puram to Pondavakkam from km 61.380 to km 96.040 of NH 716B Pkg-III,National Highways Authority of India [NHAI],618634,N24001819,"Multi-States Pradesh, Tamil Nadu)",03/2021,01/2023,01/2025,04/2026,1439.77,1439.77,685.7,98.89,128,2026-03-31,https://ipm.mospi.gov.in/Content/PDF/FlashReport_March_2026.pdf,0,0.0000,1,15,60,46,-14,47.6257,2026-03,2026-03-01,"Retrospective March 2026 snapshot; use revised cost/date only as outcome labels, not predictive features."
1439,Walajahpet/Ranipet to TN/AP Border Section of from Km.106.800 to Km.133.36 NH-4,National Highways Authority of India [NHAI],618769,-,"Multi-States Pradesh, Tamil Nadu)",12/2024,09/2025,09/2027,09/2027,1338.14,1214.7,75.65,6.45,128,2026-03-31,https://ipm.mospi.gov.in/Content/PDF/FlashReport_March_2026.pdf,0,-9.2247,0,0,15,33,18,5.6534,2026-03,2026-03-01,"Retrospective March 2026 snapshot; use revised cost/date only as outcome labels, not predictive features."
1440,6L of Varadharajula to Kumarajapet from km 0.000 to km 43.800 of NH-716B Pkg-I,National Highways Authority of India [NHAI],618771,,"Multi-States Pradesh,",02/2021,,12/2024,04/2026,1924.75,1887.38,947.66,99.19,128,2026-03-31,https://ipm.mospi.gov.in/Content/PDF/FlashReport_March_2026.pdf,0,-1.9416,1,16,61,46,-15,49.2355,2026-03,2026-03-01,"Retrospective March 2026 snapshot; use revised cost/date only as outcome labels, not predictive features."
1441,716B Pkg-II,National Highways Authority of India [NHAI],618772,N24001988,"Multi-States Pradesh, Tamil Nadu)",02/2021,10/2023,10/2025,04/2026,702.52,799.36,363.9,97.13,129,2026-03-31,https://ipm.mospi.gov.in/Content/PDF/FlashReport_March_2026.pdf,1,13.7847,1,6,61,56,-5,51.7992,2026-03,2026-03-01,"Retrospective March 2026 snapshot; use revised cost/date only as outcome labels, not predictive features."
1442,6 laning of Balance Work of Chennai - Tada from km. 21.40 to km. 54.40,National Highways Authority of India [NHAI],619077,-,"Multi-States Pradesh, Tamil Nadu)",12/2017,03/2018,03/2020,04/2026,464.62,472.37,182.72,100.0,129,2026-03-31,https://ipm.mospi.gov.in/Content/PDF/FlashReport_March_2026.pdf,1,1.6680,1,73,99,27,-72,39.3268,2026-03,2026-03-01,"Retrospective March 2026 snapshot; use revised cost/date only as outcome labels, not predictive features."
1443,Khammam-Devarapalle Pkg III [4L Access Controlled Greenfield from Chintagudem village to Recherla village Design Chainage 63117 to 105236],National Highways Authority of India [NHAI],618747,N24001484,"Multi-States Pradesh, Telangana)",01/2021,09/2022,09/2024,04/2026,829.5,1227.07,441.32,98.82,129,2026-03-31,https://ipm.mospi.gov.in/Content/PDF/FlashReport_March_2026.pdf,1,47.9289,1,19,62,44,-18,53.2031,2026-03,2026-03-01,"Retrospective March 2026 snapshot; use revised cost/date only as outcome labels, not predictive features."
1444,4L Access Controlled Greenfield Highway section on NH-163G Khammam Vijayawada from Remidicherla village at Design Ch. 280.200 Km to Jakkampudi village on NH-16 at Design Ch. 309.909 Km Package-III (Andhra,National Highways Authority of India [NHAI],618818,-,"Multi-States Pradesh, Telangana)",03/2023,05/2025,05/2027,05/2027,1183.23,1225.14,0.91,2.0,129,2026-03-31,https://ipm.mospi.gov.in/Content/PDF/FlashReport_March_2026.pdf,1,3.5420,0,0,36,50,14,0.0769,2026-03,2026-03-01,"Retrospective March 2026 snapshot; use revised cost/date only as outcome labels, not predictive features."
1445,4L Access Controlled Greenfield Highway section on NH-163G Khammam Vijayawada from BrahmanapalliK village at Design Ch. 250.400 Km to Remidicherla village at Design Ch. 280.200 KmPackage-II (Andhra,National Highways Authority of India [NHAI],619143,-,"Multi-States Pradesh, Telangana)",03/2023,03/2025,03/2027,03/2027,826.01,862.58,68.8,17.4,129,2026-03-31,https://ipm.mospi.gov.in/Content/PDF/FlashReport_March_2026.pdf,1,4.4273,0,0,36,48,12,8.3292,2026-03,2026-03-01,"Retrospective March 2026 snapshot; use revised cost/date only as outcome labels, not predictive features."
1446,6L Access Controlled Greenfield Highway of Julekal village to Dinnedevarapadu village from Km 242.200 to Km 280.400 Pkg-2,National Highways Authority of India [NHAI],619212,-,"Multi-States Pradesh, Telangana)",01/2022,01/2023,01/2025,09/2026,1227.57,1315.87,489.45,65.24,129,2026-03-31,https://ipm.mospi.gov.in/Content/PDF/FlashReport_March_2026.pdf,1,7.1931,1,20,50,36,-14,39.8715,2026-03,2026-03-01,"Retrospective March 2026 snapshot; use revised cost/date only as outcome labels, not predictive features."
1447,Widening/Improvement to 4-Lane with Paved Shoulder from km 55000 Nagabang Gamsuk to km 82514 Oyan in the State of Assam and Arunachal Pradesh on EPC mode under Bharatmala Pariyojna of Length 27.514 Km Package-3,NHIDCL,618359,N24002155,"Multi-States (Arunachal Pradesh, Assam)",03/2023,09/2024,03/2027,05/2026,665.47,665.47,295.3,96.45,129,2026-03-31,https://ipm.mospi.gov.in/Content/PDF/FlashReport_March_2026.pdf,0,0.0000,0,-10,36,48,12,44.3747,2026-03,2026-03-01,"Retrospective March 2026 snapshot; use revised cost/date only as outcome labels, not predictive features."
1448,6L of Aurangabad to Bihar-Jharkhand border Chordaha section from km. 180.000 to km. 209.827 of NH-2 PKG-01,National Highways Authority of India [NHAI],618531,N24001703,Multi-States Jharkhand),02/2021,12/2024,12/2026,12/2026,1054.46,786.81,98.83,19.61,129,2026-03-31,https://ipm.mospi.gov.in/Content/PDF/FlashReport_March_2026.pdf,0,-25.3827,0,0,61,70,9,9.3726,2026-03,2026-03-01,"Retrospective March 2026 snapshot; use revised cost/date only as outcome labels, not predictive features."
1449,6L of Aurangabad to Bihar-Jharkhand border Chordaha section from km. 209.827 to Km. 249.525 of NH-19 PKG-02,National Highways Authority of India [NHAI],618532,N24001700,Multi-States Jharkhand),06/2021,03/2022,03/2024,04/2026,1822.46,738.11,585.79,96.43,129,2026-03-31,https://ipm.mospi.gov.in/Content/PDF/FlashReport_March_2026.pdf,0,-59.4992,1,25,57,33,-24,32.1428,2026-03,2026-03-01,"Retrospective March 2026 snapshot; use revised cost/date only as outcome labels, not predictive features."
1450,6L Greenfield Varanasi-Ranchi-Kolkata Highway from Anarbansalea village to Sagrampur village From KM. 151200 to KM. 184700Package-7,National Highways Authority of India [NHAI],618724,-,Multi-States Jharkhand),03/2023,07/2025,06/2027,06/2027,1719.2,1723.42,64.54,17.1,129,2026-03-31,https://ipm.mospi.gov.in/Content/PDF/FlashReport_March_2026.pdf,1,0.2455,0,0,36,51,15,3.7541,2026-03,2026-03-01,"Retrospective March 2026 snapshot; use revised cost/date only as outcome labels, not predictive features."
1451,Hariharganj to Parwa Mode section from km 23.284 to km 57.049 of NH-98,National Highways Authority of India [NHAI],618951,N24001589,Multi-States Jharkhand),09/2020,03/2022,02/2024,04/2026,1125.78,1186.56,573.03,91.3,129,2026-03-31,https://ipm.mospi.gov.in/Content/PDF/FlashReport_March_2026.pdf,1,5.3989,1,26,66,41,-25,50.9007,2026-03,2026-03-01,"Retrospective March 2026 snapshot; use revised cost/date only as outcome labels, not predictive features."
1452,4L of Sahibganj - Manihari Ganga Bridge including Manihari Bypass,National Highways Authority of India [NHAI],618952,N24000714,Multi-States Jharkhand),10/2016,11/2020,10/2024,12/2026,1954.77,1978.01,1716.98,83.68,129,2026-03-31,https://ipm.mospi.gov.in/Content/PDF/FlashReport_March_2026.pdf,1,1.1889,1,26,113,96,-17,87.8354,2026-03,2026-03-01,"Retrospective March 2026 snapshot; use revised cost/date only as outcome labels, not predictive features."
1453,Six Laning of Bihar - Jharkhand Border Chordaha - Gorhar section of NH-2 from km 249.525 to km 320.810,National Highways Authority of India [NHAI],619078,N24000726,Multi-States Jharkhand),12/2017,06/2019,11/2021,12/2026,1772.7,1689.17,542.53,78.0,129,2026-03-31,https://ipm.mospi.gov.in/Content/PDF/FlashReport_March_2026.pdf,0,-4.7120,1,61,99,47,-52,30.6047,2026-03,2026-03-01,"Retrospective March 2026 snapshot; use revised cost/date only as outcome labels, not predictive features."
1454,4L of Munger Mirzachauki section from Km 157350 to Km 193931 Pkg-4,NHAI,619307,-,Multi-States Jharkhand),02/2021,08/2022,08/2024,04/2026,1376.56,1481.58,428.1,90.73,129,2026-03-31,https://ipm.mospi.gov.in/Content/PDF/FlashReport_March_2026.pdf,1,7.6292,1,20,61,42,-19,31.0993,2026-03,2026-03-01,"Retrospective March 2026 snapshot; use revised cost/date only as outcome labels, not predictive features."
1455,Six Laning of Varanasi to Aurangabad from km. 786.00 to km. 978.40 of Old NH-2,National Highways Authority of India [NHAI],618530,N24000182,"Multi-States (Bihar, Uttar Pradesh)",02/2009,09/2011,03/2014,06/2026,3241.56,3241.56,1226.45,95.58,129,2026-03-31,https://ipm.mospi.gov.in/Content/PDF/FlashReport_March_2026.pdf,0,0.0000,1,147,205,61,-144,37.8352,2026-03,2026-03-01,"Retrospective March 2026 snapshot; use revised cost/date only as outcome labels, not predictive features."
1456,6L Greenfield Varanasi-Ranchi-Kolkata Highway from junction with NH-19 & Varanasi Ring Road near Rewasa village to junction with Chandauli-Chainpur road near Khainti village from Km. 0.000 to Km. 27.000 - Pkg-1,National Highways Authority of India [NHAI],618728,-,"Multi-States (Bihar, Uttar Pradesh)",03/2023,11/2024,11/2026,05/2027,1433.39,1564.15,332.46,38.09,129,2026-03-31,https://ipm.mospi.gov.in/Content/PDF/FlashReport_March_2026.pdf,1,9.1224,1,6,36,44,8,23.1940,2026-03,2026-03-01,"Retrospective March 2026 snapshot; use revised cost/date only as outcome labels, not predictive features."
1457,Construction of additional 3-Lane Bridge over River Ganga for connection between Buxar and Bharauli on NH-922 in the State of Uttar Pradesh and Bihar on Hybrid Annuity Mode,National Highways Authority of India [NHAI],618882,-,"Multi-States (Bihar, Uttar Pradesh)",03/2024,08/2025,02/2028,02/2028,531.61,444.92,18.6,13.13,129,2026-03-31,https://ipm.mospi.gov.in/Content/PDF/FlashReport_March_2026.pdf,0,-16.3071,0,0,24,47,23,3.4988,2026-03,2026-03-01,"Retrospective March 2026 snapshot; use revised cost/date only as outcome labels, not predictive features."
1458,Construction of Four Lane Highway from Ghazipur- Ballia-UP/Bihar State Border Greenfield section of NH-31 Package III [from Pindari km 78.150 to Rawalganj Bypass Km 117.120] on EPC Mode in the state of Uttar Pradesh.,National Highways Authority of India [NHAI],619154,-,"Multi-States (Bihar, Uttar Pradesh)",10/2022,08/2023,08/2025,08/2026,1493.5,1493.59,509.37,75.09,129,2026-03-31,https://ipm.mospi.gov.in/Content/PDF/FlashReport_March_2026.pdf,1,0.0060,1,12,41,34,-7,34.1058,2026-03,2026-03-01,"Retrospective March 2026 snapshot; use revised cost/date only as outcome labels, not predictive features."
1459,4L of Kishanganj - Bahadurganj section from Km. 0.000 to Km. 23.649 & interchange at Start Point Length - 1.200 Km of NH-27,National Highways Authority of India [NHAI],,,"Multi-States (Bihar, West",01/2025,,12/2027,12/2027,962.84,855.56,9.31,7.08,129,2026-03-31,https://ipm.mospi.gov.in/Content/PDF/FlashReport_March_2026.pdf,0,-11.1420,0,0,14,35,21,0.9669,2026-03,2026-03-01,"Retrospective March 2026 snapshot; use revised cost/date only as outcome labels, not predictive features."
1460,Package OD-1,National Highways Authority of India [NHAI],618676,N24001669,"Multi-States (Chhattisgarh, Odisha)",02/2021,03/2022,03/2024,04/2026,477.76,638.32,297.98,99.95,130,2026-03-31,https://ipm.mospi.gov.in/Content/PDF/FlashReport_March_2026.pdf,1,33.6068,1,25,61,37,-24,62.3702,2026-03,2026-03-01,"Retrospective March 2026 snapshot; use revised cost/date only as outcome labels, not predictive features."
1461,Vadodara Mumbai Expressway Talsari to Karvad Phase IB - Pkg X [Km 103.400 to Km 128.000],National Highways Authority of India [NHAI],619064,N24001786,"Multi-States (Dadra & Nagar and Daman & Diu, Gujarat, Maharashtra)",10/2020,03/2022,03/2024,11/2026,1909.74,2652.24,670.18,36.23,130,2026-03-31,https://ipm.mospi.gov.in/Content/PDF/FlashReport_March_2026.pdf,1,38.8796,1,32,65,41,-24,35.0927,2026-03,2026-03-01,"Retrospective March 2026 snapshot; use revised cost/date only as outcome labels, not predictive features."
1462,Dwarka Expressway Pkg-III Delhi/HR Border to Start of RoB Gurugram,National Highways Authority of India [NHAI],618577,-,"(Delhi, Haryana)",01/2018,11/2018,11/2020,04/2026,2228.26,2298.37,990.89,100.0,130,2026-03-31,https://ipm.mospi.gov.in/Content/PDF/FlashReport_March_2026.pdf,1,3.1464,1,65,98,34,-64,44.4692,2026-03,2026-03-01,"Retrospective March 2026 snapshot; use revised cost/date only as outcome labels, not predictive features."
1463,Akshardham - DL/UP Border Pkg-01,National Highways Authority of India [NHAI],619122,N24001771,"(Delhi, Uttar Pradesh)",09/2020,06/2022,12/2024,04/2026,1479.22,1476.75,1327.39,100.0,130,2026-03-31,https://ipm.mospi.gov.in/Content/PDF/FlashReport_March_2026.pdf,0,-0.1670,1,16,66,51,-15,89.7358,2026-03,2026-03-01,"Retrospective March 2026 snapshot; use revised cost/date only as outcome labels, not predictive features."
1464,Balance work of 2L PS from Km 30.800 to Km 70.800 and 2L with Rigid Carriageway from Km 70.800 to km 84.120 of Khanapur- KA/GOA Border section of NH-4A Multi-States,National Highways Authority of India [NHAI],618942,N24001677,"(Goa, Karnataka)",01/2022,11/2022,05/2024,11/2026,226.76,149.44,103.98,81.53,130,2026-03-31,https://ipm.mospi.gov.in/Content/PDF/FlashReport_March_2026.pdf,0,-34.0977,1,30,50,28,-22,45.8546,2026-03,2026-03-01,"Retrospective March 2026 snapshot; use revised cost/date only as outcome labels, not predictive features."
1465,Bal. Works of Fagne Km. 510.000 to Maharashtra/Gujarat Border Km. 650.794,National Highways Authority of India [NHAI],618637,N24001804,"Multi-States (Gujarat, Maharashtra)",12/2019,09/2020,09/2022,04/2026,1654.07,1672.89,1328.25,97.66,130,2026-03-31,https://ipm.mospi.gov.in/Content/PDF/FlashReport_March_2026.pdf,1,1.1378,1,43,75,33,-42,80.3019,2026-03,2026-03-01,"Retrospective March 2026 snapshot; use revised cost/date only as outcome labels, not predictive features."
1466,Delhi-Amritsar-Katra Expressway Phase-I Pkg-V from Junction with Ambala-Kaithal- Hissar road NH-152 near Kharak Pandwa village to Junction with Patiala-Samana- Patran road SH-10 near Ghagga village Km 120250 to Km 157920,National Highways Authority of India [NHAI],618486,N24001632,Multi-States Punjab),01/2021,05/2022,05/2024,05/2026,1741.86,2281.02,883.28,98.7,130,2026-03-31,https://ipm.mospi.gov.in/Content/PDF/FlashReport_March_2026.pdf,1,30.9531,1,24,62,40,-22,50.7090,2026-03,2026-03-01,"Retrospective March 2026 snapshot; use revised cost/date only as outcome labels, not predictive features."
1467,4L Greenfield a Malout bypass from ch. Km 44.500 to ch. Km 35.500 on NH-07 and Ch. Km 0.000 to Km 6.984 on NH-09 bMandi Dabwali Bypass from Ch. 38.450 Km to Km 27.910 Pkg-02,National Highways Authority of India [NHAI],618760,N24001638,Multi-States Punjab),11/2021,12/2022,07/2024,04/2026,646.42,556.09,549.2,98.0,130,2026-03-31,https://ipm.mospi.gov.in/Content/PDF/FlashReport_March_2026.pdf,0,-13.9739,1,21,52,32,-20,84.9602,2026-03,2026-03-01,"Retrospective March 2026 snapshot; use revised cost/date only as outcome labels, not predictive features."
1468,4L Ambala - Kalaamb from Km. -0.800 to Km. 33.015 of old NH-72,National Highways Authority of India [NHAI],618935,N24002044,Multi-States Punjab),10/2022,06/2023,06/2025,04/2026,1183.7,1190.34,452.14,100.0,130,2026-03-31,https://ipm.mospi.gov.in/Content/PDF/FlashReport_March_2026.pdf,1,0.5610,1,10,41,32,-9,38.1972,2026-03,2026-03-01,"Retrospective March 2026 snapshot; use revised cost/date only as outcome labels, not predictive features."
1469,4L Ismailabad to Ambala Section of NH-152 Lot-4/Package-1,National Highways Authority of India [NHAI],619093,-,Multi-States Punjab),02/2023,12/2023,12/2025,12/2026,609.32,454.34,160.81,70.83,130,2026-03-31,https://ipm.mospi.gov.in/Content/PDF/FlashReport_March_2026.pdf,0,-25.4349,1,12,37,34,-3,26.3917,2026-03,2026-03-01,"Retrospective March 2026 snapshot; use revised cost/date only as outcome labels, not predictive features."
1470,6L of Ambala-Chandigarh greenfield section from Km. 0.000 to Km. 25.000 with 4L spur to Lalru from Km. 0.000 to Km. 5.828 & spur to PR-7 road from Km. 0.000 to Km. 11.157,National Highways Authority of India [NHAI],619134,N24002098,Multi-States Punjab),03/2022,10/2023,10/2025,06/2026,1641.66,1904.79,537.04,80.65,130,2026-03-31,https://ipm.mospi.gov.in/Content/PDF/FlashReport_March_2026.pdf,1,16.0283,1,8,48,43,-5,32.7132,2026-03,2026-03-01,"Retrospective March 2026 snapshot; use revised cost/date only as outcome labels, not predictive features."
1471,6L access Controlled Greenfield Highway from Adhoya Musalmana to Sadopur section of Shamli -Ambala Package-III Design Ch. Form km 84.400 to km 121.786,National Highways Authority of India [NHAI],619216,-,Multi-States Punjab),05/2022,05/2023,05/2025,12/2026,1491.72,1122.86,644.11,71.11,130,2026-03-31,https://ipm.mospi.gov.in/Content/PDF/FlashReport_March_2026.pdf,0,-24.7272,1,19,46,36,-10,43.1790,2026-03,2026-03-01,"Retrospective March 2026 snapshot; use revised cost/date only as outcome labels, not predictive features."
1472,Additional Structures on 6LGurgaon-Jaipur Section of NH-48 between KM 42.700 to KM 273.00,National Highways Authority of India [NHAI],618505,N24002058,"Multi-States (Haryana, Rajasthan)",08/2022,12/2022,06/2024,05/2026,409.64,290.64,191.99,87.14,130,2026-03-31,https://ipm.mospi.gov.in/Content/PDF/FlashReport_March_2026.pdf,0,-29.0499,1,23,43,22,-21,46.8680,2026-03,2026-03-01,"Retrospective March 2026 snapshot; use revised cost/date only as outcome labels, not predictive features."
1473,4 laning of Aligarh-Palwal Section from Km. 46.390 Design Chainage to Km. 69.110 Terminating at junction EPE Package-II from Kurana- Eastern Peripheral Expressway of NH-334D,National Highways Authority of India [NHAI],618691,-,"Multi-States (Haryana, Uttar Pradesh)",03/2024,08/2025,08/2027,08/2027,939.17,903.94,95.33,5.68,130,2026-03-31,https://ipm.mospi.gov.in/Content/PDF/FlashReport_March_2026.pdf,0,-3.7512,0,0,24,41,17,10.1505,2026-03,2026-03-01,"Retrospective March 2026 snapshot; use revised cost/date only as outcome labels, not predictive features."
1474,6L access Controlled Greenfield Highway from Ranipur Barsi to Adhoya Musalmana section of Shamli -Ambala Package-II Design Ch. Form km 45.500 to km 84.400,National Highways Authority of India [NHAI],618723,N24002040,"Multi-States (Haryana, Uttar Pradesh)",06/2022,05/2023,05/2025,12/2026,1554.21,1241.89,721.32,74.5,130,2026-03-31,https://ipm.mospi.gov.in/Content/PDF/FlashReport_March_2026.pdf,0,-20.0951,1,19,45,35,-10,46.4107,2026-03,2026-03-01,"Retrospective March 2026 snapshot; use revised cost/date only as outcome labels, not predictive features."
1475,Construction of Greenfield Connectivity to Jewar International Airport from DND- Faridabad-Ballabhgarh Bypass KMP Link - Spur to Delhi Mumbai Expressway,National Highways Authority of India [NHAI],619068,N24002048,"Multi-States (Haryana, Uttar Pradesh)",07/2022,06/2023,06/2025,04/2027,2920.69,3485.77,941.1,67.1,130,2026-03-31,https://ipm.mospi.gov.in/Content/PDF/FlashReport_March_2026.pdf,1,19.3475,1,22,44,35,-9,32.2218,2026-03,2026-03-01,"Retrospective March 2026 snapshot; use revised cost/date only as outcome labels, not predictive features."
1476,2L/4L of Hoshiarpur to Una section including Hoshiarpur Bypass of NH 503A,National Highways Authority of India [NHAI],618907,-,"Multi-States (Himachal Pradesh, Punjab)",03/2023,05/2025,05/2027,05/2027,571.34,481.88,37.09,22.17,130,2026-03-31,https://ipm.mospi.gov.in/Content/PDF/FlashReport_March_2026.pdf,0,-15.6579,0,0,36,50,14,6.4918,2026-03,2026-03-01,"Retrospective March 2026 snapshot; use revised cost/date only as outcome labels, not predictive features."
1477,4L Poanta SahebMednipur from Km. 435.65 to km. 458.65 of NH-07Pkg-1,NHAI,619291,-,"Multi-States (Himachal Pradesh, Uttarakhand)",03/2022,05/2023,05/2025,04/2026,524.54,657.32,232.75,94.25,130,2026-03-31,https://ipm.mospi.gov.in/Content/PDF/FlashReport_March_2026.pdf,1,25.3136,1,11,48,38,-10,44.3722,2026-03,2026-03-01,"Retrospective March 2026 snapshot; use revised cost/date only as outcome labels, not predictive features."
1478,Delhi-Amritsar-Katra Expressway Phase-II Pkg-XIV from Junction with Pathankot- Gurdaspur road NH-54 near Balsua to Junction with Hiranagar Road near village Gurha Baildaran km 423500 to km 468100,National Highways Authority of India [NHAI],619066,,"Multi-States (Jammu and Kashmir, Punjab)",10/2021,09/2022,09/2024,06/2026,3044.02,3707.91,1538.57,83.6,130,2026-03-31,https://ipm.mospi.gov.in/Content/PDF/FlashReport_March_2026.pdf,1,21.8096,1,21,53,35,-18,50.5440,2026-03,2026-03-01,"Retrospective March 2026 snapshot; use revised cost/date only as outcome labels, not predictive features."
1480,Barwa Adda Km. 398.240 to Panagarh Km. 521.120,National Highways Authority of India [NHAI],618533,N24000515,Multi-States West Bengal),08/2010,04/2014,09/2016,04/2026,1560.39,1568.22,90.45,100.0,131,2026-03-31,https://ipm.mospi.gov.in/Content/PDF/FlashReport_March_2026.pdf,1,0.5018,1,115,187,73,-114,5.7966,2026-03,2026-03-01,"Retrospective March 2026 snapshot; use revised cost/date only as outcome labels, not predictive features."
1481,6L Greenfield Varanasi- Ranchi- Kolkata Highway from junction with NH-320 in Lepo village to Kamlapur villageJH/WB border from km 358.500 to km 387.200 Pkg -13,National Highways Authority of India [NHAI],618734,-,Multi-States West Bengal),03/2023,09/2025,09/2027,09/2027,1154.49,1319.18,47.59,10.45,131,2026-03-31,https://ipm.mospi.gov.in/Content/PDF/FlashReport_March_2026.pdf,1,14.2652,0,0,36,54,18,4.1222,2026-03,2026-03-01,"Retrospective March 2026 snapshot; use revised cost/date only as outcome labels, not predictive features."
1482,2L PS of JH / WB Border km. 70.524 - Purulia km.84.400 & Purulia km. 94.30 - Chandil Junction with NH-33 km. 153.705 of Old NH-32,National Highways Authority of India [NHAI],618909,N24000788,Multi-States West Bengal),03/2018,12/2019,08/2022,06/2026,1652.4,1771.88,742.45,97.4,131,2026-03-31,https://ipm.mospi.gov.in/Content/PDF/FlashReport_March_2026.pdf,1,7.2307,1,46,96,53,-43,44.9316,2026-03,2026-03-01,"Retrospective March 2026 snapshot; use revised cost/date only as outcome labels, not predictive features."
1483,"4L of NH-80 section of Mirza Chauki to Farakka section from existing km 190.00 to design km 200.75 junction at km 3.100 of NH 133 B and from existing km 260.00 to existing km 283.00 design km 274.133 in the state of Jharkhand package - II (Jharkhand,",National Highways Authority of India [NHAI],618948,-,Multi-States West Bengal),02/2025,02/2026,01/2028,01/2028,782.18,782.18,1.75,0.3,131,2026-03-31,https://ipm.mospi.gov.in/Content/PDF/FlashReport_March_2026.pdf,0,0.0000,0,0,13,35,22,0.2237,2026-03,2026-03-01,"Retrospective March 2026 snapshot; use revised cost/date only as outcome labels, not predictive features."
1484,4L/2L PS of Govindpur Raiganj - Chas - WB border section of from km. 0.00 to km. 56.889 of Old NH-32,National Highways Authority of India [NHAI],619104,-,Multi-States West Bengal),NA,12/2017,12/2019,,1139.65,1154.8,6.64,99.84,131,2026-03-31,https://ipm.mospi.gov.in/Content/PDF/FlashReport_March_2026.pdf,1,1.3294,,,,,-75,0.5826,2026-03,2026-03-01,"Retrospective March 2026 snapshot; use revised cost/date only as outcome labels, not predictive features."
1485,Six Laning of KT/KL Border Thalapaddy -Chengala from Km. 17.200 to Km. 57.20,National Highways Authority of India [NHAI],619205,-,"Multi-States (Karnataka, Kerala)",05/2020,11/2021,05/2024,04/2026,1981.07,2681.48,1041.05,99.2,131,2026-03-31,https://ipm.mospi.gov.in/Content/PDF/FlashReport_March_2026.pdf,1,35.3551,1,23,70,48,-22,52.5499,2026-03,2026-03-01,"Retrospective March 2026 snapshot; use revised cost/date only as outcome labels, not predictive features."
1486,6L from Belgaum to Sankeshwar Bypass from Km. 515.000 to Km. 555.017 of NH-48 Pkg-I,National Highways Authority of India [NHAI],618515,N24001679,"Multi-States (Karnataka, Maharashtra)",11/2021,10/2022,04/2025,04/2026,1479.3,1237.04,1136.31,100.0,131,2026-03-31,https://ipm.mospi.gov.in/Content/PDF/FlashReport_March_2026.pdf,0,-16.3767,1,12,52,41,-11,76.8140,2026-03,2026-03-01,"Retrospective March 2026 snapshot; use revised cost/date only as outcome labels, not predictive features."
1487,6L from Sankeshwar Bypass to MH-KNT Border from Km. 555.017 to Km. 592.853 of NH-48 Pkg-II,National Highways Authority of India [NHAI],618516,N24001598,"Multi-States (Karnataka, Maharashtra)",01/2022,10/2022,04/2025,11/2026,1388.7,1066.86,1045.3,81.1,131,2026-03-31,https://ipm.mospi.gov.in/Content/PDF/FlashReport_March_2026.pdf,0,-23.1756,1,19,50,39,-11,75.2718,2026-03,2026-03-01,"Retrospective March 2026 snapshot; use revised cost/date only as outcome labels, not predictive features."
1488,Akkalkot MH/KN border New Greenfield corridor from Km 512.000 to Km 548.400 of NH-150C part of Akkalkot KN/TS Border section Package XIV,National Highways Authority of India [NHAI],618636,-,"Multi-States (Karnataka, Maharashtra)",03/2023,10/2024,10/2026,10/2026,1370.75,1403.49,212.1,44.11,131,2026-03-31,https://ipm.mospi.gov.in/Content/PDF/FlashReport_March_2026.pdf,1,2.3885,0,0,36,43,7,15.4733,2026-03,2026-03-01,"Retrospective March 2026 snapshot; use revised cost/date only as outcome labels, not predictive features."
1489,Bangalore Ring Road STRR-NH-948A- Package-I of Phase-III from Belagondapalli TN to TN/KNT border from km 144.480 to 179.969,National Highways Authority of India [NHAI],618519,N24001968,Multi-States Tamil Nadu),03/2022,05/2023,05/2025,09/2026,1260.74,1218.47,562.31,75.76,131,2026-03-31,https://ipm.mospi.gov.in/Content/PDF/FlashReport_March_2026.pdf,0,-3.3528,1,16,48,38,-10,44.6016,2026-03,2026-03-01,"Retrospective March 2026 snapshot; use revised cost/date only as outcome labels, not predictive features."
1490,Hosur to Dhamrapuri Pkg-1 [Neraluru - Thorapalli Agraharam],National Highways Authority of India [NHAI],618581,N24001693,Multi-States Tamil Nadu),10/2021,10/2022,10/2024,07/2026,1757.27,1828.66,927.75,78.7,131,2026-03-31,https://ipm.mospi.gov.in/Content/PDF/FlashReport_March_2026.pdf,1,4.0626,1,21,53,36,-17,52.7950,2026-03,2026-03-01,"Retrospective March 2026 snapshot; use revised cost/date only as outcome labels, not predictive features."
1491,6L of MH/KN Border Nimbal Village to KN/TS Border Singnodi Village from Km. 162.5 to Km. 203.100 in Raichur of NH-150C Pkg-IV,National Highways Authority of India [NHAI],618631,-,"Multi-States (Karnataka, Telangana)",03/2022,11/2022,05/2025,04/2026,1499.73,1457.48,774.35,99.51,131,2026-03-31,https://ipm.mospi.gov.in/Content/PDF/FlashReport_March_2026.pdf,0,-2.8172,1,11,48,38,-10,51.6326,2026-03,2026-03-01,"Retrospective March 2026 snapshot; use revised cost/date only as outcome labels, not predictive features."
1492,6L Access Controlled Greenfield Highway of Nandinne village to Julekal village from Km 202.900 to Km 242.200 Pkg-1,National Highways Authority of India [NHAI],618632,N24001626,"Multi-States (Karnataka, Telangana)",02/2022,01/2023,01/2025,06/2026,972.06,1044.06,406.31,90.13,131,2026-03-31,https://ipm.mospi.gov.in/Content/PDF/FlashReport_March_2026.pdf,1,7.4070,1,17,49,35,-14,41.7989,2026-03,2026-03-01,"Retrospective March 2026 snapshot; use revised cost/date only as outcome labels, not predictive features."
1493,Thalassery Mahe Bypass Km 170.600 to Km 189.200 of NH-17New NH-66 in Kerala,National Highways Authority of India [NHAI],619097,-,"Multi-States (Kerala, Puducherry)",09/2017,12/2017,05/2020,04/2026,1181.12,1573.18,708.74,100.0,131,2026-03-31,https://ipm.mospi.gov.in/Content/PDF/FlashReport_March_2026.pdf,1,33.1939,1,71,102,32,-70,60.0058,2026-03,2026-03-01,"Retrospective March 2026 snapshot; use revised cost/date only as outcome labels, not predictive features."
1494,4L Shahpur to Muktainagar from Km. 186.000 to km 216.278 of NH 753L Pkg II of Boregaon Buzurg to Muktainagar,National Highways Authority of India [NHAI],619101,-,"Multi-States Pradesh, Maharashtra)",12/2022,03/2024,03/2026,09/2026,784.35,659.52,285.24,64.0,131,2026-03-31,https://ipm.mospi.gov.in/Content/PDF/FlashReport_March_2026.pdf,0,-15.9151,1,6,39,39,0,36.3664,2026-03,2026-03-01,"Retrospective March 2026 snapshot; use revised cost/date only as outcome labels, not predictive features."
1495,"Construction of 26 VUPs, Major Bridge, Service Road etc. on Lalitpur-Sagar- Lakhnadon section of NH-44 NS",National Highways Authority of India [NHAI],618556,-,"Multi-States Pradesh, Uttar Pradesh)",02/2023,03/2024,03/2026,04/2026,665.91,665.91,482.76,93.1,131,2026-03-31,https://ipm.mospi.gov.in/Content/PDF/FlashReport_March_2026.pdf,0,0.0000,1,1,37,37,0,72.4963,2026-03,2026-03-01,"Retrospective March 2026 snapshot; use revised cost/date only as outcome labels, not predictive features."
1496,4L of Chowka to Kaimaha near MP/UP Border section NH-34 from D. Ch. 145.000 to D. Ch. 197.266 excluding existing Chhatarpur bypass from D. Ch. 160.307 to D. Ch. 168.630 Package-4 (Madhya,National Highways Authority of India [NHAI],618668,-,"Multi-States Pradesh, Uttar Pradesh)",10/2024,09/2025,09/2027,09/2027,996.5,846.68,129.42,30.66,131,2026-03-31,https://ipm.mospi.gov.in/Content/PDF/FlashReport_March_2026.pdf,0,-15.0346,0,0,17,35,18,12.9875,2026-03,2026-03-01,"Retrospective March 2026 snapshot; use revised cost/date only as outcome labels, not predictive features."
1497,Mangloor to Telangana Maharashtra Border,National Highways Authority of India [NHAI],618624,-,"Multi-States (Maharashtra, Telangana)",03/2018,04/2019,04/2021,03/2021,1082.65,1323.12,180.13,96.02,131,2026-03-31,https://ipm.mospi.gov.in/Content/PDF/FlashReport_March_2026.pdf,1,22.2112,0,-1,96,37,-59,16.6379,2026-03,2026-03-01,"Retrospective March 2026 snapshot; use revised cost/date only as outcome labels, not predictive features."
1498,4L of Rajura-Korpana-Adilabad Road upto M.S. Border from km 32.910 to km 89.090 of NH-353B,National Highways Authority of India [NHAI],618938,N24001796,"Multi-States (Maharashtra, Telangana)",03/2022,10/2022,10/2024,04/2026,1013.33,1274.63,554.08,100.0,131,2026-03-31,https://ipm.mospi.gov.in/Content/PDF/FlashReport_March_2026.pdf,1,25.7863,1,18,48,31,-17,54.6791,2026-03,2026-03-01,"Retrospective March 2026 snapshot; use revised cost/date only as outcome labels, not predictive features."
1500,Viluppuram Km.0.000 to Puducherry Km.29.000,National Highways Authority of India [NHAI],618844,-,Multi-States Tamil Nadu),03/2018,11/2021,11/2023,04/2026,1358.31,1162.44,467.64,98.32,132,2026-03-31,https://ipm.mospi.gov.in/Content/PDF/FlashReport_March_2026.pdf,0,-14.4201,1,29,96,68,-28,34.4281,2026-03,2026-03-01,"Retrospective March 2026 snapshot; use revised cost/date only as outcome labels, not predictive features."
1501,Puducherry Km.29.000 to Poondiyankuppam Km.67.000,National Highways Authority of India [NHAI],618845,N24001429,Multi-States Tamil Nadu),03/2018,11/2021,11/2023,04/2026,1588.4,1415.9,397.76,98.75,132,2026-03-31,https://ipm.mospi.gov.in/Content/PDF/FlashReport_March_2026.pdf,0,-10.8600,1,29,96,68,-28,25.0416,2026-03,2026-03-01,"Retrospective March 2026 snapshot; use revised cost/date only as outcome labels, not predictive features."
1502,Sattanathapuram to Nagapattinam from Km 123.800 to Km 179.555,National Highways Authority of India [NHAI],618847,N24001431,Multi-States Tamil Nadu),03/2018,10/2020,10/2022,08/2026,2899.77,2899.77,1201.24,81.0,132,2026-03-31,https://ipm.mospi.gov.in/Content/PDF/FlashReport_March_2026.pdf,0,0.0000,1,46,96,55,-41,41.4254,2026-03,2026-03-01,"Retrospective March 2026 snapshot; use revised cost/date only as outcome labels, not predictive features."
1503,4L of left out existing road section from Lalgopalganj Km 161.450 to Nawabganj Km 180.200 in Prayagraj,National Highways Authority of India [NHAI],618755,-,"Multi-States (Rajasthan, Uttar Pradesh)",03/2024,04/2025,03/2026,05/2026,159.53,100.74,62.01,99.09,132,2026-03-31,https://ipm.mospi.gov.in/Content/PDF/FlashReport_March_2026.pdf,0,-36.8520,1,2,24,24,0,38.8704,2026-03,2026-03-01,"Retrospective March 2026 snapshot; use revised cost/date only as outcome labels, not predictive features."
1504,6L with access control provision Saharanpur bypass to Ganeshpur section from 13.89 Km to 41.820 Km of Delhi- Dehradun Economic Corridor package-2 Multi-States,National Highways Authority of India [NHAI],618711,N24001629,"(Uttar Pradesh, Uttarakhand)",04/2022,11/2022,11/2024,04/2026,796.65,560.03,499.72,99.29,132,2026-03-31,https://ipm.mospi.gov.in/Content/PDF/FlashReport_March_2026.pdf,0,-29.7019,1,17,47,31,-16,62.7277,2026-03,2026-03-01,"Retrospective March 2026 snapshot; use revised cost/date only as outcome labels, not predictive features."
1505,4-laning of Pilibhit - Sitarganj from Km. 32.500 to Km. 70.800 Pkg-2 of NH-30 Multi-States,National Highways Authority of India [NHAI],618783,-,"(Uttar Pradesh, Uttarakhand)",01/2023,03/2024,03/2026,01/2027,1471.19,1471.19,407.69,33.14,132,2026-03-31,https://ipm.mospi.gov.in/Content/PDF/FlashReport_March_2026.pdf,0,0.0000,1,10,38,38,0,27.7116,2026-03,2026-03-01,"Retrospective March 2026 snapshot; use revised cost/date only as outcome labels, not predictive features."
1506,Road Safety Improvement of Critical Junctions on MuzaffarnagarHaridwar Section of NH-334 from Km 143000 to Km 196000 Multi-States,National Highways Authority of India [NHAI],618886,-,"(Uttar Pradesh, Uttarakhand)",04/2025,10/2025,10/2027,10/2027,238.66,0.1,6.06,9.15,132,2026-03-31,https://ipm.mospi.gov.in/Content/PDF/FlashReport_March_2026.pdf,0,-99.9581,0,0,11,30,19,2.5392,2026-03,2026-03-01,"Retrospective March 2026 snapshot; use revised cost/date only as outcome labels, not predictive features."
1507,Construction of Rudrapur Bypass Section from Km. 0.000 to 20.640 in the state of Uttar Pradesh & Uttarakhand Multi-States,National Highways Authority of India [NHAI],618912,-,"(Uttar Pradesh, Uttarakhand)",03/2023,01/2024,01/2026,04/2026,1051.73,1117.17,652.51,98.06,132,2026-03-31,https://ipm.mospi.gov.in/Content/PDF/FlashReport_March_2026.pdf,1,6.2221,1,3,36,34,-2,62.0416,2026-03,2026-03-01,"Retrospective March 2026 snapshot; use revised cost/date only as outcome labels, not predictive features."
1508,"Improvement & Up-gradation of NH-734 Section of Moradabad-Thakurdwara Kashipur including Moradabad & Kashipur Bypasse Package-III Kashipur Bypass Length Multi-States 14.490 Km., Starts from Ch. 38770 and ends at Ch. 53260 existing Ch. 05560",National Highways Authority of India [NHAI],618928,N24002093,"(Uttar Pradesh, Uttarakhand)",02/2023,03/2024,09/2025,12/2026,936.12,717.5,300.06,41.5,132,2026-03-31,https://ipm.mospi.gov.in/Content/PDF/FlashReport_March_2026.pdf,0,-23.3538,1,15,37,31,-6,32.0536,2026-03,2026-03-01,"Retrospective March 2026 snapshot; use revised cost/date only as outcome labels, not predictive features."
1509,4/6L of Spur to Haridwar Greenfield from Km. 0.000 to Km. 50.70 Multi-States,National Highways Authority of India [NHAI],618969,N24001628,"(Uttar Pradesh, Uttarakhand)",11/2021,02/2023,02/2025,06/2026,2155.95,2612.3,1450.4,91.26,132,2026-03-31,https://ipm.mospi.gov.in/Content/PDF/FlashReport_March_2026.pdf,1,21.1670,1,16,52,39,-13,67.2743,2026-03,2026-03-01,"Retrospective March 2026 snapshot; use revised cost/date only as outcome labels, not predictive features."
1510,4L of Haridwar-Nagina section from km. 0.00 to km. 71.614 of NH-74 Multi-States,National Highways Authority of India [NHAI],619217,-,"(Uttar Pradesh, Uttarakhand)",12/2015,01/2018,07/2020,04/2026,1659.12,1622.49,806.95,97.64,132,2026-03-31,https://ipm.mospi.gov.in/Content/PDF/FlashReport_March_2026.pdf,0,-2.2078,1,69,123,55,-68,48.6372,2026-03,2026-03-01,"Retrospective March 2026 snapshot; use revised cost/date only as outcome labels, not predictive features."
1511,Widening of existing Single lane / Intermediate lane road to 2 lane from Km 101 to Km 125 of NH 61,MoRTH,617886,N24001465,Nagaland,06/2020,06/2024,06/2026,12/2026,252.2,252.2,0.0,44.46,132,2026-03-31,https://ipm.mospi.gov.in/Content/PDF/FlashReport_March_2026.pdf,0,0.0000,1,6,69,72,3,0.0000,2026-03,2026-03-01,"Retrospective March 2026 snapshot; use revised cost/date only as outcome labels, not predictive features."
1512,Widening of existing single lane to intermediate lane road from Mokokchung to Chare via Dikhu in the state of Nagaland on EPC mode,MoRTH,618002,N24001418,Nagaland,02/2021,06/2023,06/2025,,192.93,192.93,99.65,0.0,132,2026-03-31,https://ipm.mospi.gov.in/Content/PDF/FlashReport_March_2026.pdf,0,0.0000,,,61,52,-9,51.6509,2026-03,2026-03-01,"Retrospective March 2026 snapshot; use revised cost/date only as outcome labels, not predictive features."
1513,Widening to Existing single lane /intermediate lane to 2 lane from Km185.00 to Km 220.00 of NH-61 New NH-02 in the state of Nagaland.,MoRTH,618072,N24001466,Nagaland,03/2021,07/2022,07/2024,03/2026,297.25,297.25,149.19,100.0,132,2026-03-31,https://ipm.mospi.gov.in/Content/PDF/FlashReport_March_2026.pdf,0,0.0000,1,20,60,40,-20,50.1901,2026-03,2026-03-01,"Retrospective March 2026 snapshot; use revised cost/date only as outcome labels, not predictive features."
1514,"Construction of 2-lane with Paved shoulder of Kohima- Bypass Road Connecting NH- 39New NH-02, NH-150New NH-02, NH-61New NH-29, NH-39New NH-02 from Design Km 32.00 to Design Km 43.454Design Length-11.454 Km in the State of Nagaland under SARDP-NE on EPC Mode Package-IV",NHIDCL,618290,N24001258,Nagaland,07/2020,10/2020,04/2022,12/2026,202.36,202.36,94.2,45.5,132,2026-03-31,https://ipm.mospi.gov.in/Content/PDF/FlashReport_March_2026.pdf,0,0.0000,1,56,68,21,-47,46.5507,2026-03,2026-03-01,"Retrospective March 2026 snapshot; use revised cost/date only as outcome labels, not predictive features."
1515,"Construction of 2-lane with Paved shoulder of Kohima-Bypass Road connecting NH- 39 New NH-02, NH150New NH-02, NH7-61 New NH-29 and NH-39 New NH-02 from Design km 21.000 to km 32.268 [Design length11.268 km] in the state of Nagaland Under SARDP-NE on EPC Mode Package- 3",NHIDCL,618291,N24001257,Nagaland,07/2020,06/2023,06/2025,12/2026,159.85,342.29,84.22,36.77,132,2026-03-31,https://ipm.mospi.gov.in/Content/PDF/FlashReport_March_2026.pdf,1,114.1320,1,18,68,59,-9,52.6869,2026-03,2026-03-01,"Retrospective March 2026 snapshot; use revised cost/date only as outcome labels, not predictive features."
1516,Construction of 2-Lane with paved shoulder of Kohima-Bypass Road connecting New NH-02 and New NH-29 from Design Km 10.500 to design Km 21.000 [Design Length- 10.500 km] including TUNNEL of 500m at Ch. 11.000 in the state of Nagaland Under SARDP-NE on EPC Mode Package-2,NHIDCL,618292,N24001255,Nagaland,07/2020,10/2020,10/2022,06/2026,277.44,277.44,192.45,69.57,132,2026-03-31,https://ipm.mospi.gov.in/Content/PDF/FlashReport_March_2026.pdf,0,0.0000,1,44,68,27,-41,69.3663,2026-03,2026-03-01,"Retrospective March 2026 snapshot; use revised cost/date only as outcome labels, not predictive features."
1517,"Construction of 2-Lane with paved shoulder of Kohima-Bypass Road connecting NH- 39New NH-02, NH-150New NH-02, NH-61New NH-29 and NH-39New NH-02 from design Km 0.00 to Km 10.500 in the State of Nagaland under SARDP-NE on EPC Mode Package-1 -Balance work",NHIDCL,618293,,Nagaland,07/2020,11/2023,11/2026,11/2026,232.29,350.88,12.48,25.61,132,2026-03-31,https://ipm.mospi.gov.in/Content/PDF/FlashReport_March_2026.pdf,1,51.0526,0,0,68,76,8,5.3726,2026-03,2026-03-01,"Retrospective March 2026 snapshot; use revised cost/date only as outcome labels, not predictive features."
1518,on NH-29 old NH-150 from existing km 98.380 near Chizami vill. to km120.367 Nagaland/Manipur Border [Design km 95.700 to design km 117.200] [Design Length 21.500 km] in the state of Nagaland Under Bharatmala Pariyojna on EPC Mode Package-V under NHO,NHIDCL,618296,N24001287,Nagaland,03/2020,11/2023,11/2025,05/2026,330.8,330.8,0.0,93.04,133,2026-03-31,https://ipm.mospi.gov.in/Content/PDF/FlashReport_March_2026.pdf,0,0.0000,1,6,72,68,-4,0.0000,2026-03,2026-03-01,"Retrospective March 2026 snapshot; use revised cost/date only as outcome labels, not predictive features."
1519,Construction of 2-lane with hard shoulder of Kohima - Jessami road on NH-29 Old NH- 150 from existing Km 30.474 Near Kidwema road Chakahabama to existing Km 53.220 Near Kikruma Village Design Km 29.60 to Km 51.50 Design length-21.90 Km in the state of Nagaland Under Bharatmala Pariyojna on EPC Mode under NHO Package-II -Balance work,NHIDCL,618297,N24001282,Nagaland,03/2020,01/2024,01/2026,12/2026,355.79,355.79,0.0,40.48,133,2026-03-31,https://ipm.mospi.gov.in/Content/PDF/FlashReport_March_2026.pdf,0,0.0000,1,11,72,70,-2,0.0000,2026-03,2026-03-01,"Retrospective March 2026 snapshot; use revised cost/date only as outcome labels, not predictive features."
1520,4-Laning of Balance work of Dimapur-Kohima Road from design km 152.490 to km 166.700 Existing km 156.000 to km 172.900 Excluding Dimapur & Kohima Bypass under SARDP-NE Package-III,NHIDCL,618328,N24001278,Nagaland,03/2016,09/2023,09/2025,,562.98,794.75,119.71,82.59,133,2026-03-31,https://ipm.mospi.gov.in/Content/PDF/FlashReport_March_2026.pdf,1,41.1684,,,120,114,-6,21.2636,2026-03,2026-03-01,"Retrospective March 2026 snapshot; use revised cost/date only as outcome labels, not predictive features."
1521,Construction of 4/6 Laning from Km 132.375 to Km 153.058 Total New Alignment length of 20.683 Km of Daboka-Dimapur Section Dimapur Bypass Nagaland Portion of NH-36 & 39 in the State of Nagaland on EPC basis under PhaseA of SARDP-NE,NHIDCL,618329,N24001281,Nagaland,02/2017,09/2017,09/2020,02/2023,819.39,819.39,0.0,0.0,133,2026-03-31,https://ipm.mospi.gov.in/Content/PDF/FlashReport_March_2026.pdf,0,0.0000,1,29,109,43,-66,0.0000,2026-03,2026-03-01,"Retrospective March 2026 snapshot; use revised cost/date only as outcome labels, not predictive features."
1522,"Widening to 2 Lane with Hard shoulder of Akegwo-Avangkhu section of NH-202K for Package-I Design Chainage 0000 Km to 34795 Km, in the State of Nagaland on EPC mode under NH O-NE",NHIDCL,618364,N24001976,Nagaland,12/2022,08/2023,02/2026,02/2026,430.24,430.24,0.0,87.0,133,2026-03-31,https://ipm.mospi.gov.in/Content/PDF/FlashReport_March_2026.pdf,0,0.0000,0,0,39,38,-1,0.0000,2026-03,2026-03-01,"Retrospective March 2026 snapshot; use revised cost/date only as outcome labels, not predictive features."
1523,Widening to 2 Lane with Hard shoulder of Akegwo-Avangkhu section of NH-202K for Package-III Design Chainage 69875 Km to 106816 Km in the State of Nagaland on EPC mode under NHO-NE,NHIDCL,618365,N24001978,Nagaland,12/2022,08/2023,02/2026,02/2026,497.18,497.18,0.0,85.67,133,2026-03-31,https://ipm.mospi.gov.in/Content/PDF/FlashReport_March_2026.pdf,0,0.0000,0,0,39,38,-1,0.0000,2026-03,2026-03-01,"Retrospective March 2026 snapshot; use revised cost/date only as outcome labels, not predictive features."
1524,Widening to 2 Lane with Hard shoulder of Akegwo-Avangkhu section of NH-202K for Package-II Design Chainage 34795 Km to 69875 Km in the State of Nagaland on EPC mode under NHO-NE,NHIDCL,618366,N24001977,Nagaland,12/2022,08/2023,02/2026,02/2026,442.54,442.54,0.0,50.63,133,2026-03-31,https://ipm.mospi.gov.in/Content/PDF/FlashReport_March_2026.pdf,0,0.0000,0,0,39,38,-1,0.0000,2026-03,2026-03-01,"Retrospective March 2026 snapshot; use revised cost/date only as outcome labels, not predictive features."
1525,Construction of 2 laning with Hard shoulder of Peren-Dimapur section on NH 129A from Design Km 146.208 to Km 163.592 Length- 17.384 km in the state of Nagaland on EPC mode under NHO-TSP Package-III,NHIDCL,618413,N24001912,Nagaland,02/2021,06/2023,06/2025,06/2026,177.77,199.02,0.0,90.68,133,2026-03-31,https://ipm.mospi.gov.in/Content/PDF/FlashReport_March_2026.pdf,1,11.9536,1,12,61,52,-9,0.0000,2026-03,2026-03-01,"Retrospective March 2026 snapshot; use revised cost/date only as outcome labels, not predictive features."
1526,Construction of Balance work for 2-lane with hard shoulder of Peren- Dimapur section on NH-129A from Design Km 126.775 to Km 146.208 Length 19.433 Km in the state of Nagaland on EPC mode under NHO-TSP Package-II,NHIDCL,618414,N24001406,Nagaland,01/2021,09/2023,09/2025,09/2025,258.52,258.52,60.72,93.13,133,2026-03-31,https://ipm.mospi.gov.in/Content/PDF/FlashReport_March_2026.pdf,0,0.0000,0,0,62,56,-6,23.4875,2026-03,2026-03-01,"Retrospective March 2026 snapshot; use revised cost/date only as outcome labels, not predictive features."
1527,"Construction of 2-lane with hard shoulders of Merangkong-Tamlu-Mon road Wakching Twon portion on EPC basis from existing Chainage Km 59000 to Km 73640 [Design Km. 59000 to Km, 72450] Design length - 13.450 Km under SARDP-NE package-V Balance work",NHIDCL,618422,N24001438,Nagaland,03/2021,09/2023,09/2025,04/2026,161.73,161.73,14.12,99.5,133,2026-03-31,https://ipm.mospi.gov.in/Content/PDF/FlashReport_March_2026.pdf,0,0.0000,1,7,60,54,-6,8.7306,2026-03,2026-03-01,"Retrospective March 2026 snapshot; use revised cost/date only as outcome labels, not predictive features."
1528,Construction of 2-Lane with hard shoulders of Merangkong-Tamlu-Mon MTM Road from existing Km 20.456 to Km 41.065 Design Km. 20 to Km. 40.0 Design Length- 20.000 Km in the State of Nagaland under SARDP-NE Phase-A Pkg-2 Balance work,NHIDCL,618423,N24000763,Nagaland,03/2018,08/2023,08/2025,03/2026,215.79,215.79,28.64,100.0,133,2026-03-31,https://ipm.mospi.gov.in/Content/PDF/FlashReport_March_2026.pdf,0,0.0000,1,7,96,89,-7,13.2722,2026-03,2026-03-01,"Retrospective March 2026 snapshot; use revised cost/date only as outcome labels, not predictive features."
1529,Construction of 2-Lane with hard shoulders of Merangkong-Tamlu-Mon Road on EPC Basis from existing road Km. 76.640 to Km 98.065 Design chainage Km. 63.800 to Km. 86.835 Design Length-23.035 Km in the state of Nagaland under SARDP-NE PKG-IV Balance work,NHIDCL,619059,N24000765,Nagaland,03/2018,09/2023,09/2025,12/2026,323.98,323.98,70.46,75.05,133,2026-03-31,https://ipm.mospi.gov.in/Content/PDF/FlashReport_March_2026.pdf,0,0.0000,1,15,96,90,-6,21.7483,2026-03,2026-03-01,"Retrospective March 2026 snapshot; use revised cost/date only as outcome labels, not predictive features."
1530,New construction of Major Bridge with Approaches from Km 0.000 to 1.200 Madhopur -Badabanta section of NH-20 under NHO in Annual Plan 2022-23 in the State of Odisha,MoRTH,617898,-,Odisha,03/2023,04/2025,10/2027,10/2027,199.5,199.5,0.1,0.0,133,2026-03-31,https://ipm.mospi.gov.in/Content/PDF/FlashReport_March_2026.pdf,0,0.0000,0,0,36,55,19,0.0501,2026-03,2026-03-01,"Retrospective March 2026 snapshot; use revised cost/date only as outcome labels, not predictive features."
1531,Widening and Strengthening to 4LPS/2LPS from km 0.000 to 35.800 Kuakhia - Mangalpur section of NH 20 in the state of Odisha on Annual Plan 2021-22,MoRTH,617899,N24002136,Odisha,03/2022,02/2024,02/2026,11/2026,636.1,636.1,292.73,56.11,133,2026-03-31,https://ipm.mospi.gov.in/Content/PDF/FlashReport_March_2026.pdf,0,0.0000,1,9,48,47,-1,46.0195,2026-03,2026-03-01,"Retrospective March 2026 snapshot; use revised cost/date only as outcome labels, not predictive features."
1532,construction or By-pass road on NH-26 for Nabrangpur Town,MoRTH,617902,-,Odisha,03/2023,12/2024,12/2026,12/2026,168.95,168.95,7.84,21.0,133,2026-03-31,https://ipm.mospi.gov.in/Content/PDF/FlashReport_March_2026.pdf,0,0.0000,0,0,36,45,9,4.6404,2026-03,2026-03-01,"Retrospective March 2026 snapshot; use revised cost/date only as outcome labels, not predictive features."
1533,Construction of Bypass road to Balangir town from km 72/400 Desing km 0/0 to km 79/800 Design km 11/670 of NH-26 in the State of Odisha.,MoRTH,,,Odisha,02/2022,,10/2025,,238.78,,6.09,55.0,133,2026-03-31,https://ipm.mospi.gov.in/Content/PDF/FlashReport_March_2026.pdf,,,,,49,44,-5,2.5505,2026-03,2026-03-01,"Retrospective March 2026 snapshot; use revised cost/date only as outcome labels, not predictive features."
1534,NH-201 present NH-26 at Kesinga including land acquisition in the state of Odisha on EPC mode under Annual Plan 2021-22,MoRTH,617905,N24001865,Odisha,12/2021,05/2023,05/2025,10/2026,324.09,324.09,84.57,70.09,134,2026-03-31,https://ipm.mospi.gov.in/Content/PDF/FlashReport_March_2026.pdf,0,0.0000,1,17,51,41,-10,26.0946,2026-03,2026-03-01,"Retrospective March 2026 snapshot; use revised cost/date only as outcome labels, not predictive features."
1535,Widening and Strengthening to 2LPS including LA from km 318.970 to 353.450 Balikuda-Mulkani Section of NH-55 under NHO in Annual Plan 2022-23 in the State of Odisha. Job No. NH-55-OD-2022-23-656,MoRTH,617920,-,Odisha,01/2022,06/2025,06/2027,06/2027,511.54,511.54,0.0,3.0,134,2026-03-31,https://ipm.mospi.gov.in/Content/PDF/FlashReport_March_2026.pdf,0,0.0000,0,0,50,65,15,0.0000,2026-03,2026-03-01,"Retrospective March 2026 snapshot; use revised cost/date only as outcome labels, not predictive features."
1536,Widening and strengthening to 2LPS including LA of Kandarpur-Balikuda from km 277/500 to 318/970 of NH-55 in the State of Odisha under Annual Plan 2021-22.,MoRTH,617921,N24001858,Odisha,03/2022,06/2023,06/2025,05/2026,499.79,499.79,129.74,60.65,134,2026-03-31,https://ipm.mospi.gov.in/Content/PDF/FlashReport_March_2026.pdf,0,0.0000,1,11,48,39,-9,25.9589,2026-03,2026-03-01,"Retrospective March 2026 snapshot; use revised cost/date only as outcome labels, not predictive features."
1537,Construction of Jharsuguda Bypass including Land acqusition on NH-49 from km 258.636 to km 283.300 design chainage 258.636 to km 289.876 under NHO in Annual Plan 2022-23 for the state of Odisha Job No.NH-49-OD-2022-23-655,MoRTH,617922,-,Odisha,09/2021,01/2025,07/2027,07/2027,587.1,587.1,52.43,21.0,134,2026-03-31,https://ipm.mospi.gov.in/Content/PDF/FlashReport_March_2026.pdf,0,0.0000,0,0,54,70,16,8.9303,2026-03,2026-03-01,"Retrospective March 2026 snapshot; use revised cost/date only as outcome labels, not predictive features."
1538,Construction of Daspalla Bypass from km 195.250 To 200.635 of NH-57 including land acquisition in the state of Odisha on EPC mode under Annual Plan 2022-23.,MoRTH,617923,-,Odisha,02/2023,05/2025,05/2027,05/2027,155.97,155.97,36.6,18.0,134,2026-03-31,https://ipm.mospi.gov.in/Content/PDF/FlashReport_March_2026.pdf,0,0.0000,0,0,37,51,14,23.4661,2026-03,2026-03-01,"Retrospective March 2026 snapshot; use revised cost/date only as outcome labels, not predictive features."
1539,Construction of bypass to Nayagarh town from km 235.469 to 252.482 of NH-57 including land acquisition in the state of Odisha.,MoRTH,617924,N24001860,Odisha,01/2022,05/2023,04/2025,03/2026,300.33,300.33,82.33,100.0,134,2026-03-31,https://ipm.mospi.gov.in/Content/PDF/FlashReport_March_2026.pdf,0,0.0000,1,11,50,39,-11,27.4132,2026-03,2026-03-01,"Retrospective March 2026 snapshot; use revised cost/date only as outcome labels, not predictive features."
1540,Construction of Bypass to Khordha town from Km 294/000 to 300/300 on NH-57 including LA in the State of Odisha on EPC mode.,MoRTH,617925,N24001861,Odisha,02/2022,05/2023,11/2024,06/2026,157.49,157.49,33.61,82.0,134,2026-03-31,https://ipm.mospi.gov.in/Content/PDF/FlashReport_March_2026.pdf,0,0.0000,1,19,49,33,-16,21.3410,2026-03,2026-03-01,"Retrospective March 2026 snapshot; use revised cost/date only as outcome labels, not predictive features."
1541,Construction of Bypass on NH-59 from Km 336/350 to 349/910 13.56 km near Berhampur town including 4-lane RoB in the state of Odisha.,MoRTH,617930,N24001859,Odisha,03/2021,03/2022,12/2025,06/2026,196.94,196.94,51.15,75.0,134,2026-03-31,https://ipm.mospi.gov.in/Content/PDF/FlashReport_March_2026.pdf,0,0.0000,1,6,60,57,-3,25.9724,2026-03,2026-03-01,"Retrospective March 2026 snapshot; use revised cost/date only as outcome labels, not predictive features."
1542,Construction of four lane ROB and its approaches in lieu of existing Level Crossing No. RV-71 at km 435 on NH-217 New NH-353 at Khariar including land acquisition under NHO in Annual Plan 2021-22 for the state of Odisha for F.Y. 2021-22 to F.Y 2033-34,MoRTH,618003,N24001419,Odisha,11/2021,06/2023,12/2024,06/2026,154.49,154.49,22.32,72.0,134,2026-03-31,https://ipm.mospi.gov.in/Content/PDF/FlashReport_March_2026.pdf,0,0.0000,1,18,52,37,-15,14.4475,2026-03,2026-03-01,"Retrospective March 2026 snapshot; use revised cost/date only as outcome labels, not predictive features."
1543,"Widening & strengthenlng to 2LPS from km 0,000 to 40.000 Dhaugaon- Podamari section of NH 326 in the State of Odisha under Annual Plan 2021.22.",MoRTH,618012,N24002135,Odisha,03/2022,02/2024,02/2026,06/2026,186.52,186.52,42.83,60.0,134,2026-03-31,https://ipm.mospi.gov.in/Content/PDF/FlashReport_March_2026.pdf,0,0.0000,1,4,48,47,-1,22.9627,2026-03,2026-03-01,"Retrospective March 2026 snapshot; use revised cost/date only as outcome labels, not predictive features."
1544,Construction of Dharmagarh Bypass on NH-130C including land acquisition in the state of Odisha on EPC Mode under Annual plan 2022-23.,MoRTH,618079,-,Odisha,03/2023,04/2025,10/2026,10/2026,172.66,172.66,0.0,15.0,134,2026-03-31,https://ipm.mospi.gov.in/Content/PDF/FlashReport_March_2026.pdf,0,0.0000,0,0,36,43,7,0.0000,2026-03,2026-03-01,"Retrospective March 2026 snapshot; use revised cost/date only as outcome labels, not predictive features."
1545,Widening to 2 lane with paved shoulded of Jareikela Jharkhand/Odisha Border - Dhabaleswar section from 0/0 to 36/0 of NH-320D in the State of Odisha under Annual Plan 2021-22.,MoRTH,618122,-,Odisha,03/2022,10/2024,10/2026,10/2026,172.09,172.09,0.0,20.25,134,2026-03-31,https://ipm.mospi.gov.in/Content/PDF/FlashReport_March_2026.pdf,0,0.0000,0,0,48,55,7,0.0000,2026-03,2026-03-01,"Retrospective March 2026 snapshot; use revised cost/date only as outcome labels, not predictive features."
1546,Bhadrak KM 136.500 to Baleshwar KM 199.141,National Highways Authority of India [NHAI],618523,N24000738,Odisha,11/2014,03/2019,09/2021,06/2026,844.67,1394.82,495.58,91.32,134,2026-03-31,https://ipm.mospi.gov.in/Content/PDF/FlashReport_March_2026.pdf,1,65.1319,1,57,136,82,-54,58.6714,2026-03,2026-03-01,"Retrospective March 2026 snapshot; use revised cost/date only as outcome labels, not predictive features."
1547,"Construction of 6-lane flyover at Ainthapali junction and a 2-lane ROB LHS on NH-53 Earlier NH-6 in Sambalpur, on EPC mode in Odisha under NHO",National Highways Authority of India [NHAI],618591,-,Odisha,03/2024,06/2024,12/2026,12/2026,374.17,211.74,82.44,47.25,134,2026-03-31,https://ipm.mospi.gov.in/Content/PDF/FlashReport_March_2026.pdf,0,-43.4107,0,0,24,33,9,22.0328,2026-03,2026-03-01,"Retrospective March 2026 snapshot; use revised cost/date only as outcome labels, not predictive features."
1548,"Balance work of 8 nos. of Elephant Underpasses EUPs, 1 no. of Vehicular Underpass VUP, 1 nos. of Light Vehicular Underpass LVUP, 1 nos. of Pedestrian Underpass PUP, 1 nos. of Foot Over Bridge FOB and A2 side approach of Jharpokharia Flyover at Km.215.270 in Baharagora-Singhara section of NH-49",National Highways Authority of India [NHAI],618592,-,Odisha,09/2023,11/2024,05/2026,03/2027,320.64,244.85,16.35,16.09,134,2026-03-31,https://ipm.mospi.gov.in/Content/PDF/FlashReport_March_2026.pdf,0,-23.6371,1,10,30,32,2,5.0992,2026-03,2026-03-01,"Retrospective March 2026 snapshot; use revised cost/date only as outcome labels, not predictive features."
1549,Balance work of Rehabilitation and Upgradation to four laning of Baharagora Singhara section of NH-49 from Km.229.727 to Km.238.990 Length 9.263 Km. including construction of five nos. of Elephant Underpasses EUP and fourteen nos. of Animal Underpasses AUP inside the buffer zone of Similipal Tiger Reserve Area in Bangriposi Ghat section in the State of Odisha on EPC Mode,National Highways Authority of India [NHAI],618593,,Odisha,03/2025,05/2025,11/2027,11/2027,263.32,163.07,8.76,8.13,134,2026-03-31,https://ipm.mospi.gov.in/Content/PDF/FlashReport_March_2026.pdf,0,-38.0715,0,0,12,32,20,3.3268,2026-03,2026-03-01,"Retrospective March 2026 snapshot; use revised cost/date only as outcome labels, not predictive features."
1550,(-) 6L Greenfield Kaliagura Baunsaguar Section of NH-130-CD Road from km 249000 to km 293000 Package OD-5,National Highways Authority of India [NHAI],618677,,Odisha,09/2021,05/2022,05/2024,06/2026,1539.75,1918.49,952.14,94.09,134,2026-03-31,https://ipm.mospi.gov.in/Content/PDF/FlashReport_March_2026.pdf,1,24.5975,1,25,54,32,-22,61.8373,2026-03,2026-03-01,"Retrospective March 2026 snapshot; use revised cost/date only as outcome labels, not predictive features."
1551,km 338500 Package OD-6,National Highways Authority of India [NHAI],618678,N24001678,Odisha,08/2021,06/2022,05/2024,05/2026,1265.59,1635.44,843.72,98.89,135,2026-03-31,https://ipm.mospi.gov.in/Content/PDF/FlashReport_March_2026.pdf,1,29.2235,1,24,55,33,-22,66.6661,2026-03,2026-03-01,"Retrospective March 2026 snapshot; use revised cost/date only as outcome labels, not predictive features."
1552,6L Greenfield Kandili - Aluru Section of NH-130-CD Road from km 342500 to km 365033 Package-OD-8,National Highways Authority of India [NHAI],618680,N24001665,Odisha,12/2021,10/2022,10/2024,06/2026,1492.74,1912.84,988.5,96.6,135,2026-03-31,https://ipm.mospi.gov.in/Content/PDF/FlashReport_March_2026.pdf,1,28.1429,1,20,51,34,-17,66.2205,2026-03,2026-03-01,"Retrospective March 2026 snapshot; use revised cost/date only as outcome labels, not predictive features."
1553,6L Flyover including RE Wall approaches with Flexible Pavement in the Elephant Corridor of Angul Sambalpur Section of NH-42 New NH-55 Km.202.533,National Highways Authority of India [NHAI],618704,-,Odisha,09/2023,06/2024,01/2027,06/2026,150.86,106.32,102.13,99.86,135,2026-03-31,https://ipm.mospi.gov.in/Content/PDF/FlashReport_March_2026.pdf,0,-29.5241,0,-7,30,40,10,67.6985,2026-03,2026-03-01,"Retrospective March 2026 snapshot; use revised cost/date only as outcome labels, not predictive features."
1554,Balance work of Panikoili Rimoli Section of new NH-20 from Km 0.00 to Km. 163.000,National Highways Authority of India [NHAI],618819,N24001647,Odisha,09/2020,03/2021,03/2022,07/2022,183.03,200.79,89.36,99.0,135,2026-03-31,https://ipm.mospi.gov.in/Content/PDF/FlashReport_March_2026.pdf,1,9.7033,1,4,66,18,-48,48.8226,2026-03,2026-03-01,"Retrospective March 2026 snapshot; use revised cost/date only as outcome labels, not predictive features."
1555,Rehabilitation and Up gradation from 4 to 8 laning of Chandikhole Paradip Section of NH-53 Old NH 5A from Km.39.000 to Km.60.00 Package-3,National Highways Authority of India [NHAI],618820,N24002079,Odisha,03/2023,12/2023,12/2025,06/2026,861.84,938.55,344.31,91.0,135,2026-03-31,https://ipm.mospi.gov.in/Content/PDF/FlashReport_March_2026.pdf,1,8.9007,1,6,36,33,-3,39.9506,2026-03,2026-03-01,"Retrospective March 2026 snapshot; use revised cost/date only as outcome labels, not predictive features."
1556,Rehabilitation and Up gradation from 4 to 8 laning of Chandikhole Paradip Section of NH-53 Old NH 5A from Km 18.00 to Km 39.00 in the State of Odisha on HAM mode Package-2,National Highways Authority of India [NHAI],618821,N24002080,Odisha,03/2023,12/2023,12/2025,06/2026,920.47,950.4,403.51,91.0,135,2026-03-31,https://ipm.mospi.gov.in/Content/PDF/FlashReport_March_2026.pdf,1,3.2516,1,6,36,33,-3,43.8374,2026-03,2026-03-01,"Retrospective March 2026 snapshot; use revised cost/date only as outcome labels, not predictive features."
1557,Rehabilitation and Up gradation from 4 to 8 laning of Chandikhole Paradip Section of NH-53 Old NH 5A from Km.0.00 to Km.18.00Package-1,National Highways Authority of India [NHAI],618822,-,Odisha,03/2023,12/2023,12/2025,06/2026,929.91,869.45,362.18,92.3,135,2026-03-31,https://ipm.mospi.gov.in/Content/PDF/FlashReport_March_2026.pdf,0,-6.5017,1,6,36,33,-3,38.9479,2026-03,2026-03-01,"Retrospective March 2026 snapshot; use revised cost/date only as outcome labels, not predictive features."
1558,3L Major Bridge over River Brahmani at Km. 401.250 Duburi - Chandikhole Section of NH-200 New NH -53,National Highways Authority of India [NHAI],618908,N24002081,Odisha,04/2022,08/2022,01/2025,12/2026,153.61,103.68,61.82,38.0,135,2026-03-31,https://ipm.mospi.gov.in/Content/PDF/FlashReport_March_2026.pdf,0,-32.5044,1,23,47,33,-14,40.2448,2026-03,2026-03-01,"Retrospective March 2026 snapshot; use revised cost/date only as outcome labels, not predictive features."
1559,4-L of Rajamunda to Barkote Section of NH-23 from km. 287.200 to km. 337.185,National Highways Authority of India [NHAI],618913,N24000739,Odisha,10/2017,12/2018,06/2021,12/2024,609.63,630.97,114.77,96.52,135,2026-03-31,https://ipm.mospi.gov.in/Content/PDF/FlashReport_March_2026.pdf,1,3.5005,1,42,101,44,-57,18.8262,2026-03,2026-03-01,"Retrospective March 2026 snapshot; use revised cost/date only as outcome labels, not predictive features."
1560,6L of Bhubaneswar - Jagatpur - Chandikhole Section of NH-16,National Highways Authority of India [NHAI],619075,-,Odisha,01/2009,12/2011,06/2014,04/2026,639.3,632.89,2.07,97.48,135,2026-03-31,https://ipm.mospi.gov.in/Content/PDF/FlashReport_March_2026.pdf,0,-1.0027,1,142,206,65,-141,0.3238,2026-03,2026-03-01,"Retrospective March 2026 snapshot; use revised cost/date only as outcome labels, not predictive features."
1561,6L of Badakumari - Karki Section from Km 179.000 to km 226.500 of NH-130-CD Package OD-3,National Highways Authority of India [NHAI],619109,N24001668,Odisha,03/2021,04/2022,04/2024,05/2026,1101.76,1374.43,560.92,99.6,135,2026-03-31,https://ipm.mospi.gov.in/Content/PDF/FlashReport_March_2026.pdf,1,24.7486,1,25,60,37,-23,50.9113,2026-03,2026-03-01,"Retrospective March 2026 snapshot; use revised cost/date only as outcome labels, not predictive features."
1562,Four Laning of Angul to Sambalpur from Km.112.000 to Km.265.000,National Highways Authority of India [NHAI],619118,N24000619,Odisha,09/2016,03/2017,08/2019,04/2026,2510.04,2632.91,1194.08,99.98,135,2026-03-31,https://ipm.mospi.gov.in/Content/PDF/FlashReport_March_2026.pdf,1,4.8951,1,80,114,35,-79,47.5722,2026-03,2026-03-01,"Retrospective March 2026 snapshot; use revised cost/date only as outcome labels, not predictive features."
1563,Cuttack-Angul Section of NH-42 New NH-55 from km 0.400 to km 60.200 Pkg-I in the State of Odisha,National Highways Authority of India [NHAI],619119,N24000715,Odisha,10/2017,01/2018,07/2020,04/2026,999.32,1178.31,497.62,99.0,135,2026-03-31,https://ipm.mospi.gov.in/Content/PDF/FlashReport_March_2026.pdf,1,17.9112,1,69,101,33,-68,49.7959,2026-03,2026-03-01,"Retrospective March 2026 snapshot; use revised cost/date only as outcome labels, not predictive features."
1564,4 Laning of Talcher to end of Kamakhyanagar Bypass km 8.844 - km 15.725 of NH- 149 and km 301.875 - km 335.946 of NH-53 Pkg-I,National Highways Authority of India [NHAI],619157,N24000734,Odisha,01/2018,02/2019,08/2021,04/2026,795.18,810.71,397.12,99.0,135,2026-03-31,https://ipm.mospi.gov.in/Content/PDF/FlashReport_March_2026.pdf,1,1.9530,1,56,98,43,-55,49.9409,2026-03,2026-03-01,"Retrospective March 2026 snapshot; use revised cost/date only as outcome labels, not predictive features."
1565,4 Laning of Duburi Chandikhole from km 388.376 to km 428.074 Pkg-III,National Highways Authority of India [NHAI],619158,N24000733,Odisha,01/2018,02/2020,08/2022,06/2026,789.0,907.61,518.91,86.0,135,2026-03-31,https://ipm.mospi.gov.in/Content/PDF/FlashReport_March_2026.pdf,1,15.0330,1,46,98,55,-43,65.7681,2026-03,2026-03-01,"Retrospective March 2026 snapshot; use revised cost/date only as outcome labels, not predictive features."
1566,Rehabilitation and Up gradation from 4 to 8 laning of Chandikhole Paradip Section of NH-53 Old NH 5A from Km.60.000 to Km.76.646 Package-4,National Highways Authority of India [NHAI],619181,-,Odisha,03/2023,11/2024,10/2026,01/2027,882.45,1009.92,122.77,31.0,135,2026-03-31,https://ipm.mospi.gov.in/Content/PDF/FlashReport_March_2026.pdf,1,14.4450,1,3,36,43,7,13.9124,2026-03,2026-03-01,"Retrospective March 2026 snapshot; use revised cost/date only as outcome labels, not predictive features."
1567,6L of Hatibena - Badakumari Section from Km 146.50 to km 179.00 of NH-130-CD Package OD-2,National Highways Authority of India [NHAI],619213,-,Odisha,02/2021,03/2022,03/2024,05/2026,791.17,1070.63,631.22,99.95,135,2026-03-31,https://ipm.mospi.gov.in/Content/PDF/FlashReport_March_2026.pdf,1,35.3224,1,26,61,37,-24,79.7831,2026-03,2026-03-01,"Retrospective March 2026 snapshot; use revised cost/date only as outcome labels, not predictive features."
1568,Cuttack-Angul Section of NH-42 New NH-55 from Km.60.200 to Km. 112.000 Pkg-II in the State of Odisha,National Highways Authority of India [NHAI],619215,-,Odisha,10/2017,03/2018,09/2020,04/2026,991.41,1168.82,499.34,99.66,135,2026-03-31,https://ipm.mospi.gov.in/Content/PDF/FlashReport_March_2026.pdf,1,17.8947,1,67,101,35,-66,50.3666,2026-03,2026-03-01,"Retrospective March 2026 snapshot; use revised cost/date only as outcome labels, not predictive features."
1569,Development to 4-lane with paved shoulder for the road section Talwandi Sabo- Raman road to refinery Road junction with Bathinda Dabwali Road of NH-254 from existing Km 131.600 to Km 155.650 Design Km 131600 to km 155600 in the State of Punjab. Job No NH-254-PB-2022-23-565,MoRTH,618010,,Punjab,03/2023,05/2025,11/2026,11/2026,546.67,546.67,0.0,45.0,135,2026-03-31,https://ipm.mospi.gov.in/Content/PDF/FlashReport_March_2026.pdf,0,0.0000,0,0,36,44,8,0.0000,2026-03,2026-03-01,"Retrospective March 2026 snapshot; use revised cost/date only as outcome labels, not predictive features."
1570,Malout road from Km 279.400 to Km 307.060 section of NH-354 in the State of Punjab on EPC mode. Job No. NH-354-PB-2021-22-555,MoRTH,618023,N24001961,Punjab,03/2022,10/2023,04/2025,03/2026,152.58,152.58,0.0,98.0,136,2026-03-31,https://ipm.mospi.gov.in/Content/PDF/FlashReport_March_2026.pdf,0,0.0000,1,11,48,37,-11,0.0000,2026-03,2026-03-01,"Retrospective March 2026 snapshot; use revised cost/date only as outcome labels, not predictive features."
1571,Up-gradation to two lane with paved shoulder configuration of NH-354 Section Arifkes- Ferozepur-Muktsar-Malaut from Km 201.500 to Km 212.500 & Km 229.690 to Km 269.960 and strengthening of existing pavement from Km 212.500 to Km 229.690 excluding Km 218.500 to 223.690 of NH-354 on EPC Mode in the State of Punjab. Job No. NH-354-PB-2020-21-532,MoRTH,618024,N24001960,Punjab,03/2021,10/2023,04/2025,04/2026,263.19,263.19,0.0,83.0,136,2026-03-31,https://ipm.mospi.gov.in/Content/PDF/FlashReport_March_2026.pdf,0,0.0000,1,12,60,49,-11,0.0000,2026-03,2026-03-01,"Retrospective March 2026 snapshot; use revised cost/date only as outcome labels, not predictive features."
1572,Delhi-Amritsar-Katra Expressway Phase-I Pkg-VII from Junction with Patiala-Bathinda road NH-7 near Bhawanigarh to Junction with Ludhiana-Malerhkotla SH-11 near Bhogiwal village Km 188830 to km 225770,National Highways Authority of India [NHAI],618487,N24001415,Punjab,12/2020,07/2022,07/2024,06/2026,1759.82,1774.32,1250.45,95.8,136,2026-03-31,https://ipm.mospi.gov.in/Content/PDF/FlashReport_March_2026.pdf,1,0.8239,1,23,63,43,-20,71.0556,2026-03,2026-03-01,"Retrospective March 2026 snapshot; use revised cost/date only as outcome labels, not predictive features."
1573,Delhi-Amritsar-Katra Expressway Phase-I Pkg-VIII from Junction with Ludhiana- Malerkotla SH-11 near Bhogiwal village to Junction with Ludhiana-Moga road NH-5 near Mullanpur Dakha Km 225770 to km 260860,National Highways Authority of India [NHAI],618488,N24001416,Punjab,12/2020,03/2023,03/2025,,1895.74,2034.94,751.95,31.08,136,2026-03-31,https://ipm.mospi.gov.in/Content/PDF/FlashReport_March_2026.pdf,1,7.3428,,,63,51,-12,39.6652,2026-03,2026-03-01,"Retrospective March 2026 snapshot; use revised cost/date only as outcome labels, not predictive features."
1574,Delhi-Amritsar-Katra Expressway Phase-I Pkg-IX from Junction with Ludhiana-Moga road NH-5 near Mullanpur Dakha to Junction with Jalandhar - Moga road NH-703 near Kang Sahibu village Km 260860 to km 303900,National Highways Authority of India [NHAI],618489,N24001417,Punjab,12/2020,07/2022,07/2024,06/2026,1851.47,2407.14,1331.72,73.26,136,2026-03-31,https://ipm.mospi.gov.in/Content/PDF/FlashReport_March_2026.pdf,1,30.0124,1,23,63,43,-20,71.9277,2026-03,2026-03-01,"Retrospective March 2026 snapshot; use revised cost/date only as outcome labels, not predictive features."
1575,Delhi-Amritsar-Katra Expressway Phase-I Pkg-X from Jn. with Jalandhar - Moga road NH-703 to Jn. with Jalandhar-Kapurthala road NH-703A and to Jn. with Kapurthala - Sultanpur Lodhi road NH-703A km 000 to km 24000 to Amritsar connectivity,National Highways Authority of India [NHAI],618490,N24001418,Punjab,12/2020,07/2022,07/2024,09/2025,2177.54,2062.74,1004.28,62.99,136,2026-03-31,https://ipm.mospi.gov.in/Content/PDF/FlashReport_March_2026.pdf,0,-5.2720,1,14,63,43,-20,46.1199,2026-03,2026-03-01,"Retrospective March 2026 snapshot; use revised cost/date only as outcome labels, not predictive features."
1576,Delhi-Amritsar-Katra Expressway Phase-I Pkg-XI from Junction with Jalandhar - Kapurthala road NH-703A near khojewal village to Junction with Amritsar-Mehta- SriHargobindpur-Tanda road NH-503A near SriHargobindpur Km 319400 to km 362420,National Highways Authority of India [NHAI],618491,N24001419,Punjab,03/2021,11/2022,11/2024,,2175.35,2206.71,941.19,43.45,136,2026-03-31,https://ipm.mospi.gov.in/Content/PDF/FlashReport_March_2026.pdf,1,1.4416,,,60,44,-16,43.2661,2026-03,2026-03-01,"Retrospective March 2026 snapshot; use revised cost/date only as outcome labels, not predictive features."
1577,Delhi-Amritsar-Katra Expressway Phase-I Pkg-XII from Junction with Amritsar-Mehta- SriHargobindpur-Tanda road NH-503A near SriHargobindpur to Junction with Pathankot-Gurdaspur road NH-54 near Gurdaspur Km 362420 to km 397700,National Highways Authority of India [NHAI],618492,N24001420,Punjab,03/2021,01/2024,12/2025,02/2027,1734.18,1538.47,470.92,27.05,136,2026-03-31,https://ipm.mospi.gov.in/Content/PDF/FlashReport_March_2026.pdf,0,-11.2854,1,14,60,57,-3,27.1552,2026-03,2026-03-01,"Retrospective March 2026 snapshot; use revised cost/date only as outcome labels, not predictive features."
1578,Delhi-Amritsar-Katra Expressway Phase-I Spur-I from Jn. with Kapurthala - Sultanpur Lodhi Road NH-703A near Isharwal village to Jn. with Kapurthala - Tarn Taran road NH-703AA near Goinwal Sahib [Km 24000 to Km 41000 of Amritsar connectivity],National Highways Authority of India [NHAI],618493,N24002102,Punjab,12/2021,04/2023,04/2026,03/2028,2165.23,1519.6,359.7,31.07,136,2026-03-31,https://ipm.mospi.gov.in/Content/PDF/FlashReport_March_2026.pdf,0,-29.8181,1,23,51,52,1,16.6126,2026-03,2026-03-01,"Retrospective March 2026 snapshot; use revised cost/date only as outcome labels, not predictive features."
1579,Greenfield connectivity from Govindsar village on Delhi Amritsar Katra Expressway to Talwara village on NH-44 Pathankot by-pass,National Highways Authority of India [NHAI],618551,-,Punjab,11/2024,07/2025,07/2027,07/2027,666.81,690.47,36.91,21.82,136,2026-03-31,https://ipm.mospi.gov.in/Content/PDF/FlashReport_March_2026.pdf,1,3.5482,0,0,16,32,16,5.5353,2026-03,2026-03-01,"Retrospective March 2026 snapshot; use revised cost/date only as outcome labels, not predictive features."
1580,Development of 6L Greenfield Jalandhar Bypass starting from Kahlwan NH-03 ending at Kang Sahbu NH-703 via Sarmastpur NH-44 - Madara NH-03 - Khajurla NH-44,National Highways Authority of India [NHAI],618552,N24001637,Punjab,03/2021,01/2023,01/2025,06/2027,1754.84,2167.39,797.54,42.98,136,2026-03-31,https://ipm.mospi.gov.in/Content/PDF/FlashReport_March_2026.pdf,1,23.5093,1,29,60,46,-14,45.4480,2026-03,2026-03-01,"Retrospective March 2026 snapshot; use revised cost/date only as outcome labels, not predictive features."
1581,6L of Jodhpur Romana Bathinda - Mandi Dabwali Punjab Haryana Border section of NH-54 from km. 0.000 to km. 27.400 of NH-54,National Highways Authority of India [NHAI],618610,N24002075,Punjab,05/2020,08/2023,08/2025,04/2026,789.26,1318.91,501.33,99.0,136,2026-03-31,https://ipm.mospi.gov.in/Content/PDF/FlashReport_March_2026.pdf,1,67.1072,1,8,70,63,-7,63.5190,2026-03,2026-03-01,"Retrospective March 2026 snapshot; use revised cost/date only as outcome labels, not predictive features."
1582,6L Amritsar-Bathinda Greenfield section from village Tiba on NE-5A to Jn. with Moga Jalandhar road NH-703 near Dharamkot from km 0.000 to km 39.000 of NH-754A Pkg-1,National Highways Authority of India [NHAI],618617,N24001640,Punjab,03/2021,11/2022,11/2024,06/2027,1229.38,1549.32,771.63,69.5,136,2026-03-31,https://ipm.mospi.gov.in/Content/PDF/FlashReport_March_2026.pdf,1,26.0245,1,31,60,44,-16,62.7658,2026-03,2026-03-01,"Retrospective March 2026 snapshot; use revised cost/date only as outcome labels, not predictive features."
1583,6L Amritsar-Bathinda Greenfield section from Jn. with Bhagta Bhai Ka-Bhadaur Road near Dyalpura Bhai Ka to Jn. with Mandi Dabwali Bathinda Road on NH-54 near Sangat Kalan from km 93.000 to km 154.866 of NH-754A Pkg-3,National Highways Authority of India [NHAI],618618,N24002076,Punjab,03/2021,06/2024,06/2026,06/2026,2029.17,2677.23,509.27,70.0,136,2026-03-31,https://ipm.mospi.gov.in/Content/PDF/FlashReport_March_2026.pdf,1,31.9372,0,0,60,63,3,25.0975,2026-03,2026-03-01,"Retrospective March 2026 snapshot; use revised cost/date only as outcome labels, not predictive features."
1584,6L Access Controlled Ludhiana-Bathinda Greenfield highway from Jn. with Amritsar- Bathanda Greenfield Road NH-754A near Rampura Phul to Jn. with Moga-Barnala Road NH-703 near village Tallewal from Km 0.0 to Km 30.3 of NH-754AD Pkg-1,National Highways Authority of India [NHAI],618647,N24002091,Punjab,06/2021,09/2023,09/2025,07/2026,906.51,1020.52,445.16,81.5,136,2026-03-31,https://ipm.mospi.gov.in/Content/PDF/FlashReport_March_2026.pdf,1,12.5768,1,10,57,51,-6,49.1070,2026-03,2026-03-01,"Retrospective March 2026 snapshot; use revised cost/date only as outcome labels, not predictive features."
1585,Moga - Bagha Purana - Bajakhana from km. 0.00 to km. 43.32,National Highways Authority of India [NHAI],618764,N24001639,Punjab,05/2020,12/2022,12/2024,05/2026,1032.59,1264.17,658.21,76.0,136,2026-03-31,https://ipm.mospi.gov.in/Content/PDF/FlashReport_March_2026.pdf,1,22.4271,1,17,70,55,-15,63.7436,2026-03,2026-03-01,"Retrospective March 2026 snapshot; use revised cost/date only as outcome labels, not predictive features."
1587,ManewalLudhiana to Jn. with NH-205 near Bheora Village Rupnagar from Km 66.0 to Km 91.0 i/c spur to Kharar from Km 0.0 to Km 19.5 with Ludhiana bypass of NH-205K Pkg-3,National Highways Authority of India [NHAI],618785,,Punjab,07/2021,02/2023,02/2025,05/2026,1501.02,1815.13,992.79,77.8,137,2026-03-31,https://ipm.mospi.gov.in/Content/PDF/FlashReport_March_2026.pdf,1,20.9264,1,15,56,43,-13,66.1410,2026-03,2026-03-01,"Retrospective March 2026 snapshot; use revised cost/date only as outcome labels, not predictive features."
1588,(N24001630) 4L of Phagwara - Hoshiarpur,National Highways Authority of India [NHAI],618786,-,Punjab,11/2022,03/2025,03/2027,03/2027,1196.38,1503.79,159.94,12.27,137,2026-03-31,https://ipm.mospi.gov.in/Content/PDF/FlashReport_March_2026.pdf,1,25.6950,0,0,40,52,12,13.3687,2026-03,2026-03-01,"Retrospective March 2026 snapshot; use revised cost/date only as outcome labels, not predictive features."
1589,4L of Fazilka to Abohar section of NH-07 including construction of Greenfield Abohar & Fazilka Bypasses,National Highways Authority of India [NHAI],618793,-,Punjab,03/2023,04/2024,04/2026,04/2026,1409.88,1674.04,506.87,60.0,137,2026-03-31,https://ipm.mospi.gov.in/Content/PDF/FlashReport_March_2026.pdf,1,18.7363,0,0,36,37,1,35.9513,2026-03,2026-03-01,"Retrospective March 2026 snapshot; use revised cost/date only as outcome labels, not predictive features."
1590,Amritsarairport Junction - Ramdas from km. 100.835 to km. 139.813 Pkg - IV,National Highways Authority of India [NHAI],618794,N24001644,Punjab,12/2020,03/2022,09/2023,05/2026,524.88,416.58,380.9,95.0,137,2026-03-31,https://ipm.mospi.gov.in/Content/PDF/FlashReport_March_2026.pdf,0,-20.6333,1,32,63,33,-30,72.5690,2026-03,2026-03-01,"Retrospective March 2026 snapshot; use revised cost/date only as outcome labels, not predictive features."
1591,Amritsar Bypass Pkg III from km. 71.496 to km. 105.158,National Highways Authority of India [NHAI],618795,N24001642,Punjab,02/2021,08/2022,08/2024,07/2026,1474.77,1228.42,864.5,85.0,137,2026-03-31,https://ipm.mospi.gov.in/Content/PDF/FlashReport_March_2026.pdf,0,-16.7043,1,23,61,42,-19,58.6193,2026-03,2026-03-01,"Retrospective March 2026 snapshot; use revised cost/date only as outcome labels, not predictive features."
1592,4L of Beas-Mehta-Batala-Dera Baba Nanak from intersection with Jalandhar-Amritsar Highway NH-3 near Beas till start of Batala Bypass near Village Acchhal from Km. 0.000 to Km. 31.300 Pkg-1,National Highways Authority of India [NHAI],618809,N24002101,Punjab,08/2021,06/2023,06/2025,12/2026,809.51,966.99,498.68,65.2,137,2026-03-31,https://ipm.mospi.gov.in/Content/PDF/FlashReport_March_2026.pdf,1,19.4537,1,18,55,46,-9,61.6027,2026-03,2026-03-01,"Retrospective March 2026 snapshot; use revised cost/date only as outcome labels, not predictive features."
1593,4L of existing Beas Baba Bakala - Dera Baba Nanak Section from start of Batala Bypass till intersection with Ajnala Gurdaspur Highway NH 354 near Dera Baba Nanak from Km. 31.300 to Km. 69.100 with Additional batala Bypass Pkg-II,National Highways Authority of India [NHAI],618810,N24002100,Punjab,10/2021,06/2023,06/2025,11/2026,1003.38,993.6,586.56,78.93,137,2026-03-31,https://ipm.mospi.gov.in/Content/PDF/FlashReport_March_2026.pdf,0,-0.9747,1,17,53,44,-9,58.4584,2026-03,2026-03-01,"Retrospective March 2026 snapshot; use revised cost/date only as outcome labels, not predictive features."
1594,4L of Amritsar-Ghoman - Tanda - Una Section from Km 8.270 to Km 54.000 of NH- 503A Package-I,National Highways Authority of India [NHAI],618906,N24001643,Punjab,12/2020,06/2022,06/2024,06/2026,857.91,1443.47,468.69,64.12,137,2026-03-31,https://ipm.mospi.gov.in/Content/PDF/FlashReport_March_2026.pdf,1,68.2542,1,24,63,42,-21,54.6316,2026-03,2026-03-01,"Retrospective March 2026 snapshot; use revised cost/date only as outcome labels, not predictive features."
1595,6L Amritsar-Bathinda Greenfield section from Jn. with Moga Jalandhar road NH-703 near Dharamkot to Jn. with Bhagta Bhai Ka-Bhadaur Road near Dyalpura Bhai Ka from km 39.000 to km 93.000 of NH-754A Pkg-2,National Highways Authority of India [NHAI],619099,-,Punjab,03/2021,06/2024,06/2026,12/2026,1801.37,2172.71,580.27,64.12,137,2026-03-31,https://ipm.mospi.gov.in/Content/PDF/FlashReport_March_2026.pdf,1,20.6143,1,6,60,63,3,32.2127,2026-03,2026-03-01,"Retrospective March 2026 snapshot; use revised cost/date only as outcome labels, not predictive features."
1596,6L Access Controlled Ludhiana-Bathinda Greenfield highway from Jn. with Moga- Barnala Road NH-703 near village Tallewal to Jn. with Delhi-Katra Expressway NE-5 near Ludhiana village Ballowal from Km 30.300 to Km 75.543 of NH-754AD Pkg-2,National Highways Authority of India [NHAI],619105,-,Punjab,07/2021,09/2025,09/2027,09/2027,1555.13,1564.66,138.54,20.03,137,2026-03-31,https://ipm.mospi.gov.in/Content/PDF/FlashReport_March_2026.pdf,1,0.6128,0,0,56,74,18,8.9086,2026-03,2026-03-01,"Retrospective March 2026 snapshot; use revised cost/date only as outcome labels, not predictive features."
1597,Delhi-Amritsar-Katra Expressway Phase-I Spur-III from Junction with Amritsar- Jalandhar road NH-3 near Bhishambarpura to Junction with Amritsar-Anjala road NH- 354 near Amritsar Airport [Km 71000 to Km 99000 of Amritsar connectivity],National Highways Authority of India [NHAI],619200,-,Punjab,03/2021,11/2022,10/2024,06/2027,1641.75,1951.7,983.87,31.34,137,2026-03-31,https://ipm.mospi.gov.in/Content/PDF/FlashReport_March_2026.pdf,1,18.8792,1,32,60,43,-17,59.9281,2026-03,2026-03-01,"Retrospective March 2026 snapshot; use revised cost/date only as outcome labels, not predictive features."
1598,Beawer Gomti 4LPS from km 58.245 to km 108.600 Pkg-I,MoRTH,617887,N24001411,Rajasthan,12/2020,10/2021,10/2023,12/2025,379.23,379.23,179.11,99.0,137,2026-03-31,https://ipm.mospi.gov.in/Content/PDF/FlashReport_March_2026.pdf,0,0.0000,1,26,63,34,-29,47.2299,2026-03,2026-03-01,"Retrospective March 2026 snapshot; use revised cost/date only as outcome labels, not predictive features."
1599,"Construction of Two lane with Paved Shoulder for Fatehpur Bypass Design Km 0.000 to Km 7.400 , Mandawa Bypass Design Km 20.925 to Km 27.300 & Jhunjhunu Bypass Design Km 41.625 to Km 54.689 of NH-11 on EPC Mode in the state of Rajasthan .",MoRTH,617891,N24001866,Rajasthan,03/2022,02/2023,08/2024,08/2025,186.29,186.29,66.7,100.0,137,2026-03-31,https://ipm.mospi.gov.in/Content/PDF/FlashReport_March_2026.pdf,0,0.0000,1,12,48,29,-19,35.8044,2026-03,2026-03-01,"Retrospective March 2026 snapshot; use revised cost/date only as outcome labels, not predictive features."
1600,Upgradation to Two Lane Paved Shoulder in km 33/0 to 126/520 of NH-23 Old NH- 11B Kothun-Lalsot-Karoli-Dholpur road in the state of Rajasthan under EPC mode Length-93.52 Km.,MoRTH,617900,N24001530,Rajasthan,12/2021,09/2022,09/2024,09/2025,150.11,150.11,12.2,97.0,137,2026-03-31,https://ipm.mospi.gov.in/Content/PDF/FlashReport_March_2026.pdf,0,0.0000,1,12,51,33,-18,8.1274,2026-03,2026-03-01,"Retrospective March 2026 snapshot; use revised cost/date only as outcome labels, not predictive features."
1601,Widening of Pachpadra-Bagundi Section to 4 Lane from Km 73/60 to 95/70 of NH-25 on EPC mode in the state of Rajasthan.,MoRTH,617901,N24001528,Rajasthan,01/2022,12/2022,12/2024,03/2026,194.88,194.88,48.47,98.58,137,2026-03-31,https://ipm.mospi.gov.in/Content/PDF/FlashReport_March_2026.pdf,0,0.0000,1,15,50,35,-15,24.8717,2026-03,2026-03-01,"Retrospective March 2026 snapshot; use revised cost/date only as outcome labels, not predictive features."
1602,sections of NH-325 Balotra to sanderao via Jalore to 2 lane with paved shoulder configuration by Construction of Byasses for town portions1 Asotra- Brahmdham bypass 2Siwana Bypass 3 Mokalsar Bypass 4 Major realignment at Kathadi 5 Major realignment at Bishangarh 6 Jalore Bypass 7 Ahore Town portion 8 Dujana Bypass in the state of Rajasthan on EPC Mode,MoRTH,618011,,Rajasthan,12/2021,05/2022,05/2024,05/2026,411.44,411.44,66.63,87.6,137,2026-03-31,https://ipm.mospi.gov.in/Content/PDF/FlashReport_March_2026.pdf,0,0.0000,1,24,51,29,-22,16.1943,2026-03,2026-03-01,"Retrospective March 2026 snapshot; use revised cost/date only as outcome labels, not predictive features."
1603,(N24001527) Upgradation to Two-lane with paved shoulder of Hanumangarh to Kenchiyan section from Km 0.000existing chainage-Km 23.200 to Km 49.605existing chainage-Km 74.645 of NH-54 in the State of Rajasthan on EPC mode.,MoRTH,618069,,Rajasthan,03/2022,10/2024,10/2026,10/2026,334.64,334.64,0.0,68.0,137,2026-03-31,https://ipm.mospi.gov.in/Content/PDF/FlashReport_March_2026.pdf,0,0.0000,0,0,48,55,7,0.0000,2026-03,2026-03-01,"Retrospective March 2026 snapshot; use revised cost/date only as outcome labels, not predictive features."
1604,Km 88.800 existing km 55.95 to Bhatewar at Design Km 142.028 existing km 0.00 of NH-162E in the State of Rajasthan on EPC mode.,MoRTH,618092,N24002168,Rajasthan,02/2023,10/2024,10/2026,10/2026,606.61,606.61,0.0,48.79,138,2026-03-31,https://ipm.mospi.gov.in/Content/PDF/FlashReport_March_2026.pdf,0,0.0000,0,0,37,44,7,0.0000,2026-03,2026-03-01,"Retrospective March 2026 snapshot; use revised cost/date only as outcome labels, not predictive features."
1605,Up-gradation to 2 lane with Paved shoulder from Charbhuja at Design km 0.00 existing km 150.00 to Neechli Oden Nathdwara at Design ch. Km 88.800 existing km 55.950 of NH-162E on EPC mode.,MoRTH,618093,N24001927,Rajasthan,02/2022,09/2023,09/2025,,838.43,838.43,55.04,0.0,138,2026-03-31,https://ipm.mospi.gov.in/Content/PDF/FlashReport_March_2026.pdf,0,0.0000,,,49,43,-6,6.5647,2026-03,2026-03-01,"Retrospective March 2026 snapshot; use revised cost/date only as outcome labels, not predictive features."
1606,Upgradation to 2-Lane with Paved Shoulder from Design Km 36300 to Design Chainage 47918 and from Design Ch 69900 to Design Ch 83940 of NH-248A Natni Ka Bara in the State of Rajasthan on EPC Mode.,MoRTH,618117,-,Rajasthan,02/2024,11/2024,05/2026,05/2026,154.89,154.89,11.56,23.0,138,2026-03-31,https://ipm.mospi.gov.in/Content/PDF/FlashReport_March_2026.pdf,0,0.0000,0,0,25,27,2,7.4634,2026-03,2026-03-01,"Retrospective March 2026 snapshot; use revised cost/date only as outcome labels, not predictive features."
1607,Upgradation of two lane paved shoulder from Shahpura existing km. 0.00 Design Ch. 000 to Thanagazi existing Km.37352 Design Ch. 36810 of NH-248A on EPC mode in the State of Rajasthan.,MoRTH,618118,N24001867,Rajasthan,03/2022,02/2023,07/2024,07/2025,174.34,174.34,63.55,100.0,138,2026-03-31,https://ipm.mospi.gov.in/Content/PDF/FlashReport_March_2026.pdf,0,0.0000,1,12,48,28,-20,36.4518,2026-03,2026-03-01,"Retrospective March 2026 snapshot; use revised cost/date only as outcome labels, not predictive features."
1608,Construction of 2 lane with Paved Shoulder for Northern Bypass Phase-II of Kota city in the State of Rajasthan.,MoRTH,618200,N24001928,Rajasthan,03/2022,10/2023,04/2025,02/2027,317.74,317.74,6.06,36.87,138,2026-03-31,https://ipm.mospi.gov.in/Content/PDF/FlashReport_March_2026.pdf,0,0.0000,1,22,48,37,-11,1.9072,2026-03,2026-03-01,"Retrospective March 2026 snapshot; use revised cost/date only as outcome labels, not predictive features."
1609,Balance work of Rehabilitation and Up-gradation to 4-Lane configuration of Ras- Beawar Section Km 00.000 to km 30.050 of NH-158 in the State of Rajasthan under Green National Highway Corridor Project GNHCP.,MoRTH,618235,-,Rajasthan,01/2025,06/2025,12/2026,12/2026,278.1,278.1,28.44,37.16,138,2026-03-31,https://ipm.mospi.gov.in/Content/PDF/FlashReport_March_2026.pdf,0,0.0000,0,0,14,23,9,10.2265,2026-03,2026-03-01,"Retrospective March 2026 snapshot; use revised cost/date only as outcome labels, not predictive features."
1610,Delhi-Vadodara Greenfield Alignment NH-148N Pkg-14 Ch. 388.420 to Ch. 419.000 [Junction with NH- 76 to Junction with NH-12 near village Ummedpura],National Highways Authority of India [NHAI],618456,N24001568,Rajasthan,11/2019,05/2021,05/2023,03/2025,1119.35,1194.17,975.7,99.8,138,2026-03-31,https://ipm.mospi.gov.in/Content/PDF/FlashReport_March_2026.pdf,1,6.6842,1,22,76,42,-34,87.1667,2026-03,2026-03-01,"Retrospective March 2026 snapshot; use revised cost/date only as outcome labels, not predictive features."
1611,Delhi-Vadodara Greenfield Alignment NH-148N Pkg-10 Ch. 292.950 to Ch. 319.400 [End of Interchange on NH-166 near village Mui to Hardeoganj village near Indergarh],National Highways Authority of India [NHAI],618457,N24001567,Rajasthan,11/2019,05/2021,05/2023,06/2026,1272.97,1265.16,1086.63,95.15,138,2026-03-31,https://ipm.mospi.gov.in/Content/PDF/FlashReport_March_2026.pdf,0,-0.6135,1,37,76,42,-34,85.3618,2026-03,2026-03-01,"Retrospective March 2026 snapshot; use revised cost/date only as outcome labels, not predictive features."
1612,Delhi-Vadodara Greenfield Alignment NH-148N Pkg-15 Ch. 419.000 to Ch.427.300 [Junction with NH-12 near village Ummedpura to Major bridge over Takli river near Nayagaon Jageer village],National Highways Authority of India [NHAI],618458,N24001612,Rajasthan,07/2020,07/2021,01/2024,05/2026,1854.68,1854.68,1331.43,91.69,138,2026-03-31,https://ipm.mospi.gov.in/Content/PDF/FlashReport_March_2026.pdf,0,0.0000,1,28,68,42,-26,71.7876,2026-03,2026-03-01,"Retrospective March 2026 snapshot; use revised cost/date only as outcome labels, not predictive features."
1613,Sangariya near Chautala-Rasisar near Bikaner section of NH-754K Phase-I AJ/SR- Package-7,National Highways Authority of India [NHAI],618611,-,Rajasthan,02/2019,06/2021,06/2023,04/2026,520.63,548.42,425.94,100.0,138,2026-03-31,https://ipm.mospi.gov.in/Content/PDF/FlashReport_March_2026.pdf,1,5.3378,1,34,85,52,-33,81.8124,2026-03,2026-03-01,"Retrospective March 2026 snapshot; use revised cost/date only as outcome labels, not predictive features."
1614,Deogarh near Dhandhaniya-Rajasthan/Gujarat Border Phase-I AJ/DRGB-Package-6,National Highways Authority of India [NHAI],618612,N24001563,Rajasthan,10/2019,08/2021,08/2023,04/2026,846.59,740.62,671.43,100.0,138,2026-03-31,https://ipm.mospi.gov.in/Content/PDF/FlashReport_March_2026.pdf,0,-12.5173,1,32,77,46,-31,79.3099,2026-03,2026-03-01,"Retrospective March 2026 snapshot; use revised cost/date only as outcome labels, not predictive features."
1615,Deogarh near Dhandhaniya-Rajasthan/Gujarat Border Phase-I AJ/DRGB-Package-7,National Highways Authority of India [NHAI],618613,N24001564,Rajasthan,10/2019,07/2021,07/2023,04/2026,662.08,597.77,507.78,99.2,138,2026-03-31,https://ipm.mospi.gov.in/Content/PDF/FlashReport_March_2026.pdf,0,-9.7133,1,33,77,45,-32,76.6947,2026-03,2026-03-01,"Retrospective March 2026 snapshot; use revised cost/date only as outcome labels, not predictive features."
1616,6L access controlled Highway from Km 40080 to Km 86513 Mator to Barodameo Section,National Highways Authority of India [NHAI],618757,-,Rajasthan,09/2022,03/2024,03/2026,05/2026,2010.2,1565.88,664.82,37.24,138,2026-03-31,https://ipm.mospi.gov.in/Content/PDF/FlashReport_March_2026.pdf,0,-22.1033,1,2,42,42,0,33.0723,2026-03,2026-03-01,"Retrospective March 2026 snapshot; use revised cost/date only as outcome labels, not predictive features."
1617,6L accesscontrolled highway from km 0000 to km 40080 Paniyala to Mator Section of Paniyala-Barodameo ICR,National Highways Authority of India [NHAI],618758,-,Rajasthan,09/2022,09/2024,09/2026,09/2026,1764.86,1239.24,272.55,35.1,138,2026-03-31,https://ipm.mospi.gov.in/Content/PDF/FlashReport_March_2026.pdf,0,-29.7825,0,0,42,48,6,15.4432,2026-03,2026-03-01,"Retrospective March 2026 snapshot; use revised cost/date only as outcome labels, not predictive features."
1618,Tanot -Ramgarh-Bhadasar-Jaisalmer NH-68 and BhadasarMokal-Sarkaritala up to Pakisthan Border NH-968 Pkg-BM/5,National Highways Authority of India [NHAI],618796,N24000795,Rajasthan,02/2018,04/2019,04/2021,04/2026,828.58,830.37,405.13,100.0,138,2026-03-31,https://ipm.mospi.gov.in/Content/PDF/FlashReport_March_2026.pdf,1,0.2160,1,60,97,38,-59,48.8945,2026-03,2026-03-01,"Retrospective March 2026 snapshot; use revised cost/date only as outcome labels, not predictive features."
1619,Mayjilar Jaisalmer with Jaisalmer Bypass Link Road Section of NH-11 Part of BM-7 & Sundra Myajilar Ambsingh ki Dhani Road part of Munabao Tanot project NH-70,National Highways Authority of India [NHAI],618797,-,Rajasthan,03/2025,12/2025,12/2027,12/2027,1237.71,927.02,0.53,5.6,138,2026-03-31,https://ipm.mospi.gov.in/Content/PDF/FlashReport_March_2026.pdf,0,-25.1020,0,0,12,33,21,0.0428,2026-03,2026-03-01,"Retrospective March 2026 snapshot; use revised cost/date only as outcome labels, not predictive features."
1620,4L of Karwar Km. 281.980 of NH-62 Nagaur road to Dangiyavas of Jodhpur Ring Road Pkg-II,National Highways Authority of India [NHAI],618838,N24001558,Rajasthan,11/2021,08/2022,08/2024,04/2026,736.75,512.77,399.95,99.0,138,2026-03-31,https://ipm.mospi.gov.in/Content/PDF/FlashReport_March_2026.pdf,0,-30.4011,1,20,52,33,-19,54.2857,2026-03,2026-03-01,"Retrospective March 2026 snapshot; use revised cost/date only as outcome labels, not predictive features."
1621,Construction of Four lane Elevated Structure at Raniwada Circle in Sanchore City on NH-68,National Highways Authority of India [NHAI],618853,,Rajasthan,01/2024,07/2024,07/2026,07/2026,353.3,241.34,156.66,79.48,138,2026-03-31,https://ipm.mospi.gov.in/Content/PDF/FlashReport_March_2026.pdf,0,-31.6898,0,0,26,30,4,44.3419,2026-03,2026-03-01,"Retrospective March 2026 snapshot; use revised cost/date only as outcome labels, not predictive features."
1622,Jaipur,National Highways Authority of India [NHAI],619063,N24001557,Rajasthan,03/2022,11/2022,11/2024,04/2026,1636.15,2170.39,1204.89,100.0,139,2026-03-31,https://ipm.mospi.gov.in/Content/PDF/FlashReport_March_2026.pdf,1,32.6523,1,17,48,32,-16,73.6418,2026-03,2026-03-01,"Retrospective March 2026 snapshot; use revised cost/date only as outcome labels, not predictive features."
1623,Construction of two lane with paved shoulder of Ghatol Bypass from km 133.250 to km 140.950 of NH-56 old NH No. 113 on EPC mode in the State of Rajasthan.,MoRTH,619251,-,Rajasthan,03/2025,03/2026,09/2027,,170.49,170.49,0.0,0.0,139,2026-03-31,https://ipm.mospi.gov.in/Content/PDF/FlashReport_March_2026.pdf,0,0.0000,,,12,30,18,0.0000,2026-03,2026-03-01,"Retrospective March 2026 snapshot; use revised cost/date only as outcome labels, not predictive features."
1624,Construction of two lane with paved shoulder Gangtok Bypass Road from Ranipool to Burtuk Ch 0.00 Km to 23.316 L23.316 Km in the State of Sikkim,MoRTH,618071,N24001442,Sikkim,10/2021,05/2022,05/2024,06/2026,385.15,342.89,0.0,90.0,139,2026-03-31,https://ipm.mospi.gov.in/Content/PDF/FlashReport_March_2026.pdf,0,-10.9723,1,25,53,31,-22,0.0000,2026-03,2026-03-01,"Retrospective March 2026 snapshot; use revised cost/date only as outcome labels, not predictive features."
1625,Construction/Up gradation of Existing road to 2 Lane with Paved Shoulder including Geometric Improvement from Ranipool to Pakyong Balance work from Km 2.000 to 16.167 of NH-717-A on EPC basis under SARDP-NE Phase A in the State of Sikkim,NHIDCL,618426,-,Sikkim,03/2018,01/2023,07/2024,04/2026,264.84,380.94,0.0,85.15,139,2026-03-31,https://ipm.mospi.gov.in/Content/PDF/FlashReport_March_2026.pdf,1,43.8378,1,21,96,76,-20,0.0000,2026-03,2026-03-01,"Retrospective March 2026 snapshot; use revised cost/date only as outcome labels, not predictive features."
1626,Realignment of NH-717A from Design Ch.0.00 Km 77.800 of NH-10 to Design Ch.2.00 Km 3.100 of NH-717A with two lane paved shoulder including Major Bridge of 680 m in the State of Sikkim on EPC Mode-COS work,NHIDCL,618428,-,Sikkim,01/2021,04/2021,04/2023,04/2026,264.84,380.94,61.11,97.57,139,2026-03-31,https://ipm.mospi.gov.in/Content/PDF/FlashReport_March_2026.pdf,1,43.8378,1,36,62,27,-35,23.0743,2026-03,2026-03-01,"Retrospective March 2026 snapshot; use revised cost/date only as outcome labels, not predictive features."
1627,Construction & Upgradation of existing road to 2-lane with paved shoulder from New Rolep Bridge at km 37.600 to Chochenpheri at km 52.00 in the section of Rongli to Chochenpheri of NH 717B Pkg-II C,NHIDCL,618446,N24001337,Sikkim,10/2020,05/2021,05/2024,06/2026,493.42,478.79,0.0,77.07,139,2026-03-31,https://ipm.mospi.gov.in/Content/PDF/FlashReport_March_2026.pdf,0,-2.9650,1,25,65,43,-22,0.0000,2026-03,2026-03-01,"Retrospective March 2026 snapshot; use revised cost/date only as outcome labels, not predictive features."
1628,Construction of 2-Laning with Paved Shoulder of New Greenfield Alignment From Helipad near Menla at Km 82000 to Menla at Km 94030 of Rhenock-Menla Spur NH- 717B Package-IIIB on EPC Basis under SARDP-NE Phase 'A' in the State of Sikkim.,NHIDCL,618447,N24001362,Sikkim,01/2021,02/2021,02/2024,05/2026,410.6,379.3,0.0,81.83,139,2026-03-31,https://ipm.mospi.gov.in/Content/PDF/FlashReport_March_2026.pdf,0,-7.6230,1,27,62,37,-25,0.0000,2026-03,2026-03-01,"Retrospective March 2026 snapshot; use revised cost/date only as outcome labels, not predictive features."
1629,Construction of 2-Laning with Paved Shoulder of New Greenfield Alignment From Chochenpheri at Km 52000 to Helipad near Menla at Km 82000 of Rhenock-Menla Spur NH-717B Package-IIIA on EPC Basis under SARDP-NE Phase 'A' in the State of Sikkim.,NHIDCL,618448,N24001338,Sikkim,10/2020,12/2020,12/2023,10/2026,816.79,786.6,32.28,60.88,139,2026-03-31,https://ipm.mospi.gov.in/Content/PDF/FlashReport_March_2026.pdf,0,-3.6962,1,34,65,38,-27,3.9521,2026-03,2026-03-01,"Retrospective March 2026 snapshot; use revised cost/date only as outcome labels, not predictive features."
1630,Construction & Upgradation of existing road to 2-lane with paved shoulder from km27.200 End of Rongli bypass to km37.600New Rolep Bridge of Rhenok-Menla spur NH-717B on EPC Mode under SARDP-NE Phase-A in Sikkim Pkg-II B,NHIDCL,618449,N24001336,Sikkim,07/2020,10/2020,04/2023,06/2026,230.45,244.91,0.0,80.46,139,2026-03-31,https://ipm.mospi.gov.in/Content/PDF/FlashReport_March_2026.pdf,1,6.2747,1,38,68,33,-35,0.0000,2026-03,2026-03-01,"Retrospective March 2026 snapshot; use revised cost/date only as outcome labels, not predictive features."
1631,Rehabilitation & Upgradation of existing road to 2-lane with paved shoulder including geometric improvement of section from start of Rabangla km33.600 to km58.840 under SARDP-NE Phase A Pkg- IV,NHIDCL,618450,N24001327,Sikkim,07/2020,10/2020,05/2022,06/2026,292.8,292.8,1.91,65.1,139,2026-03-31,https://ipm.mospi.gov.in/Content/PDF/FlashReport_March_2026.pdf,0,0.0000,1,49,68,22,-46,0.6523,2026-03,2026-03-01,"Retrospective March 2026 snapshot; use revised cost/date only as outcome labels, not predictive features."
1632,"Construction of Bypass to Madurai Achambathu Viratipathu in between km 6/850 10/382 of NH 49 Extn New NH 85 including Land Acquisition on Engineering, Procurement & Construction EPC basis Contract under NH O Annual Plan 2021-22 in the state of Tamil Nadu job No.NH-49 Extn New NH 85 - TN-2021-22-997",MoRTH,617962,N24002165,Tamil Nadu,03/2022,09/2024,08/2026,08/2026,238.97,260.07,119.33,92.0,139,2026-03-31,https://ipm.mospi.gov.in/Content/PDF/FlashReport_March_2026.pdf,1,8.8296,0,0,48,53,5,49.9351,2026-03,2026-03-01,"Retrospective March 2026 snapshot; use revised cost/date only as outcome labels, not predictive features."
1633,Bangalore Chennai Expressway Phase-III Package II Walajahpet to Arakkonam from Km 180.000 to Km 204.500,National Highways Authority of India [NHAI],618478,N24001718,Tamil Nadu,01/2021,07/2022,07/2024,04/2026,1106.65,1106.65,538.86,93.04,139,2026-03-31,https://ipm.mospi.gov.in/Content/PDF/FlashReport_March_2026.pdf,0,0.0000,1,21,62,42,-20,48.6929,2026-03,2026-03-01,"Retrospective March 2026 snapshot; use revised cost/date only as outcome labels, not predictive features."
1634,Bangalore Chennai Expressway Phase-III Package III Arakkonam to Kancheepuram from Km 204.500 to Km 230.000,National Highways Authority of India [NHAI],618479,N24001717,Tamil Nadu,12/2020,08/2022,07/2024,03/2027,1525.1,1525.1,353.88,53.56,139,2026-03-31,https://ipm.mospi.gov.in/Content/PDF/FlashReport_March_2026.pdf,0,0.0000,1,32,63,43,-20,23.2037,2026-03,2026-03-01,"Retrospective March 2026 snapshot; use revised cost/date only as outcome labels, not predictive features."
1635,Construction of Trumpet Interchange Connecting Bangalore Chennai Expressway km.261705 to km. 262800 with Maduravoyal to Walajapet Section of NH 48 near Sriperumbudur Toll Plaza at km. 35700,National Highways Authority of India [NHAI],618480,-,Tamil Nadu,05/2023,02/2024,08/2025,07/2026,162.55,162.56,35.71,24.13,139,2026-03-31,https://ipm.mospi.gov.in/Content/PDF/FlashReport_March_2026.pdf,1,0.0062,1,11,34,27,-7,21.9686,2026-03,2026-03-01,"Retrospective March 2026 snapshot; use revised cost/date only as outcome labels, not predictive features."
1636,4L Bangalore-Chennai Expressway from Km. 230.000 to Km. 261.705 of Kanchepuram to Sriperumbudur Section Phase-III/Package-IV,National Highways Authority of India [NHAI],618481,N24001719,Tamil Nadu,02/2021,07/2022,07/2024,07/2026,3605.73,3605.73,883.27,83.45,139,2026-03-31,https://ipm.mospi.gov.in/Content/PDF/FlashReport_March_2026.pdf,0,0.0000,1,24,61,41,-20,24.4963,2026-03,2026-03-01,"Retrospective March 2026 snapshot; use revised cost/date only as outcome labels, not predictive features."
1637,Karaipettai to Walajapet from Km 71.015 to 107.091,National Highways Authority of India [NHAI],618521,N24001723,Tamil Nadu,08/2018,02/2019,02/2021,04/2026,766.51,766.51,427.32,93.55,139,2026-03-31,https://ipm.mospi.gov.in/Content/PDF/FlashReport_March_2026.pdf,0,0.0000,1,62,91,30,-61,55.7488,2026-03,2026-03-01,"Retrospective March 2026 snapshot; use revised cost/date only as outcome labels, not predictive features."
1638,Balance Works for six laning of Sriperumbudur to karaipettai section of NH-4 New NH- 48 from 37000 Existing Km 37000 to Km 71015 Existing Km 71000 in Tamilnadu on EPC mode underNHDP Phase-V,National Highways Authority of India [NHAI],,,Tamil Nadu,06/2024,01/2025,10/2026,10/2026,411.16,411.16,75.77,28.06,139,2026-03-31,https://ipm.mospi.gov.in/Content/PDF/FlashReport_March_2026.pdf,0,0.0000,0,0,21,28,7,18.4283,2026-03,2026-03-01,"Retrospective March 2026 snapshot; use revised cost/date only as outcome labels, not predictive features."
1639,Dharmapuri - Salem Section of NH-44,National Highways Authority of India [NHAI],618561,-,Tamil Nadu,03/2024,03/2025,03/2028,03/2028,904.99,731.09,137.39,34.48,140,2026-03-31,https://ipm.mospi.gov.in/Content/PDF/FlashReport_March_2026.pdf,0,-19.2157,0,0,24,48,24,15.1814,2026-03,2026-03-01,"Retrospective March 2026 snapshot; use revised cost/date only as outcome labels, not predictive features."
1640,Dindigul Bypass - Samyanallore from km. 373.275 to km. 426.00,National Highways Authority of India [NHAI],618562,-,Tamil Nadu,NA,07/2006,01/2009,,579.0,295.5,1.4,100.0,140,2026-03-31,https://ipm.mospi.gov.in/Content/PDF/FlashReport_March_2026.pdf,0,-48.9637,,,,,-206,0.2418,2026-03,2026-03-01,"Retrospective March 2026 snapshot; use revised cost/date only as outcome labels, not predictive features."
1641,4L of Madurai Ring Road Phase 1 [Vadipatti-Thamrapatti] from km 0.00 - km 29.960,National Highways Authority of India [NHAI],618563,N24001606,Tamil Nadu,12/2018,03/2020,03/2022,06/2026,900.05,900.05,607.63,95.85,140,2026-03-31,https://ipm.mospi.gov.in/Content/PDF/FlashReport_March_2026.pdf,0,0.0000,1,51,87,39,-48,67.5107,2026-03,2026-03-01,"Retrospective March 2026 snapshot; use revised cost/date only as outcome labels, not predictive features."
1642,4L of left-over works including additional structures from Kerala/Tamil Nadu border to Kanyakumari Section from Km 43.0 to Km 96.174 of NH66,National Highways Authority of India [NHAI],618608,N24002113,Tamil Nadu,11/2022,08/2023,08/2025,05/2026,1564.23,1263.42,880.69,75.19,140,2026-03-31,https://ipm.mospi.gov.in/Content/PDF/FlashReport_March_2026.pdf,0,-19.2305,1,9,40,33,-7,56.3018,2026-03,2026-03-01,"Retrospective March 2026 snapshot; use revised cost/date only as outcome labels, not predictive features."
1643,6L of Pondavakkam to Kannigaipair from km 96.040 to km 116.100 of NH 716B Pkg- IV,National Highways Authority of India [NHAI],618635,N24001818,Tamil Nadu,02/2021,01/2023,01/2025,09/2026,1359.81,1359.81,302.35,36.06,140,2026-03-31,https://ipm.mospi.gov.in/Content/PDF/FlashReport_March_2026.pdf,0,0.0000,1,20,61,47,-14,22.2347,2026-03,2026-03-01,"Retrospective March 2026 snapshot; use revised cost/date only as outcome labels, not predictive features."
1644,Trichy 135.800 to Karur 218.000 section of NH-67 - Trichy Bypass,National Highways Authority of India [NHAI],618743,-,Tamil Nadu,NA,07/2007,10/2024,,876.88,360.88,66.59,100.0,140,2026-03-31,https://ipm.mospi.gov.in/Content/PDF/FlashReport_March_2026.pdf,0,-58.8450,,,,,-17,7.5940,2026-03,2026-03-01,"Retrospective March 2026 snapshot; use revised cost/date only as outcome labels, not predictive features."
1645,4L of Thirumangalam to Vadugapatti section from km 0.000 to km 36.000 of NH-744,National Highways Authority of India [NHAI],618744,N24002084,Tamil Nadu,03/2022,02/2023,02/2025,05/2026,1076.97,791.6,673.36,94.9,140,2026-03-31,https://ipm.mospi.gov.in/Content/PDF/FlashReport_March_2026.pdf,0,-26.4975,1,15,48,35,-13,62.5236,2026-03,2026-03-01,"Retrospective March 2026 snapshot; use revised cost/date only as outcome labels, not predictive features."
1646,4L of Vadugapatti to Therkuvenganallur Rajapalyam section from km 36.000 to km 71.600 of NH-744,National Highways Authority of India [NHAI],618745,N24002114,Tamil Nadu,02/2022,04/2023,04/2025,04/2026,1317.6,1137.16,919.66,99.96,140,2026-03-31,https://ipm.mospi.gov.in/Content/PDF/FlashReport_March_2026.pdf,0,-13.6946,1,12,49,38,-11,69.7981,2026-03,2026-03-01,"Retrospective March 2026 snapshot; use revised cost/date only as outcome labels, not predictive features."
1647,Melur - Pilayarpatti - Karaikudi from km 99.920 of NH 38 to km 12.9 of NH 383 Ext.,National Highways Authority of India [NHAI],618756,N24001605,Tamil Nadu,12/2018,03/2020,03/2022,07/2026,1103.86,1085.41,669.32,91.72,140,2026-03-31,https://ipm.mospi.gov.in/Content/PDF/FlashReport_March_2026.pdf,0,-1.6714,1,52,87,39,-48,60.6345,2026-03,2026-03-01,"Retrospective March 2026 snapshot; use revised cost/date only as outcome labels, not predictive features."
1648,Tuticorin - Tirunelveli from km. 0.00 to km. 47.250,National Highways Authority of India [NHAI],618773,-,Tamil Nadu,NA,04/2010,04/2012,,449.85,452.48,1.17,100.0,140,2026-03-31,https://ipm.mospi.gov.in/Content/PDF/FlashReport_March_2026.pdf,1,0.5846,,,,,-167,0.2601,2026-03,2026-03-01,"Retrospective March 2026 snapshot; use revised cost/date only as outcome labels, not predictive features."
1649,Construction of New Double Tier 4L Elevated Corridor from Chennai Port to Maduravoyal in Chennai District from km -0.342 to Km 20.593 and Package II from Km 4.604 to Km 9.700,National Highways Authority of India [NHAI],618800,N24002109,Tamil Nadu,03/2023,11/2023,05/2026,11/2027,1616.97,1616.97,141.23,16.61,140,2026-03-31,https://ipm.mospi.gov.in/Content/PDF/FlashReport_March_2026.pdf,0,0.0000,1,18,36,38,2,8.7342,2026-03,2026-03-01,"Retrospective March 2026 snapshot; use revised cost/date only as outcome labels, not predictive features."
1650,Construction of New Double Tier 4-lane Elevated Corridor from Chennai Port to Maduravoyal in Chennai District from Km -0342 to Km 20223 Package 1 from Km - 0342 to Km 4604,National Highways Authority of India [NHAI],618801,N24002110,Tamil Nadu,03/2023,11/2023,05/2026,11/2027,1388.59,1388.59,150.68,20.6,140,2026-03-31,https://ipm.mospi.gov.in/Content/PDF/FlashReport_March_2026.pdf,0,0.0000,1,18,36,38,2,10.8513,2026-03,2026-03-01,"Retrospective March 2026 snapshot; use revised cost/date only as outcome labels, not predictive features."
1651,Poondiyankuppam Km.67.000 to Sattanathapuram Km.123.800,National Highways Authority of India [NHAI],618846,-,Tamil Nadu,03/2018,01/2022,01/2024,04/2026,2565.63,2319.35,1077.71,99.8,140,2026-03-31,https://ipm.mospi.gov.in/Content/PDF/FlashReport_March_2026.pdf,0,-9.5992,1,27,96,70,-26,42.0057,2026-03,2026-03-01,"Retrospective March 2026 snapshot; use revised cost/date only as outcome labels, not predictive features."
1652,Four Laning of Trichy - Dindigul from km. 333.00 to km. 421.273 of NH-45,National Highways Authority of India [NHAI],618874,-,Tamil Nadu,12/2006,01/2008,07/2010,04/2026,1003.11,435.81,8.36,100.0,140,2026-03-31,https://ipm.mospi.gov.in/Content/PDF/FlashReport_March_2026.pdf,0,-56.5541,1,189,231,43,-188,0.8334,2026-03,2026-03-01,"Retrospective March 2026 snapshot; use revised cost/date only as outcome labels, not predictive features."
1653,4L of Madathukulam - Pollachi from km. 74.38 to km. 116.95 of old NH-209 New NH- 83,National Highways Authority of India [NHAI],618894,N24001602,Tamil Nadu,01/2019,12/2020,12/2022,04/2026,1772.13,1772.13,461.42,91.84,140,2026-03-31,https://ipm.mospi.gov.in/Content/PDF/FlashReport_March_2026.pdf,0,0.0000,1,40,86,47,-39,26.0376,2026-03,2026-03-01,"Retrospective March 2026 snapshot; use revised cost/date only as outcome labels, not predictive features."
1654,Kamalapuram to Oddanchatram from km. 0.00 to km. 35.822,National Highways Authority of India [NHAI],618895,N24001601,Tamil Nadu,01/2019,01/2021,01/2023,05/2026,1319.42,1319.42,388.15,91.73,140,2026-03-31,https://ipm.mospi.gov.in/Content/PDF/FlashReport_March_2026.pdf,0,0.0000,1,40,86,48,-38,29.4182,2026-03,2026-03-01,"Retrospective March 2026 snapshot; use revised cost/date only as outcome labels, not predictive features."
1655,4L of Sethiyathope -Cholapuram section from Km. 65.960 to Km. 116.440 section of NH45 C Pkg-II,National Highways Authority of India [NHAI],618897,N24000708,Tamil Nadu,03/2017,08/2018,08/2020,04/2026,2356.19,2356.9,1011.39,100.0,140,2026-03-31,https://ipm.mospi.gov.in/Content/PDF/FlashReport_March_2026.pdf,1,0.0301,1,68,108,41,-67,42.9248,2026-03,2026-03-01,"Retrospective March 2026 snapshot; use revised cost/date only as outcome labels, not predictive features."
1656,Balance Works for Four laning of Vikravandi to Sethiyathope section from Km 0.0 to Km 65.96 of NH-45C in Tamil Nadu under NHDP Phase-IV on EPC mode,National Highways Authority of India [NHAI],618898,-,Tamil Nadu,01/2025,06/2025,06/2027,06/2027,1163.17,834.46,138.72,22.12,140,2026-03-31,https://ipm.mospi.gov.in/Content/PDF/FlashReport_March_2026.pdf,0,-28.2598,0,0,14,29,15,11.9260,2026-03,2026-03-01,"Retrospective March 2026 snapshot; use revised cost/date only as outcome labels, not predictive features."
1657,Kallagam km.38.700 to Meensurutti Km.98.433 of NH-227 in Tamil Nadu,National Highways Authority of India [NHAI],618899,-,Tamil Nadu,02/2018,04/2019,04/2021,04/2026,1499.12,1499.12,640.87,100.0,140,2026-03-31,https://ipm.mospi.gov.in/Content/PDF/FlashReport_March_2026.pdf,0,0.0000,1,60,97,38,-59,42.7497,2026-03,2026-03-01,"Retrospective March 2026 snapshot; use revised cost/date only as outcome labels, not predictive features."
1658,Salem - Ulundurpet section from km 0.313 to km 136.670 of NH-68,National Highways Authority of India [NHAI],618943,-,Tamil Nadu,12/2006,01/2008,01/2011,05/2026,861.23,1019.85,135.17,100.0,140,2026-03-31,https://ipm.mospi.gov.in/Content/PDF/FlashReport_March_2026.pdf,1,18.4178,1,184,231,49,-182,15.6950,2026-03,2026-03-01,"Retrospective March 2026 snapshot; use revised cost/date only as outcome labels, not predictive features."
1659,Construction of New Double Tier 4L Elevated Corridor from Chennai Port to Maduravoyal in Chennai District from km -0.342 to Km 20.593 and Package IV from Km 14.185 to Km 20.593,,,,,03/2023,,05/2026,,1205.4,,,,140,2026-03-31,https://ipm.mospi.gov.in/Content/PDF/FlashReport_March_2026.pdf,,,,,36,38,2,,2026-03,2026-03-01,"Retrospective March 2026 snapshot; use revised cost/date only as outcome labels, not predictive features."
1660,NHDP-V,National Highways Authority of India [NHAI],619074,-,Tamil Nadu,12/2009,06/2011,12/2013,06/2026,1673.17,781.74,266.14,99.99,141,2026-03-31,https://ipm.mospi.gov.in/Content/PDF/FlashReport_March_2026.pdf,0,-53.2779,1,150,195,48,-147,15.9063,2026-03,2026-03-01,"Retrospective March 2026 snapshot; use revised cost/date only as outcome labels, not predictive features."
1661,Thumbipadi-Namakkal from km. 180.00 to km. 248.625 Package No. NS-2/BOT/TN- 02,National Highways Authority of India [NHAI],619083,-,Tamil Nadu,06/2005,08/2006,02/2009,05/2026,255.53,395.43,205.97,100.0,141,2026-03-31,https://ipm.mospi.gov.in/Content/PDF/FlashReport_March_2026.pdf,1,54.7490,1,207,249,44,-205,80.6050,2026-03,2026-03-01,"Retrospective March 2026 snapshot; use revised cost/date only as outcome labels, not predictive features."
1662,Start of Karur Bypass - Dindigul from km. 292.600 to km. 305.600 Contract Package No. NS2/BOT/TN-4,National Highways Authority of India [NHAI],619084,-,Tamil Nadu,08/2005,10/2006,04/2009,04/2026,461.54,515.03,42.27,100.0,141,2026-03-31,https://ipm.mospi.gov.in/Content/PDF/FlashReport_March_2026.pdf,1,11.5895,1,204,247,44,-203,9.1585,2026-03,2026-03-01,"Retrospective March 2026 snapshot; use revised cost/date only as outcome labels, not predictive features."
1663,Chengapalli km 102.035 to Neelambur Km144.680 and Madukkarai Km 170.880 to Walayar K183.010 Package No. NS-2/BOT/TN-08,National Highways Authority of India [NHAI],619086,-,Tamil Nadu,10/2009,09/2010,03/2013,04/2026,852.0,285.55,5.01,100.0,141,2026-03-31,https://ipm.mospi.gov.in/Content/PDF/FlashReport_March_2026.pdf,0,-66.4847,1,157,197,41,-156,0.5880,2026-03,2026-03-01,"Retrospective March 2026 snapshot; use revised cost/date only as outcome labels, not predictive features."
1664,Thorapalli - Agraharam - Jittandahalli Section from km 23.350 to km 60.100 [Hosur to Dhamrapuri Pkg-2],National Highways Authority of India [NHAI],619094,N24001694,Tamil Nadu,02/2019,12/2021,12/2023,12/2026,1243.57,1272.11,589.41,82.56,141,2026-03-31,https://ipm.mospi.gov.in/Content/PDF/FlashReport_March_2026.pdf,1,2.2950,1,36,85,58,-27,47.3966,2026-03,2026-03-01,"Retrospective March 2026 snapshot; use revised cost/date only as outcome labels, not predictive features."
1665,Mahabalipuram - Pondicherry Pkg-I [Mamallapuram to Mugaiyur],National Highways Authority of India [NHAI],619129,N24001721,Tamil Nadu,02/2019,05/2022,05/2024,08/2026,1360.54,1477.94,552.9,58.65,141,2026-03-31,https://ipm.mospi.gov.in/Content/PDF/FlashReport_March_2026.pdf,1,8.6289,1,27,85,63,-22,40.6383,2026-03,2026-03-01,"Retrospective March 2026 snapshot; use revised cost/date only as outcome labels, not predictive features."
1666,Mahabalipuram - Pondicherry Pkg-II [Mugaiyur to Marakkanam],National Highways Authority of India [NHAI],619130,N24002111,Tamil Nadu,02/2019,12/2023,12/2025,08/2026,1116.13,1463.75,520.05,53.41,141,2026-03-31,https://ipm.mospi.gov.in/Content/PDF/FlashReport_March_2026.pdf,1,31.1451,1,8,85,82,-3,46.5940,2026-03,2026-03-01,"Retrospective March 2026 snapshot; use revised cost/date only as outcome labels, not predictive features."
1667,Four Laning of Chettikulam to Natham section of NH-785,National Highways Authority of India [NHAI],619131,N24000826,Tamil Nadu,03/2018,11/2018,11/2020,05/2026,837.61,823.93,168.75,99.75,141,2026-03-31,https://ipm.mospi.gov.in/Content/PDF/FlashReport_March_2026.pdf,0,-1.6332,1,66,96,32,-64,20.1466,2026-03,2026-03-01,"Retrospective March 2026 snapshot; use revised cost/date only as outcome labels, not predictive features."
1668,Construction of New Double Tier 4L Elevated Corridor from Chennai Port to Maduravoyal in Chennai District from km -0.342 to Km 20.593 and Package III from Km 9.700 to Km 14.185,National Highways Authority of India [NHAI],619139,-,Tamil Nadu,03/2023,11/2023,05/2026,11/2027,1299.36,1299.36,123.13,16.09,141,2026-03-31,https://ipm.mospi.gov.in/Content/PDF/FlashReport_March_2026.pdf,0,0.0000,1,18,36,38,2,9.4762,2026-03,2026-03-01,"Retrospective March 2026 snapshot; use revised cost/date only as outcome labels, not predictive features."
1669,Access Controlled Highway of 4 Lane with Paved Shoulders from Tiruvallur Design Chainage Km 1756 to TN/AP Broder Design Chainage Km 6151 of NH-716 Chennai- Tirupati Package-1,National Highways Authority of India [NHAI],619161,-,Tamil Nadu,03/2024,12/2024,12/2026,12/2026,1376.1,1247.7,133.95,33.86,141,2026-03-31,https://ipm.mospi.gov.in/Content/PDF/FlashReport_March_2026.pdf,0,-9.3307,0,0,24,33,9,9.7340,2026-03,2026-03-01,"Retrospective March 2026 snapshot; use revised cost/date only as outcome labels, not predictive features."
1670,"Balance works of four lane from km 43.950 Thiruvallur Bypass to km 61.470 Veppampattu Bypass passing through Thannerkulam, Thozur and Sevapet Bypass 17.520 kms of Tirupathi- Tiruttani- Chennai section of NH 205",National Highways Authority of India [NHAI],619222,-,Tamil Nadu,03/2022,09/2022,09/2024,04/2026,467.99,699.68,443.83,97.92,141,2026-03-31,https://ipm.mospi.gov.in/Content/PDF/FlashReport_March_2026.pdf,1,49.5075,1,19,48,30,-18,94.8375,2026-03,2026-03-01,"Retrospective March 2026 snapshot; use revised cost/date only as outcome labels, not predictive features."
1671,6-laning of km 9.900 to km 19/948 Aramgarh to Shamshabad Section of Hyderabad- Bangalore section of NH-44 Under NHO EPC basis in the state of Telangana,MoRTH,617913,N24000987,Telangana,01/2018,05/2018,05/2020,12/2025,283.15,300.7,480.38,92.62,141,2026-03-31,https://ipm.mospi.gov.in/Content/PDF/FlashReport_March_2026.pdf,1,6.1981,1,67,98,28,-70,169.6557,2026-03,2026-03-01,"Retrospective March 2026 snapshot; use revised cost/date only as outcome labels, not predictive features."
1672,Widening to two/four lane with paved shoulder from Km.180.600 to Km.223.000 of NH-63 on Nizamabad-Jagadalpur road on EPC mode under NHO in the state of Telangana.,MoRTH,617936,N24000981,Telangana,10/2016,03/2017,03/2019,,253.99,183.26,0.0,100.0,141,2026-03-31,https://ipm.mospi.gov.in/Content/PDF/FlashReport_March_2026.pdf,0,-27.8476,,,113,29,-84,0.0000,2026-03,2026-03-01,"Retrospective March 2026 snapshot; use revised cost/date only as outcome labels, not predictive features."
1673,6-Laning of Pune-Hyderabad Section of NH-65 from Km 493/0 to Km 524/0 from Sangareddy X Roads to Madinaguda in the State of Telangana,MoRTH,617939,-,Telangana,03/2023,07/2024,07/2026,07/2026,1297.75,1297.75,0.0,34.07,141,2026-03-31,https://ipm.mospi.gov.in/Content/PDF/FlashReport_March_2026.pdf,0,0.0000,0,0,36,40,4,0.0000,2026-03,2026-03-01,"Retrospective March 2026 snapshot; use revised cost/date only as outcome labels, not predictive features."
1674,"Rehabilitation and Upgradation of LB-Nagar to Malkapur section to 6-Lane main carriageway with service roads, drains cum footpath, including VUPs and widening of Minor bridge & road safety provisions from Km. 15/00 to Km 40/00 of NH-65 Old NH-9 under NH O for the year 2020-21 in the state of Telangana on EPC Mode.",MoRTH,617940,N24002004,Telangana,03/2021,07/2022,07/2024,06/2026,545.11,545.11,273.89,80.59,141,2026-03-31,https://ipm.mospi.gov.in/Content/PDF/FlashReport_March_2026.pdf,0,0.0000,1,23,60,40,-20,50.2449,2026-03,2026-03-01,"Retrospective March 2026 snapshot; use revised cost/date only as outcome labels, not predictive features."
1675,Construction of six lane elevated corridor from km 7.950 Uppal to km 14.200 of NH- 163 to De-Congest the urban limits of Hyderabad-Bhoopalapatnam section on EPC mode in the state of Telangana,MoRTH,617980,N24000994,Telangana,03/2018,07/2018,07/2020,10/2026,626.76,626.76,16.13,51.09,141,2026-03-31,https://ipm.mospi.gov.in/Content/PDF/FlashReport_March_2026.pdf,0,0.0000,1,75,96,28,-68,2.5736,2026-03,2026-03-01,"Retrospective March 2026 snapshot; use revised cost/date only as outcome labels, not predictive features."
1676,Widening to Two with Paved shoulders from Km 59.500 to Km 132.033 of Manneguda- Ravunapally section of NH-163 Erstwhile SH-4 in the State of Telangana on EPC mode under NH O Annual Plan 2016-17,MoRTH,617981,-,Telangana,03/2017,05/2017,05/2019,12/2025,359.0,359.0,0.0,99.92,141,2026-03-31,https://ipm.mospi.gov.in/Content/PDF/FlashReport_March_2026.pdf,0,0.0000,1,79,108,26,-82,0.0000,2026-03,2026-03-01,"Retrospective March 2026 snapshot; use revised cost/date only as outcome labels, not predictive features."
1677,Widening and strengthening of existing 2-lane to 2- lane with paved shoulders from km 159/0 to 165/4 and 186/0 to 215/0 of NH-163 on EPC mode int the state of Telangana,MoRTH,617982,,Telangana,01/2018,06/2018,11/2019,12/2020,230.03,230.03,0.0,0.0,141,2026-03-31,https://ipm.mospi.gov.in/Content/PDF/FlashReport_March_2026.pdf,0,0.0000,1,13,98,22,-76,0.0000,2026-03,2026-03-01,"Retrospective March 2026 snapshot; use revised cost/date only as outcome labels, not predictive features."
1678,159000 and Km 165400 to Km 186000 of NH-163 old NH-202 under NH O for the year 2020-21 on EPC Mode in the state of Telangana.,MoRTH,617983,N24001925,Telangana,03/2021,07/2022,07/2024,06/2026,317.19,300.56,175.26,86.0,142,2026-03-31,https://ipm.mospi.gov.in/Content/PDF/FlashReport_March_2026.pdf,0,-5.2429,1,23,60,40,-20,55.2539,2026-03,2026-03-01,"Retrospective March 2026 snapshot; use revised cost/date only as outcome labels, not predictive features."
1679,Rehabilitation & upgradation of NH - 167 from design km 187.723 to 234.434 Miryalaguda to Kodad section to two lane with paved shoulder on EPC mode in the state of Telangana,MoRTH,617992,N24001281,Telangana,03/2018,09/2018,09/2020,06/2026,322.81,322.81,148.48,98.14,142,2026-03-31,https://ipm.mospi.gov.in/Content/PDF/FlashReport_March_2026.pdf,0,0.0000,1,69,96,30,-66,45.9961,2026-03,2026-03-01,"Retrospective March 2026 snapshot; use revised cost/date only as outcome labels, not predictive features."
1680,Rehabilitation and upgradation of NH-167 from design km 157.707 to 187.723 design length 30.016 km to two lane with paved shoulders of Alinagar-Miryalaguda Sec on EPC mode in the state of Telangana,MoRTH,617993,-,Telangana,02/2018,05/2018,11/2019,06/2026,220.28,220.28,0.0,97.74,142,2026-03-31,https://ipm.mospi.gov.in/Content/PDF/FlashReport_March_2026.pdf,0,0.0000,1,79,97,21,-76,0.0000,2026-03,2026-03-01,"Retrospective March 2026 snapshot; use revised cost/date only as outcome labels, not predictive features."
1681,Rehabilitation and upgradation of NH-167 from design km 113.900 to 154.479 Mallepally Haliya section to two lane with paved shoulders on EPC mode in the stte of Telangana,MoRTH,617994,N24001263,Telangana,02/2018,06/2018,11/2019,12/2025,294.13,257.61,239.25,88.22,142,2026-03-31,https://ipm.mospi.gov.in/Content/PDF/FlashReport_March_2026.pdf,0,-12.4163,1,73,97,21,-76,81.3416,2026-03,2026-03-01,"Retrospective March 2026 snapshot; use revised cost/date only as outcome labels, not predictive features."
1682,Widening to Two Lane with Paved Shoulders from Km 67.000 to Km 114.425 of Kalwakurthy- Mallapally Section of NH 167 Erstwhile section of SH 18 in the State of Telangana on EPC mode under NH O Annual Plan 2016-17,MoRTH,617995,N24001323,Telangana,01/2017,05/2017,05/2019,12/2025,300.0,300.0,175.1,99.2,142,2026-03-31,https://ipm.mospi.gov.in/Content/PDF/FlashReport_March_2026.pdf,0,0.0000,1,79,110,28,-82,58.3667,2026-03,2026-03-01,"Retrospective March 2026 snapshot; use revised cost/date only as outcome labels, not predictive features."
1683,Widening to 2/4 Lane with paved shoulders from Km 182.120 to Km 227.600 of NH 167 on Haggari-Jadcherla Road on EPC mode under NHO in the state of Telangana,MoRTH,617996,N24002132,Telangana,10/2016,02/2017,02/2019,03/2026,298.0,298.0,234.7,95.6,142,2026-03-31,https://ipm.mospi.gov.in/Content/PDF/FlashReport_March_2026.pdf,0,0.0000,1,85,113,28,-85,78.7584,2026-03,2026-03-01,"Retrospective March 2026 snapshot; use revised cost/date only as outcome labels, not predictive features."
1684,"Construction of 4-lane flyover at Amberpet-X road, Hyderabad on NH-202 in the State of Telangana",MoRTH,618001,N24001416,Telangana,05/2018,06/2021,06/2023,02/2026,216.53,265.88,154.05,92.1,142,2026-03-31,https://ipm.mospi.gov.in/Content/PDF/FlashReport_March_2026.pdf,1,22.7913,1,32,94,61,-33,71.1449,2026-03,2026-03-01,"Retrospective March 2026 snapshot; use revised cost/date only as outcome labels, not predictive features."
1685,Rehabiitation and upgradation from km 121/000 to 154/000 Nakrekal to Mallampally section of NH-365 to 2 lane with paved shoulders in the state of Telangana in the EPC mode,MoRTH,618025,N24000997,Telangana,03/2018,06/2018,12/2019,05/2026,192.67,192.67,141.81,96.0,142,2026-03-31,https://ipm.mospi.gov.in/Content/PDF/FlashReport_March_2026.pdf,0,0.0000,1,77,96,21,-75,73.6025,2026-03,2026-03-01,"Retrospective March 2026 snapshot; use revised cost/date only as outcome labels, not predictive features."
1686,Rehabilitation and upgradation to two lane with paved shoulders from Km 0/000 to 72/6 of NH-365 Nakrekal to Tanamcherla section under NHDP IV in the state of Telangana under EPC mode,MoRTH,618026,N24000996,Telangana,06/2017,11/2017,10/2019,04/2026,605.08,605.08,585.2,99.9,142,2026-03-31,https://ipm.mospi.gov.in/Content/PDF/FlashReport_March_2026.pdf,0,0.0000,1,78,105,28,-77,96.7145,2026-03,2026-03-01,"Retrospective March 2026 snapshot; use revised cost/date only as outcome labels, not predictive features."
1687,Widening to two lane with paved shoulders from Km 0/000 to Km 45/946 of Nizampet- Narayankhed-bidar section of NH-161B in the state of Telangana under Annual Plan 2021-22 on EPC mode under NHO,MoRTH,618091,-,Telangana,03/2022,02/2024,02/2026,03/2027,512.98,512.98,117.6,41.1,142,2026-03-31,https://ipm.mospi.gov.in/Content/PDF/FlashReport_March_2026.pdf,0,0.0000,1,13,48,47,-1,22.9249,2026-03,2026-03-01,"Retrospective March 2026 snapshot; use revised cost/date only as outcome labels, not predictive features."
1688,Widening to two lane with paved shoulders from Km 0/000 to Km 79/300 of Kalwakurthy - Kollapur section of NH-167K in the state of Telangana under annual plan 2021-22 on EPC mode under NHO.,MoRTH,618104,N24002007,Telangana,03/2022,07/2023,07/2025,06/2026,886.69,886.69,573.13,78.36,142,2026-03-31,https://ipm.mospi.gov.in/Content/PDF/FlashReport_March_2026.pdf,0,0.0000,1,11,48,40,-8,64.6370,2026-03,2026-03-01,"Retrospective March 2026 snapshot; use revised cost/date only as outcome labels, not predictive features."
1689,Widening and strengthening to 4 lane / 2-lane with paved shoulders of Mahabubnagar - Chincholi section from km 60/255 to Km 102/834 of NH-167N in the State of Telangana on EPC mode.,MoRTH,618105,N24002010,Telangana,03/2022,10/2023,10/2025,11/2026,631.49,631.49,92.56,30.8,142,2026-03-31,https://ipm.mospi.gov.in/Content/PDF/FlashReport_March_2026.pdf,0,0.0000,1,13,48,43,-5,14.6574,2026-03,2026-03-01,"Retrospective March 2026 snapshot; use revised cost/date only as outcome labels, not predictive features."
1690,Widening and Strengthening to 2/4 lane with paved shoulders of Mahabubnagar Chincholi section from Km 0/0 to Km 60/255 of NH-167N in the state of Telangana under Annual plan 2021-22 on EPC modepackage-I under NHO Job No.167N-TS- 2021-22-75,MoRTH,618106,N24002009,Telangana,01/2022,01/2023,01/2025,03/2026,703.68,703.68,279.58,90.69,142,2026-03-31,https://ipm.mospi.gov.in/Content/PDF/FlashReport_March_2026.pdf,0,0.0000,1,14,50,36,-14,39.7311,2026-03,2026-03-01,"Retrospective March 2026 snapshot; use revised cost/date only as outcome labels, not predictive features."
1691,Widening to 2 lane with paved shoulders from 0.00 to 32.970 ofAdilabadto Bela section of NH 353B in the State of Telangana,MoRTH,618130,-,Telangana,10/2022,05/2024,05/2026,05/2026,490.92,490.92,0.0,73.6,142,2026-03-31,https://ipm.mospi.gov.in/Content/PDF/FlashReport_March_2026.pdf,0,0.0000,0,0,41,43,2,0.0000,2026-03,2026-03-01,"Retrospective March 2026 snapshot; use revised cost/date only as outcome labels, not predictive features."
1692,Widening & strengthening of existing carriageway in 2 lane with paved shoulders from km 25/0 to 59/2 design Ch km 25.467 to 59.200 of NH - 353C on EPC mode in the state of Telangana,MoRTH,618132,N24000989,Telangana,02/2018,06/2018,06/2020,,206.13,206.13,152.77,98.57,142,2026-03-31,https://ipm.mospi.gov.in/Content/PDF/FlashReport_March_2026.pdf,0,0.0000,,,97,28,-69,74.1134,2026-03,2026-03-01,"Retrospective March 2026 snapshot; use revised cost/date only as outcome labels, not predictive features."
1693,Widening to two/four lane with paved shoulders from Km.34.250 to Km.71.830 of NH- 365A on Kodad-Khammam-Kurvi road.,MoRTH,618140,-,Telangana,10/2022,02/2025,01/2027,01/2027,445.76,445.76,18.32,10.8,142,2026-03-31,https://ipm.mospi.gov.in/Content/PDF/FlashReport_March_2026.pdf,0,0.0000,0,0,41,51,10,4.1098,2026-03,2026-03-01,"Retrospective March 2026 snapshot; use revised cost/date only as outcome labels, not predictive features."
1695,Thirumanlagiri-- Suryapet Section of NH-365B earstwhile section of SH-16,MoRTH,618142,N24002025,Telangana,01/2017,05/2017,05/2019,09/2019,244.54,244.54,0.0,99.96,143,2026-03-31,https://ipm.mospi.gov.in/Content/PDF/FlashReport_March_2026.pdf,0,0.0000,1,4,110,28,-82,0.0000,2026-03,2026-03-01,"Retrospective March 2026 snapshot; use revised cost/date only as outcome labels, not predictive features."
1696,widening to two lane with Paved shoulders from Km.0/970 to Km.40/410 of Jangaon - Thirumal giriof NH- 365B in the state of Telanganaon EPC mode under NHO Annual Plan 2016-17,MoRTH,618143,N24000983,Telangana,03/2017,11/2017,10/2019,10/2019,197.0,197.0,0.0,92.74,143,2026-03-31,https://ipm.mospi.gov.in/Content/PDF/FlashReport_March_2026.pdf,0,0.0000,0,0,108,31,-77,0.0000,2026-03,2026-03-01,"Retrospective March 2026 snapshot; use revised cost/date only as outcome labels, not predictive features."
1697,Widening to Two lane with paved shoulders from 106/830 to 158/496 of Yellareddy- Rudrur Section of NH-765D in the state of Telangana on EPC mode under NHO under Annual plan 2022-23,MoRTH,618182,-,Telangana,10/2022,07/2024,07/2026,07/2026,499.88,499.88,187.35,62.85,143,2026-03-31,https://ipm.mospi.gov.in/Content/PDF/FlashReport_March_2026.pdf,0,0.0000,0,0,41,45,4,37.4790,2026-03,2026-03-01,"Retrospective March 2026 snapshot; use revised cost/date only as outcome labels, not predictive features."
1698,Widening to 2 lane with paved shoulders from Km 62/920 to km 106/830 of Medak - Yellareddy section in the State of Telangana under Annual Plan 2022-23 on EPC mode under NHO,MoRTH,618183,-,Telangana,10/2022,08/2024,08/2026,08/2026,399.01,399.01,0.0,63.98,143,2026-03-31,https://ipm.mospi.gov.in/Content/PDF/FlashReport_March_2026.pdf,0,0.0000,0,0,41,46,5,0.0000,2026-03,2026-03-01,"Retrospective March 2026 snapshot; use revised cost/date only as outcome labels, not predictive features."
1699,"Rehabilitation and Up-gradation of Valigonda to Thorrur Section to Two Lane with Paved Shoulders from Km 39.180 to Km 108.300 of NH-930P in the State of Telangana on Engineering, Procurement and Construction EPC Basis",MoRTH,618186,N24002003,Telangana,01/2022,12/2022,12/2024,04/2026,549.28,549.28,296.89,82.15,143,2026-03-31,https://ipm.mospi.gov.in/Content/PDF/FlashReport_March_2026.pdf,0,0.0000,1,16,50,35,-15,54.0508,2026-03,2026-03-01,"Retrospective March 2026 snapshot; use revised cost/date only as outcome labels, not predictive features."
1700,Widening to two lane with paved shoulders of 'Bodhan Basar Bhainsa ' section from Km 38/900 to 95/300 of NH-161BB in the state of Telangana under Annual Plan 2021- 22 on EPC Mode under NH O.,MoRTH,618190,N24002005,Telangana,03/2022,03/2023,03/2025,04/2026,644.45,644.45,349.38,98.6,143,2026-03-31,https://ipm.mospi.gov.in/Content/PDF/FlashReport_March_2026.pdf,0,0.0000,1,13,48,36,-12,54.2137,2026-03,2026-03-01,"Retrospective March 2026 snapshot; use revised cost/date only as outcome labels, not predictive features."
1701,Widening to 2 lane with Paved Shoulders of Siddipet-Elkathurthy section from Km 69/978 to km 133/619 of NH-765DG in the State of Telangana under Annual plan 2021-22 on EPC mode,MoRTH,618196,N24002008,Telangana,01/2022,12/2022,12/2024,06/2026,578.85,578.85,0.0,85.0,143,2026-03-31,https://ipm.mospi.gov.in/Content/PDF/FlashReport_March_2026.pdf,0,0.0000,1,18,50,35,-15,0.0000,2026-03,2026-03-01,"Retrospective March 2026 snapshot; use revised cost/date only as outcome labels, not predictive features."
1702,Widening to 2 lane with Paved Shoulders of Medak - Siddipet section from Km 0/0 to km 69/978 of NH-765DG in the State of Telangana under Annual plan 2021-22 on EPC mode,MoRTH,618197,N24002001,Telangana,01/2022,01/2023,01/2025,06/2026,882.18,882.18,347.58,74.06,143,2026-03-31,https://ipm.mospi.gov.in/Content/PDF/FlashReport_March_2026.pdf,0,0.0000,1,17,50,36,-14,39.4001,2026-03,2026-03-01,"Retrospective March 2026 snapshot; use revised cost/date only as outcome labels, not predictive features."
1703,Improvement of Geometrics of Kalkallu to Gundla Pochanpalli from Km 454.00 to Km 471.00 of NH-44,National Highways Authority of India [NHAI],618558,N24001555,Telangana,03/2022,01/2023,01/2025,07/2026,955.49,903.17,427.43,35.96,143,2026-03-31,https://ipm.mospi.gov.in/Content/PDF/FlashReport_March_2026.pdf,0,-5.4757,1,18,48,34,-14,44.7341,2026-03,2026-03-01,"Retrospective March 2026 snapshot; use revised cost/date only as outcome labels, not predictive features."
1704,6L of existing 4L from Gundlapochampally to Bowenpally from km 471.300 to km 481.331 of NH-44,National Highways Authority of India [NHAI],618559,N24001556,Telangana,12/2021,08/2022,07/2024,04/2026,521.53,528.21,256.53,50.5,143,2026-03-31,https://ipm.mospi.gov.in/Content/PDF/FlashReport_March_2026.pdf,1,1.2808,1,21,51,31,-20,49.1880,2026-03,2026-03-01,"Retrospective March 2026 snapshot; use revised cost/date only as outcome labels, not predictive features."
1705,Improvement of Geometrics of Thondupally to Kothur from Km 22.300 to Km 34.14 of NH-44,National Highways Authority of India [NHAI],618560,N24002082,Telangana,03/2022,03/2023,09/2024,,541.58,527.43,72.23,17.05,143,2026-03-31,https://ipm.mospi.gov.in/Content/PDF/FlashReport_March_2026.pdf,0,-2.6127,,,48,30,-18,13.3369,2026-03,2026-03-01,"Retrospective March 2026 snapshot; use revised cost/date only as outcome labels, not predictive features."
1706,Khammam-Devarapalle Pkg I [4L Access Controlled Greenfield from Thallampadu village to Somavaram village Design Chainage 0000 to 33604],National Highways Authority of India [NHAI],618746,N24001482,Telangana,01/2021,10/2022,10/2024,04/2026,797.36,1337.18,570.71,95.05,143,2026-03-31,https://ipm.mospi.gov.in/Content/PDF/FlashReport_March_2026.pdf,1,67.7009,1,18,62,45,-17,71.5749,2026-03,2026-03-01,"Retrospective March 2026 snapshot; use revised cost/date only as outcome labels, not predictive features."
1707,4L of Karimnagar-Warangal section from km 49.500 to km 117.820 of NH-563,National Highways Authority of India [NHAI],618765,N24002083,Telangana,03/2022,07/2023,07/2025,07/2026,2146.86,2486.51,857.65,90.51,143,2026-03-31,https://ipm.mospi.gov.in/Content/PDF/FlashReport_March_2026.pdf,1,15.8208,1,12,48,40,-8,39.9490,2026-03,2026-03-01,"Retrospective March 2026 snapshot; use revised cost/date only as outcome labels, not predictive features."
1708,4L Access Controlled Greenfield Highway Section Mancherial Warangal from Pangidipalle village at Design Ch. 72.350 Km to Oorugonda village at Design Ch. 112.240 KmPackage-III,National Highways Authority of India [NHAI],618811,-,Telangana,03/2023,06/2025,06/2027,06/2027,1183.71,1170.64,83.68,0.0,143,2026-03-31,https://ipm.mospi.gov.in/Content/PDF/FlashReport_March_2026.pdf,0,-1.1042,0,0,36,51,15,7.0693,2026-03,2026-03-01,"Retrospective March 2026 snapshot; use revised cost/date only as outcome labels, not predictive features."
1709,4L Access Controlled Greenfield Section Mancherial Warangal from Puttapaka village at Design Ch. 35.300 Km to Pangidipalle village at Design Ch. 72.350 KmPackage-II,National Highways Authority of India [NHAI],618812,-,Telangana,01/2023,06/2025,06/2027,06/2027,1129.33,1145.41,31.41,5.17,143,2026-03-31,https://ipm.mospi.gov.in/Content/PDF/FlashReport_March_2026.pdf,1,1.4239,0,0,38,53,15,2.7813,2026-03,2026-03-01,"Retrospective March 2026 snapshot; use revised cost/date only as outcome labels, not predictive features."
1710,4L Access Controlled Greenfield Section Mancherial Warangal from Narva village at Design Ch. 3.834 Km to Puttapaka village at Design Ch. 35.300 Km Package-I,National Highways Authority of India [NHAI],618813,-,Telangana,03/2023,12/2024,12/2026,06/2027,1127.9,1104.27,66.79,6.5,143,2026-03-31,https://ipm.mospi.gov.in/Content/PDF/FlashReport_March_2026.pdf,0,-2.0950,1,6,36,45,9,5.9216,2026-03,2026-03-01,"Retrospective March 2026 snapshot; use revised cost/date only as outcome labels, not predictive features."
1711,4L Access Controlled Greenfield Highway section on NH163G Warangal-Khammam from Oorugonda village in Hanamkonda District at Design Ch. 112.240 Km to Venkatpur village in Warangal District at Design Ch. 150.240 KmPackage-I,National Highways Authority of India [NHAI],618814,-,Telangana,03/2023,06/2025,06/2027,06/2027,1142.6,1140.82,64.38,0.0,143,2026-03-31,https://ipm.mospi.gov.in/Content/PDF/FlashReport_March_2026.pdf,0,-0.1558,0,0,36,51,15,5.6345,2026-03,2026-03-01,"Retrospective March 2026 snapshot; use revised cost/date only as outcome labels, not predictive features."
1713,from Thallasenkesa village at Design Ch. 189.650 km to V.Vekatayapalem village in Khammam District at Design Ch. 220.480 KmPackage-III,National Highways Authority of India [NHAI],618816,-,Telangana,03/2023,07/2025,07/2027,07/2027,1105.25,1098.05,72.08,5.07,144,2026-03-31,https://ipm.mospi.gov.in/Content/PDF/FlashReport_March_2026.pdf,0,-0.6514,0,0,36,52,16,6.5216,2026-03,2026-03-01,"Retrospective March 2026 snapshot; use revised cost/date only as outcome labels, not predictive features."
1714,4L Access Controlled Greenfield Highway section on NH-163G Khammam Vijayawada from V. Venkatayapalem village at Design Ch. 220.480 Km to BrahmanapalliK village at Design Ch. 250.400 Km Package-I.,National Highways Authority of India [NHAI],618817,-,Telangana,03/2023,03/2025,03/2027,03/2027,973.45,1021.96,189.17,40.05,144,2026-03-31,https://ipm.mospi.gov.in/Content/PDF/FlashReport_March_2026.pdf,1,4.9833,0,0,36,48,12,19.4329,2026-03,2026-03-01,"Retrospective March 2026 snapshot; use revised cost/date only as outcome labels, not predictive features."
1715,Hyderabad - Maneguda,National Highways Authority of India [NHAI],618944,-,Telangana,10/2021,11/2024,11/2026,11/2026,958.86,1218.49,142.89,11.68,144,2026-03-31,https://ipm.mospi.gov.in/Content/PDF/FlashReport_March_2026.pdf,1,27.0769,0,0,53,61,8,14.9021,2026-03,2026-03-01,"Retrospective March 2026 snapshot; use revised cost/date only as outcome labels, not predictive features."
1716,4L of Kodad Design Km 0.00/Existing Km 185.00 of NH-65 to Khammam Design Km 31.800/Existing Km 29.400 of NH-365A,National Highways Authority of India [NHAI],618945,N24001522,Telangana,01/2021,01/2022,05/2024,05/2026,1149.17,1606.99,751.33,99.98,144,2026-03-31,https://ipm.mospi.gov.in/Content/PDF/FlashReport_March_2026.pdf,1,39.8392,1,24,62,40,-22,65.3802,2026-03,2026-03-01,"Retrospective March 2026 snapshot; use revised cost/date only as outcome labels, not predictive features."
1717,Khammam-Devarapalle Pkg II [4L Access Controlled Greenfield from Somavaram village to Chintagudem village Design Chainage 33604 to 63117],National Highways Authority of India [NHAI],619128,N24001483,Telangana,01/2021,09/2022,09/2024,04/2026,615.78,981.64,363.74,98.02,144,2026-03-31,https://ipm.mospi.gov.in/Content/PDF/FlashReport_March_2026.pdf,1,59.4141,1,19,62,44,-18,59.0698,2026-03,2026-03-01,"Retrospective March 2026 snapshot; use revised cost/date only as outcome labels, not predictive features."
1718,Thanamcherla-Jamandlapally 2LPS,National Highways Authority of India [NHAI],619165,-,Telangana,11/2013,03/2014,02/2023,05/2026,177.18,18.65,8.31,100.0,144,2026-03-31,https://ipm.mospi.gov.in/Content/PDF/FlashReport_March_2026.pdf,0,-89.4740,1,39,148,111,-37,4.6901,2026-03,2026-03-01,"Retrospective March 2026 snapshot; use revised cost/date only as outcome labels, not predictive features."
1719,Rehabilitation and upgradation of NH-221 from km 121/0 to 165/0 Rudrampur to Bhadrachalam section to two lane with paved shoulder under NHDPIV in the state of Telangana through EPC mode,MoRTH,619193,-,Telangana,01/2015,02/2015,02/2017,04/2026,295.47,334.82,375.14,82.76,144,2026-03-31,https://ipm.mospi.gov.in/Content/PDF/FlashReport_March_2026.pdf,1,13.3178,1,110,134,25,-109,126.9638,2026-03,2026-03-01,"Retrospective March 2026 snapshot; use revised cost/date only as outcome labels, not predictive features."
1720,Improvement & widening of existing NH-08 to 4-lane with Paved Shoulder from Champak Nagar to Khayerpur section design Km 242500 to Km 261610 in the state of Tripura on EPC basis under NHO-NE,NHIDCL,618350,N24002205,Tripura,12/2023,09/2024,09/2026,03/2027,920.66,920.66,0.0,43.8,144,2026-03-31,https://ipm.mospi.gov.in/Content/PDF/FlashReport_March_2026.pdf,0,0.0000,1,6,27,33,6,0.0000,2026-03,2026-03-01,"Retrospective March 2026 snapshot; use revised cost/date only as outcome labels, not predictive features."
1721,Improvement and Widening to 2-lane with paved shoulder of road from design Km 72.000 Pati Chhari to design Km 107.654 Harina Total length 35.654 Km on Teliamura to Harina section of NH 208 in the state of Tripura on EPC mode under JICA ODA Loan Phase VI Package-4,NHIDCL,618367,N24002228,Tripura,01/2024,12/2024,12/2026,12/2026,726.9,726.9,194.74,8.05,144,2026-03-31,https://ipm.mospi.gov.in/Content/PDF/FlashReport_March_2026.pdf,0,0.0000,0,0,26,35,9,26.7905,2026-03,2026-03-01,"Retrospective March 2026 snapshot; use revised cost/date only as outcome labels, not predictive features."
1722,Improvement and Widening to 2-lane with paved shoulder of road from design Km 36.000 Rangamati to design Km 72.000 Pati Chhari Total length 36.000 Km on Teliamura to Harina section of NH 208 in the state of Tripura on EPC mode under JICA ODA Loan Phase VI Package-3,NHIDCL,618368,N24002162,Tripura,01/2024,09/2024,09/2026,09/2026,670.9,670.9,0.0,12.1,144,2026-03-31,https://ipm.mospi.gov.in/Content/PDF/FlashReport_March_2026.pdf,0,0.0000,0,0,26,32,6,0.0000,2026-03,2026-03-01,"Retrospective March 2026 snapshot; use revised cost/date only as outcome labels, not predictive features."
1723,Improvement and Widening to 2-lane with paved shoulder of road from existing Km 438.170 Khowai Chowmuhani to existing Km 439.410 South Pulinpur of NH-08 and from design Km 0.000 South Pulinpur to design Km 36.00 near Rangamati of NH 208 on Khowai Teliamura- Harina section Total length 37.24 in the state of Tripura on EPC mode under JICA ODA Loan Phase VI Package-2,NHIDCL,618369,N24002161,Tripura,01/2024,09/2024,09/2026,09/2026,657.21,657.21,0.0,54.9,144,2026-03-31,https://ipm.mospi.gov.in/Content/PDF/FlashReport_March_2026.pdf,0,0.0000,0,0,26,32,6,0.0000,2026-03,2026-03-01,"Retrospective March 2026 snapshot; use revised cost/date only as outcome labels, not predictive features."
1724,Improvement and Widening to 2-lane with paved shoulder of road from Km 101.300 to km 127.319 Total Length 26.019 Km i.e. the Khowai Teliamura-Amarpur-Harina- Sabroom section of NH 208 in the state of Tripura on EPC under JICA ODA Loan Phase VI Package-1,NHIDCL,618370,N24002160,Tripura,01/2024,07/2024,07/2026,12/2026,431.78,431.78,0.0,55.12,144,2026-03-31,https://ipm.mospi.gov.in/Content/PDF/FlashReport_March_2026.pdf,0,0.0000,1,5,26,30,4,0.0000,2026-03,2026-03-01,"Retrospective March 2026 snapshot; use revised cost/date only as outcome labels, not predictive features."
1725,Rehabilitation and up-gradation of road from design km 25.250 to km 36.460 Total lengh 11.210 km of Kailashahar-Kurti Bridge section on NH-208A to 2-lane with paved shoulder on EPC basis under NHO Package-III- Balance Work,NHIDCL,618385,N24002159,Tripura,02/2020,09/2024,03/2026,03/2026,174.43,174.43,0.0,41.9,144,2026-03-31,https://ipm.mospi.gov.in/Content/PDF/FlashReport_March_2026.pdf,0,0.0000,0,0,73,73,0,0.0000,2026-03,2026-03-01,"Retrospective March 2026 snapshot; use revised cost/date only as outcome labels, not predictive features."
1726,Rehabilitation & Upgradation of Road from Km 0.00 to Km 18.600 Total length-18.600 km of Kumarghat-Kailashahar section on NH-208 to 2-lane with Paved shoulder on EPC bais under NHO,NHIDCL,618386,N24001263,Tripura,02/2020,07/2020,01/2022,10/2024,277.5,302.03,0.0,0.0,144,2026-03-31,https://ipm.mospi.gov.in/Content/PDF/FlashReport_March_2026.pdf,1,8.8396,1,33,73,23,-50,0.0000,2026-03,2026-03-01,"Retrospective March 2026 snapshot; use revised cost/date only as outcome labels, not predictive features."
1727,Melaghar-Srimantapur section on NH-08 Spur from Km 23 to Km 34.500 11.5 Km and overlay from Km 20.30 to Km 22.00 1.7 Km Total Length 13.2 Km,NHIDCL,618411,N24001914,Tripura,01/2023,05/2023,11/2024,06/2026,195.95,195.95,86.26,69.78,144,2026-03-31,https://ipm.mospi.gov.in/Content/PDF/FlashReport_March_2026.pdf,0,0.0000,1,19,38,22,-16,44.0214,2026-03,2026-03-01,"Retrospective March 2026 snapshot; use revised cost/date only as outcome labels, not predictive features."
1728,"Construction of 4-Lane with paved shoulder Agartala bypass Western side, length 25.402 km connecting NH-8 near Amtali to NH-108B near Lembuchhera in the state of Tripura on EPC basis under NHO-NE",NHIDCL,618417,,Tripura,03/2023,03/2024,03/2027,,2026.05,2026.05,0.0,0.0,144,2026-03-31,https://ipm.mospi.gov.in/Content/PDF/FlashReport_March_2026.pdf,0,0.0000,,,36,48,12,0.0000,2026-03,2026-03-01,"Retrospective March 2026 snapshot; use revised cost/date only as outcome labels, not predictive features."
1729,379.670 on NH-76New NH-35 to Km 18.00 on NH-27New NH-30 on EPC in the State of Uttar Pradesh.,MoRTH,617957,N24002120,Uttar Pradesh,02/2023,03/2024,09/2025,,274.06,274.06,0.0,91.85,145,2026-03-31,https://ipm.mospi.gov.in/Content/PDF/FlashReport_March_2026.pdf,0,0.0000,,,37,31,-6,0.0000,2026-03,2026-03-01,"Retrospective March 2026 snapshot; use revised cost/date only as outcome labels, not predictive features."
1730,Rehabilitation and upgradation to four lane road from km 70.500 to km 78.600 of NH- 92 under EPC mode in the State of Uttar Pradesh,MoRTH,617963,N24002211,Uttar Pradesh,01/2022,01/2025,01/2027,01/2027,296.02,351.78,0.0,26.0,145,2026-03-31,https://ipm.mospi.gov.in/Content/PDF/FlashReport_March_2026.pdf,1,18.8366,0,0,50,60,10,0.0000,2026-03,2026-03-01,"Retrospective March 2026 snapshot; use revised cost/date only as outcome labels, not predictive features."
1731,"Widening to Four Lane rigid pavement configuration from Km 90.00 to Km 100.800 on NH-96 Km 42.0 to Km 53.300 as per new NH-330,design length of 11.300 km under EPC mode in the state of Uttar Pradesh.",MoRTH,617964,N24002199,Uttar Pradesh,12/2022,11/2024,11/2026,,309.63,309.63,32.4,24.5,145,2026-03-31,https://ipm.mospi.gov.in/Content/PDF/FlashReport_March_2026.pdf,0,0.0000,,,39,47,8,10.4641,2026-03,2026-03-01,"Retrospective March 2026 snapshot; use revised cost/date only as outcome labels, not predictive features."
1732,"Construction of four-lane elevated viaduct from km.4634 to km.6345 on NH-24A including Retaining wall, service lane, at grade road and improvement of junctions, on EPC mode",MoRTH,618008,N24001730,Uttar Pradesh,03/2021,03/2022,09/2023,12/2024,185.09,269.81,175.09,100.0,145,2026-03-31,https://ipm.mospi.gov.in/Content/PDF/FlashReport_March_2026.pdf,1,45.7723,1,15,60,30,-30,94.5972,2026-03,2026-03-01,"Retrospective March 2026 snapshot; use revised cost/date only as outcome labels, not predictive features."
1733,Balance work of Construction of Ring Road for Raebareli City on eastern side of NH- 24B Phase-1 on EPC mode.,MoRTH,618009,N24000331,Uttar Pradesh,12/2019,10/2020,04/2022,06/2026,319.96,347.8,0.0,95.0,145,2026-03-31,https://ipm.mospi.gov.in/Content/PDF/FlashReport_March_2026.pdf,1,8.7011,1,50,75,28,-47,0.0000,2026-03,2026-03-01,"Retrospective March 2026 snapshot; use revised cost/date only as outcome labels, not predictive features."
1734,Construction of Balrampur bypass with 2L flexible pavement configuration from km.223.000 of NH-330 to km.328.300 of NH-730 under EPC mode,MoRTH,618054,N24002150,Uttar Pradesh,12/2022,08/2024,02/2026,08/2026,515.69,515.69,104.56,44.0,145,2026-03-31,https://ipm.mospi.gov.in/Content/PDF/FlashReport_March_2026.pdf,0,0.0000,1,6,39,38,-1,20.2757,2026-03,2026-03-01,"Retrospective March 2026 snapshot; use revised cost/date only as outcome labels, not predictive features."
1735,Construction of Pratapgarh Bypass Extension connecting NH-31 to NH-330 on EPC mode in the State of Uttar Pradesh.,MoRTH,618055,N24002016,Uttar Pradesh,10/2022,01/2024,06/2025,,225.17,225.17,0.0,70.7,145,2026-03-31,https://ipm.mospi.gov.in/Content/PDF/FlashReport_March_2026.pdf,0,0.0000,,,41,32,-9,0.0000,2026-03,2026-03-01,"Retrospective March 2026 snapshot; use revised cost/date only as outcome labels, not predictive features."
1736,Improvement and Up-gradation to two Lane with Paved Shoulder Configuration from existing km. 420.00 Shohrathgarh to km. 454.00 Uska Bazar of NH-730 in the state of Uttar Pradesh EPC basis,MoRTH,618056,N24002121,Uttar Pradesh,01/2022,03/2024,09/2025,12/2026,509.65,484.42,98.47,54.0,145,2026-03-31,https://ipm.mospi.gov.in/Content/PDF/FlashReport_March_2026.pdf,0,-4.9505,1,15,50,44,-6,19.3211,2026-03,2026-03-01,"Retrospective March 2026 snapshot; use revised cost/date only as outcome labels, not predictive features."
1737,Construction of Shohratgarh Bypass on NH-730 under EPC mode in the State of Uttar Pradesh,MoRTH,618057,N24001997,Uttar Pradesh,10/2022,11/2023,05/2025,12/2026,189.31,189.31,0.0,46.0,145,2026-03-31,https://ipm.mospi.gov.in/Content/PDF/FlashReport_March_2026.pdf,0,0.0000,1,19,41,31,-10,0.0000,2026-03,2026-03-01,"Retrospective March 2026 snapshot; use revised cost/date only as outcome labels, not predictive features."
1738,Widening & Strenghteningof section from Bharthana chowk to Kodarkoot km.0.00 to km.40.00 of NH-91-A on EPC mode,MoRTH,618063,N24001587,Uttar Pradesh,03/2020,03/2023,09/2024,06/2026,262.37,343.77,112.46,90.0,145,2026-03-31,https://ipm.mospi.gov.in/Content/PDF/FlashReport_March_2026.pdf,1,31.0249,1,21,72,54,-18,42.8631,2026-03,2026-03-01,"Retrospective March 2026 snapshot; use revised cost/date only as outcome labels, not predictive features."
1739,Construction of Amethi bypass Part-II at km.30.050 of NH-931 under EPC mode in the state of Uttar Pradesh,MoRTH,618066,N24002214,Uttar Pradesh,12/2022,02/2025,02/2027,02/2027,283.86,283.86,24.5,42.0,145,2026-03-31,https://ipm.mospi.gov.in/Content/PDF/FlashReport_March_2026.pdf,0,0.0000,0,0,39,50,11,8.6310,2026-03,2026-03-01,"Retrospective March 2026 snapshot; use revised cost/date only as outcome labels, not predictive features."
1740,"Rehabilitation & Up-gradation from design Km. 0.000 to Km. 69.280 of NH-931 Pratapgarh - Amethi - Gauriganj -Musafirkhana to two lane with paved shoulder on Engineering, Procurement & Construction EpC mode in the State of Uttar Pradesh",MoRTH,618067,-,Uttar Pradesh,05/2023,11/2025,11/2027,11/2027,1086.3,1086.3,0.0,4.0,145,2026-03-31,https://ipm.mospi.gov.in/Content/PDF/FlashReport_March_2026.pdf,0,0.0000,0,0,34,54,20,0.0000,2026-03,2026-03-01,"Retrospective March 2026 snapshot; use revised cost/date only as outcome labels, not predictive features."
1741,Construction of two lane with paved shoulder from existing Km.0.000 to Km.55.610 design km. 0.000 to km. 54.048 of NH-124D,MoRTH,618075,N24002031,Uttar Pradesh,12/2021,02/2024,02/2026,06/2026,840.93,773.58,167.6,60.0,145,2026-03-31,https://ipm.mospi.gov.in/Content/PDF/FlashReport_March_2026.pdf,0,-8.0090,1,4,51,50,-1,19.9303,2026-03,2026-03-01,"Retrospective March 2026 snapshot; use revised cost/date only as outcome labels, not predictive features."
1742,Construction of Mariahu Bypass with four lane paved shoulder configuration Km. 53.540 to Km.59.200 of NH-135A on EPC mode in the state of Uttar Pradesh,MoRTH,618081,N24002115,Uttar Pradesh,03/2023,02/2024,02/2026,06/2026,438.24,362.39,0.0,50.38,145,2026-03-31,https://ipm.mospi.gov.in/Content/PDF/FlashReport_March_2026.pdf,0,-17.3079,1,4,36,35,-1,0.0000,2026-03,2026-03-01,"Retrospective March 2026 snapshot; use revised cost/date only as outcome labels, not predictive features."
1743,Widening & Upgradation to four lane configuration from Km.34.900 Bhadohi to km.73.134 Jaunpur of NH-135A on EPC mode,MoRTH,618082,N24001479,Uttar Pradesh,03/2021,11/2022,05/2024,06/2026,395.62,392.03,0.0,88.0,145,2026-03-31,https://ipm.mospi.gov.in/Content/PDF/FlashReport_March_2026.pdf,0,-0.9074,1,25,60,38,-22,0.0000,2026-03,2026-03-01,"Retrospective March 2026 snapshot; use revised cost/date only as outcome labels, not predictive features."
1744,Improvement and upgradation to two lane with Paved Shoulder configuration from existing km 55.00 to km 90.00 Design length 34.76 of NH-227A near Chhapia Village to near Sikriganj in the State of UP on EPC Mode.,MoRTH,618110,N24001469,Uttar Pradesh,11/2021,11/2022,05/2024,07/2025,307.11,307.11,125.88,0.0,145,2026-03-31,https://ipm.mospi.gov.in/Content/PDF/FlashReport_March_2026.pdf,0,0.0000,1,14,52,30,-22,40.9886,2026-03,2026-03-01,"Retrospective March 2026 snapshot; use revised cost/date only as outcome labels, not predictive features."
1745,Improvement and upgradation to two lane with paved shoulder configuration from existing km 90.00 to 130.00 Design length 39.15 of NH-227A near Sikriganj to Barhalganj in the State of UP on EPC Mode.,MoRTH,618111,N24002015,Uttar Pradesh,08/2021,12/2023,06/2025,04/2026,403.36,345.34,0.0,93.0,145,2026-03-31,https://ipm.mospi.gov.in/Content/PDF/FlashReport_March_2026.pdf,0,-14.3842,1,10,55,46,-9,0.0000,2026-03,2026-03-01,"Retrospective March 2026 snapshot; use revised cost/date only as outcome labels, not predictive features."
1746,"Improvement and up-gradation of NH-227B 84 Kosi Parikrama Marg Package I, from km 228.920 Jagarnathpur to Km 235.960/0.000 MakhaudaDham to Km 29.000 Sarpur in the State of Uttar Pradesh on EPC basis",,,,,03/2022,,11/2026,,912.5,,,,145,2026-03-31,https://ipm.mospi.gov.in/Content/PDF/FlashReport_March_2026.pdf,,,,,48,56,8,,2026-03,2026-03-01,"Retrospective March 2026 snapshot; use revised cost/date only as outcome labels, not predictive features."
1747,Km.47.800 Gosaiganj to Km.73.300 Bikapur in the State of Uttar Pradesh on EPC basis.,MoRTH,618113,N24002241,Uttar Pradesh,03/2022,05/2025,11/2026,11/2026,587.97,587.97,37.37,28.0,146,2026-03-31,https://ipm.mospi.gov.in/Content/PDF/FlashReport_March_2026.pdf,0,0.0000,0,0,48,56,8,6.3558,2026-03,2026-03-01,"Retrospective March 2026 snapshot; use revised cost/date only as outcome labels, not predictive features."
1748,lmprovement and Up-gradation from Km. 73.300 Bikapur to Km.140.960 Patranga of NH-227B 84 Kosi Parikrama Marg to 2LPS along with Parikrama Path,MoRTH,618116,-,Uttar Pradesh,11/2022,01/2026,01/2028,01/2028,1679.75,1679.75,66.99,13.41,146,2026-03-31,https://ipm.mospi.gov.in/Content/PDF/FlashReport_March_2026.pdf,0,0.0000,0,0,40,62,22,3.9881,2026-03,2026-03-01,"Retrospective March 2026 snapshot; use revised cost/date only as outcome labels, not predictive features."
1749,Rehabilitation and upgradation from km 51.600 to km 75.700 of NH-321G Nuhkhas to Etah section to two lane with paved shoulder configuration under EPC mode in the State of Uttar Pradesh,MoRTH,618124,N24002116,Uttar Pradesh,01/2022,02/2024,08/2025,06/2026,343.54,343.54,75.71,61.0,146,2026-03-31,https://ipm.mospi.gov.in/Content/PDF/FlashReport_March_2026.pdf,0,0.0000,1,10,50,43,-7,22.0382,2026-03,2026-03-01,"Retrospective March 2026 snapshot; use revised cost/date only as outcome labels, not predictive features."
1750,"Improvement and up-gradation to 2LPS of NH-227B 84-Kosi Parikrama Marg PackageVI, Design Km 160200 Bahuvan Madar Majha to Km 224040 Jagarnathpur under HAM",MoRTH,618162,-,Uttar Pradesh,05/2023,01/2026,01/2028,01/2028,2008.7,2008.7,0.0,5.0,146,2026-03-31,https://ipm.mospi.gov.in/Content/PDF/FlashReport_March_2026.pdf,0,0.0000,0,0,34,56,22,0.0000,2026-03,2026-03-01,"Retrospective March 2026 snapshot; use revised cost/date only as outcome labels, not predictive features."
1751,"Rehabilitation and Up-gradation from km. 0000 to km.40390 of NH-730S MaharajganjNichloulThuthibari to two lane with paved shoulders in the State of U.P. on Engineering, Procurement & Construction EPC Basis.",MoRTH,618163,N24001418,Uttar Pradesh,03/2023,06/2024,12/2025,12/2026,809.25,603.19,0.0,58.0,146,2026-03-31,https://ipm.mospi.gov.in/Content/PDF/FlashReport_March_2026.pdf,0,-25.4631,1,12,36,33,-3,0.0000,2026-03,2026-03-01,"Retrospective March 2026 snapshot; use revised cost/date only as outcome labels, not predictive features."
1752,Construction of four lane highway with paved shoulder from Km.74.700 to Km.112.950 of NH-731A i/c Yamuna Bridge on HAM in the state of Uttar Pradesh.,MoRTH,618164,N24001419,Uttar Pradesh,03/2022,06/2024,06/2026,06/2026,1141.67,1157.31,0.0,80.0,146,2026-03-31,https://ipm.mospi.gov.in/Content/PDF/FlashReport_March_2026.pdf,1,1.3699,0,0,48,51,3,0.0000,2026-03,2026-03-01,"Retrospective March 2026 snapshot; use revised cost/date only as outcome labels, not predictive features."
1753,Construction of 4-lane highway with paved shoulders from Km 49.155 to Km 74.700 of NH-731A on Hybrid Annuity Mode in the state of Uttar Pradesh,MoRTH,618165,N24001545,Uttar Pradesh,01/2022,02/2024,01/2026,06/2026,1156.72,1156.72,0.0,92.0,146,2026-03-31,https://ipm.mospi.gov.in/Content/PDF/FlashReport_March_2026.pdf,0,0.0000,1,5,50,48,-2,0.0000,2026-03,2026-03-01,"Retrospective March 2026 snapshot; use revised cost/date only as outcome labels, not predictive features."
1754,Construction of 4-lane green field highway from Km. 35.000 to Km. 49.155 of NH- 731A with paved shoulders on Hybrid Annuity Mode in the state of Uttar Pradesh,MoRTH,618166,N24001647,Uttar Pradesh,01/2022,10/2023,10/2025,04/2026,697.66,697.66,0.04,99.0,146,2026-03-31,https://ipm.mospi.gov.in/Content/PDF/FlashReport_March_2026.pdf,0,0.0000,1,6,50,45,-5,0.0057,2026-03,2026-03-01,"Retrospective March 2026 snapshot; use revised cost/date only as outcome labels, not predictive features."
1755,Rehabilitation & Upgradation of NH-731A from Km.0.00 to Km.35.00 to 2-lane with paved shoulder under EPC mode,MoRTH,618167,N24001590,Uttar Pradesh,03/2021,08/2022,08/2023,,264.86,264.86,0.0,90.0,146,2026-03-31,https://ipm.mospi.gov.in/Content/PDF/FlashReport_March_2026.pdf,0,0.0000,,,60,29,-31,0.0000,2026-03,2026-03-01,"Retrospective March 2026 snapshot; use revised cost/date only as outcome labels, not predictive features."
1756,Widening to four lane with paved shoulder from Design Km.49.200 to Km.89.285 of NH-731B on EPC mode in the state of Uttar Pradesh,MoRTH,618168,N24001792,Uttar Pradesh,03/2022,01/2024,01/2026,01/2027,917.91,965.3,128.0,51.39,146,2026-03-31,https://ipm.mospi.gov.in/Content/PDF/FlashReport_March_2026.pdf,1,5.1628,1,12,48,46,-2,13.9447,2026-03,2026-03-01,"Retrospective March 2026 snapshot; use revised cost/date only as outcome labels, not predictive features."
1757,Construction of Two Lane with paved shoulder highway from Design Ch.0.000 to Ch.49.2OO of NH-731B on EPC Mode,MoRTH,618169,N24001730,Uttar Pradesh,03/2022,11/2023,11/2025,07/2026,640.18,602.76,239.2,95.39,146,2026-03-31,https://ipm.mospi.gov.in/Content/PDF/FlashReport_March_2026.pdf,0,-5.8452,1,8,48,44,-4,37.3645,2026-03,2026-03-01,"Retrospective March 2026 snapshot; use revised cost/date only as outcome labels, not predictive features."
1758,from design Chainage km 0.000 to km 5.740 to four lane divided carriageway and from design Chainage km 5.740 to km 53.500 to two lane with paved Total length km 53.500 along with One time improvement in 04 no's of realigned/bypassed built-up areas in a total length of 9.732 km in the state of Uttar Pradesh on EPC mode,MoRTH,618187,-,Uttar Pradesh,05/2023,10/2025,10/2027,10/2027,947.15,947.15,0.0,4.0,146,2026-03-31,https://ipm.mospi.gov.in/Content/PDF/FlashReport_March_2026.pdf,0,0.0000,0,0,34,53,19,0.0000,2026-03,2026-03-01,"Retrospective March 2026 snapshot; use revised cost/date only as outcome labels, not predictive features."
1759,Rehabilitation and upgradation to 2-lane with paved sholuders configuration of Near Karri village-Etawah section Km30.000 to Km 57.346 Pakage-II of NH-92 in state of Uttar Pradesh undergreen national Highway Corridor ProjectGNHCP with the loan assistance of world Bank on EPC mode.,MoRTH,618229,N24001462,Uttar Pradesh,04/2020,08/2022,02/2024,02/2025,211.09,206.56,0.0,100.0,146,2026-03-31,https://ipm.mospi.gov.in/Content/PDF/FlashReport_March_2026.pdf,0,-2.1460,1,12,71,46,-25,0.0000,2026-03,2026-03-01,"Retrospective March 2026 snapshot; use revised cost/date only as outcome labels, not predictive features."
1760,Construction of 6-lane bridge on Ganga on NH-96 and its approaches in Phaphamau Allahabad on EPC mode,MoRTH,618233,N24001421,Uttar Pradesh,07/2018,02/2021,02/2024,09/2026,1948.25,1465.41,0.0,86.93,146,2026-03-31,https://ipm.mospi.gov.in/Content/PDF/FlashReport_March_2026.pdf,0,-24.7833,1,31,92,67,-25,0.0000,2026-03,2026-03-01,"Retrospective March 2026 snapshot; use revised cost/date only as outcome labels, not predictive features."
1761,Rehabilitation and upgradation to 2-lane with paved sholuders configuration of Bewar- naer Karri village section Km0.00 to Km30.00 Pakage-I of NH-92 in state of Uttar Pradesh undergreen national Highway Corridor ProjectGNHCP with the loan assistance of world Bank on EPC mode.,MoRTH,618240,N24001461,Uttar Pradesh,04/2020,09/2022,03/2024,04/2026,236.47,236.47,0.0,90.0,146,2026-03-31,https://ipm.mospi.gov.in/Content/PDF/FlashReport_March_2026.pdf,0,0.0000,1,25,71,47,-24,0.0000,2026-03,2026-03-01,"Retrospective March 2026 snapshot; use revised cost/date only as outcome labels, not predictive features."
1762,Construction of Basti Ring Road Phase-I with 4L configuration for Basti City in the state of Uttar Pradesh on HAM mode,MoRTH,618243,N24002245,Uttar Pradesh,12/2022,06/2025,06/2027,06/2027,1138.72,1138.72,0.0,24.4,146,2026-03-31,https://ipm.mospi.gov.in/Content/PDF/FlashReport_March_2026.pdf,0,0.0000,0,0,39,54,15,0.0000,2026-03,2026-03-01,"Retrospective March 2026 snapshot; use revised cost/date only as outcome labels, not predictive features."
1763,Construction of Raebareli Ring Road Phase-2 with four Lane configuration for Raebareli City in the state of Uttar Pradesh on Hybrid Annuity Model HAM basis,MoRTH,,,Uttar Pradesh,03/2022,05/2025,05/2027,05/2027,1273.72,1273.72,0.0,42.43,146,2026-03-31,https://ipm.mospi.gov.in/Content/PDF/FlashReport_March_2026.pdf,0,0.0000,0,0,48,62,14,0.0000,2026-03,2026-03-01,"Retrospective March 2026 snapshot; use revised cost/date only as outcome labels, not predictive features."
1764,0.000 to km 15.000 of NH 135A in the State of Uttar Pradesh on HAM Mode.,MoRTH,618247,-,Uttar Pradesh,03/2024,01/2026,01/2029,01/2029,1708.62,1708.62,0.0,2.0,147,2026-03-31,https://ipm.mospi.gov.in/Content/PDF/FlashReport_March_2026.pdf,0,0.0000,0,0,24,58,34,0.0000,2026-03,2026-03-01,"Retrospective March 2026 snapshot; use revised cost/date only as outcome labels, not predictive features."
1765,Widening to 4 lane from km. 139.00 to km 179.20 of NH-135A Pkg-III Jaunpur Akbarpur section and Akbarpur bypass on Hybrid Annuity Mode in the state of Uttar Pradesh.,MoRTH,618248,-,Uttar Pradesh,05/2023,01/2026,01/2028,,1653.15,1653.15,0.0,0.0,147,2026-03-31,https://ipm.mospi.gov.in/Content/PDF/FlashReport_March_2026.pdf,0,0.0000,,,34,56,22,0.0000,2026-03,2026-03-01,"Retrospective March 2026 snapshot; use revised cost/date only as outcome labels, not predictive features."
1766,Widening to 4 lane from km. 108.50 to km 139.00 of NH-135A Pkg-II Jaunpur Akbarpur section on Hybrid Annuity Mode in the state of Uttar Pradesh,MoRTH,618249,N24002234,Uttar Pradesh,03/2023,03/2025,03/2027,03/2027,1511.57,1511.57,0.0,32.0,147,2026-03-31,https://ipm.mospi.gov.in/Content/PDF/FlashReport_March_2026.pdf,0,0.0000,0,0,36,48,12,0.0000,2026-03,2026-03-01,"Retrospective March 2026 snapshot; use revised cost/date only as outcome labels, not predictive features."
1767,"Improvement and Up-gradation to two Lane with Paved Shoulder/Four Lane configuration from existing Km 130.000 to Km 191.000 design km 131.500 to Km 188.735, Design length 57.235 Km of NH-227A near Barhalganj to Mehrauna Ghat in the state of Uttar Pradesh on Hybrid Annuity Model HAM basis",MoRTH,618252,N24002201,Uttar Pradesh,01/2022,11/2024,05/2027,05/2027,974.19,1344.61,0.73,44.0,147,2026-03-31,https://ipm.mospi.gov.in/Content/PDF/FlashReport_March_2026.pdf,1,38.0234,0,0,50,64,14,0.0749,2026-03,2026-03-01,"Retrospective March 2026 snapshot; use revised cost/date only as outcome labels, not predictive features."
1768,"Construction of Salempur bypass to 4LPS from km 64.000 of NH-727A Km 171.00 of Sonauli Balia Marg, old SH-01, near Mahadahan Chauraha to km 61.500 of NH-727B Km 178.500 of Sonauli Balia Marg, old SH-01, near near Ahirauli Village under Hybrid Annuity Mode HAM in the State of Uttar Pradesh",MoRTH,618260,-,Uttar Pradesh,03/2022,11/2025,11/2027,11/2027,1348.06,1348.06,0.0,23.88,147,2026-03-31,https://ipm.mospi.gov.in/Content/PDF/FlashReport_March_2026.pdf,0,0.0000,0,0,48,68,20,0.0000,2026-03,2026-03-01,"Retrospective March 2026 snapshot; use revised cost/date only as outcome labels, not predictive features."
1769,Construction of Deoria Bypass from existing Km. 27.140 to existing Km. 46.780 Design Km. 49.109 on NH727A Design length 21.969 Km. to four lane with paved shoulder configuration under Hybrid Annuity Mode HAM in the State of Uttar Pradesh,MoRTH,618262,-,Uttar Pradesh,03/2023,08/2025,07/2027,07/2027,1734.7,1734.7,0.0,7.0,147,2026-03-31,https://ipm.mospi.gov.in/Content/PDF/FlashReport_March_2026.pdf,0,0.0000,0,0,36,52,16,0.0000,2026-03,2026-03-01,"Retrospective March 2026 snapshot; use revised cost/date only as outcome labels, not predictive features."
1770,"Rehabilitation and Up-gradation to 2LPS from Km. 0.000 to Km. 7.800 and Km. 35.400 to Km. 52.345 Design length 24.745 Km., except Bihar portion of NH-727B Tamkuhiraj to Bihar Border and Bihar Border to Majhauli on EPC mode in the State of Uttar Pradesh",MoRTH,618263,N24002213,Uttar Pradesh,03/2023,01/2025,07/2026,07/2026,701.02,701.02,0.0,81.18,147,2026-03-31,https://ipm.mospi.gov.in/Content/PDF/FlashReport_March_2026.pdf,0,0.0000,0,0,36,40,4,0.0000,2026-03,2026-03-01,"Retrospective March 2026 snapshot; use revised cost/date only as outcome labels, not predictive features."
1771,"Widening and Strengthening to two Lane with Paved Shoulder/Four Lane with paved shoulder configuration from km. 61.500 of NH-727B near Nawalpur km 178.500 of Sonauli Balia Marg, Old SH-01 i.e. end point of Salempur Bypass to km. 106.495 of NH-727B near Sikanderpur under EPC mode",MoRTH,618264,-,Uttar Pradesh,05/2023,12/2025,05/2028,05/2028,2061.86,2061.86,0.0,20.0,147,2026-03-31,https://ipm.mospi.gov.in/Content/PDF/FlashReport_March_2026.pdf,0,0.0000,0,0,34,60,26,0.0000,2026-03,2026-03-01,"Retrospective March 2026 snapshot; use revised cost/date only as outcome labels, not predictive features."
1772,Rehabilitation and upgradation to 2-lane with paved sholuders configuration of Miranpur Katra to radhaita section of NH-730CKm.114.000 to Km 137.250pakage-III in state of Uttar Pradesh undergreen national Highway Corridor ProjectGNHCP with the loan assistance of world Bank on EPC mode.,MoRTH,618265,N24001457,Uttar Pradesh,04/2020,07/2022,07/2024,04/2026,172.5,169.56,0.0,89.0,147,2026-03-31,https://ipm.mospi.gov.in/Content/PDF/FlashReport_March_2026.pdf,0,-1.7043,1,21,71,51,-20,0.0000,2026-03,2026-03-01,"Retrospective March 2026 snapshot; use revised cost/date only as outcome labels, not predictive features."
1773,Rehabilitation and upgradation to 2-lane with paved sholuders configuration of Bewar- Allahaganj- section of NH-730CKm.0.000 to Km 52.770pakage-I in state of Uttar Pradesh undergreen national Highway Corridor ProjectGNHCP with the loan assistance of world Bank on EPC mode.,MoRTH,618266,,Uttar Pradesh,04/2020,11/2022,11/2024,04/2026,325.24,340.16,0.0,98.0,147,2026-03-31,https://ipm.mospi.gov.in/Content/PDF/FlashReport_March_2026.pdf,1,4.5874,1,17,71,55,-16,0.0000,2026-03,2026-03-01,"Retrospective March 2026 snapshot; use revised cost/date only as outcome labels, not predictive features."
1774,(N24001471) 6L Greenfield Kanpur - Lucknow Expressway Pkg II from km. 28.500 to km. 73.744,National Highways Authority of India [NHAI],618498,N24001731,Uttar Pradesh,12/2021,11/2022,05/2025,04/2026,2471.56,2489.0,1178.84,99.8,147,2026-03-31,https://ipm.mospi.gov.in/Content/PDF/FlashReport_March_2026.pdf,1,0.7056,1,11,51,41,-10,47.6962,2026-03,2026-03-01,"Retrospective March 2026 snapshot; use revised cost/date only as outcome labels, not predictive features."
1775,6L Elevated Kanpur - Lucknow Exeressway Pkg-1 from Km. 10980 to Km. 28500,National Highways Authority of India [NHAI],618499,N24001745,Uttar Pradesh,12/2021,02/2023,07/2025,04/2026,1972.94,1943.27,766.05,94.14,147,2026-03-31,https://ipm.mospi.gov.in/Content/PDF/FlashReport_March_2026.pdf,0,-1.5038,1,9,51,43,-8,38.8278,2026-03,2026-03-01,"Retrospective March 2026 snapshot; use revised cost/date only as outcome labels, not predictive features."
1776,Construction of 4L Connector from Delhi Meerut Expressway Km 50.000 of Pkg IV to Km 8.520 of NH-235 Pkg-5,National Highways Authority of India [NHAI],618500,N24001772,Uttar Pradesh,09/2021,03/2022,03/2024,12/2025,1081.39,1116.19,410.98,76.0,147,2026-03-31,https://ipm.mospi.gov.in/Content/PDF/FlashReport_March_2026.pdf,1,3.2181,1,21,54,30,-24,38.0048,2026-03,2026-03-01,"Retrospective March 2026 snapshot; use revised cost/date only as outcome labels, not predictive features."
1777,Varanasi Ring Road Pkg-II connecting Sandaha Village km 11.70 / NH-29 with Revasa Village km 818.80 / NH-2,National Highways Authority of India [NHAI],618529,N24001826,Uttar Pradesh,12/2017,02/2019,02/2022,06/2026,1991.71,1832.66,994.97,94.12,147,2026-03-31,https://ipm.mospi.gov.in/Content/PDF/FlashReport_March_2026.pdf,0,-7.9856,1,52,99,50,-49,49.9556,2026-03,2026-03-01,"Retrospective March 2026 snapshot; use revised cost/date only as outcome labels, not predictive features."
1778,Construction of Ring Road around Kanpur from Ch.68.650 to Ch.93.209 Jarkala to Pakari Package-IV in State of Uttar Pradesh.,National Highways Authority of India [NHAI],618536,-,Uttar Pradesh,02/2023,12/2024,06/2027,06/2027,1603.53,1192.16,157.34,27.85,147,2026-03-31,https://ipm.mospi.gov.in/Content/PDF/FlashReport_March_2026.pdf,0,-25.6540,0,0,37,52,15,9.8121,2026-03,2026-03-01,"Retrospective March 2026 snapshot; use revised cost/date only as outcome labels, not predictive features."
1779,Construction of Ring Road around Kanpur from Km.000 to Km. 23.325 Chachendi Sachendi I to Maharajpur Package-I,National Highways Authority of India [NHAI],618537,N24002104,Uttar Pradesh,01/2023,12/2023,06/2026,06/2026,1753.75,1311.7,355.19,54.1,147,2026-03-31,https://ipm.mospi.gov.in/Content/PDF/FlashReport_March_2026.pdf,0,-25.2060,0,0,38,41,3,20.2532,2026-03,2026-03-01,"Retrospective March 2026 snapshot; use revised cost/date only as outcome labels, not predictive features."
1780,Construction of Ring Road around kanpur from Ch.51.200 to Ch. 68.650 Badarka to Harbanch-Uchti Pkg-III,National Highways Authority of India [NHAI],,,Uttar Pradesh,09/2023,,07/2027,,1792.68,,139.93,20.64,147,2026-03-31,https://ipm.mospi.gov.in/Content/PDF/FlashReport_March_2026.pdf,,,,,30,46,16,7.8056,2026-03,2026-03-01,"Retrospective March 2026 snapshot; use revised cost/date only as outcome labels, not predictive features."
1781,Sathara Package-II B,National Highways Authority of India [NHAI],618539,-,Uttar Pradesh,08/2024,03/2025,09/2027,09/2027,1089.41,1106.92,36.93,12.5,148,2026-03-31,https://ipm.mospi.gov.in/Content/PDF/FlashReport_March_2026.pdf,1,1.6073,0,0,19,37,18,3.3899,2026-03,2026-03-01,"Retrospective March 2026 snapshot; use revised cost/date only as outcome labels, not predictive features."
1782,Construction of Ring Road around Kanpur from Ch.23.325 to Ch.32.090 Chaudhariya to Transganga Package-IIA,National Highways Authority of India [NHAI],618540,-,Uttar Pradesh,08/2024,11/2025,10/2027,04/2028,1089.41,977.45,69.75,33.95,148,2026-03-31,https://ipm.mospi.gov.in/Content/PDF/FlashReport_March_2026.pdf,0,-10.2771,1,6,19,38,19,6.4025,2026-03,2026-03-01,"Retrospective March 2026 snapshot; use revised cost/date only as outcome labels, not predictive features."
1783,6L of Agra Bypass Northern connecting Km. 174.500 of NH-2 new NH-19 to Km. 141.000 of Yamuna Expressways,National Highways Authority of India [NHAI],618553,N24001852,Uttar Pradesh,01/2022,02/2023,02/2025,,957.62,1034.42,758.39,99.7,148,2026-03-31,https://ipm.mospi.gov.in/Content/PDF/FlashReport_March_2026.pdf,1,8.0199,,,50,37,-13,79.1953,2026-03,2026-03-01,"Retrospective March 2026 snapshot; use revised cost/date only as outcome labels, not predictive features."
1784,Construction of left out portion of Agra Inner Ring Road connecting village Deori to NH-44 village Bad from Km. 0.000 to Km. 7.772,National Highways Authority of India [NHAI],618554,N24001853,Uttar Pradesh,07/2022,03/2023,09/2024,05/2026,879.26,787.58,611.57,91.0,148,2026-03-31,https://ipm.mospi.gov.in/Content/PDF/FlashReport_March_2026.pdf,0,-10.4269,1,20,44,26,-18,69.5551,2026-03,2026-03-01,"Retrospective March 2026 snapshot; use revised cost/date only as outcome labels, not predictive features."
1785,Strengthening of existing 4L Ayodhya Bypass Section from design Km. 121 600 to Km. 144020 of NH 28 New NH 27Pkg-3,NHAI,618565,N24002097,Uttar Pradesh,03/2023,09/2023,03/2025,08/2025,526.45,281.13,259.66,81.85,148,2026-03-31,https://ipm.mospi.gov.in/Content/PDF/FlashReport_March_2026.pdf,0,-46.5989,1,5,36,24,-12,49.3228,2026-03,2026-03-01,"Retrospective March 2026 snapshot; use revised cost/date only as outcome labels, not predictive features."
1786,4L Green Field Northern East side Gorakhpur Bypass 26.616 Kms starting from NH- 29E Chainage 83.308 and end at NH-28 Chainage 285.100,National Highways Authority of India [NHAI],618566,N24002096,Uttar Pradesh,02/2023,01/2024,01/2026,09/2026,1973.98,1244.44,902.97,68.95,148,2026-03-31,https://ipm.mospi.gov.in/Content/PDF/FlashReport_March_2026.pdf,0,-36.9578,1,8,37,35,-2,45.7436,2026-03,2026-03-01,"Retrospective March 2026 snapshot; use revised cost/date only as outcome labels, not predictive features."
1787,4/6L of Northern Ayodhya Bypass starting Km. 112.540 and ending Km. 139.928 north of existing NH-27 part-1 and part-2 south of NH-27 from km 0.000 to km 5.000.,NHAI,618567,-,Uttar Pradesh,08/2024,07/2025,01/2028,01/2028,2289.34,1834.25,132.07,25.2,148,2026-03-31,https://ipm.mospi.gov.in/Content/PDF/FlashReport_March_2026.pdf,0,-19.8787,0,0,19,41,22,5.7689,2026-03,2026-03-01,"Retrospective March 2026 snapshot; use revised cost/date only as outcome labels, not predictive features."
1788,4/6L Southern Ayodhya Bypass from Km 5.000 to Km 37.172 starting near Km. 112.540 and ending at Km. 153.281 of NH-27,NHAI,618568,-,Uttar Pradesh,08/2024,03/2025,09/2027,09/2027,2541.13,1983.05,198.69,33.15,148,2026-03-31,https://ipm.mospi.gov.in/Content/PDF/FlashReport_March_2026.pdf,0,-21.9619,0,0,19,37,18,7.8190,2026-03,2026-03-01,"Retrospective March 2026 snapshot; use revised cost/date only as outcome labels, not predictive features."
1789,4 -Laning of MP/UP Border to Kabarai section of NH-34&35 from km 197.000 to km 242.991 Length 45.991 Km Sagar-Kabrai Package-5 under Bharat Mala Pariyojana EC in MP & UP on HAM,National Highways Authority of India [NHAI],618669,-,Uttar Pradesh,10/2022,02/2025,02/2027,01/2027,1632.93,1425.43,273.96,46.47,148,2026-03-31,https://ipm.mospi.gov.in/Content/PDF/FlashReport_March_2026.pdf,0,-12.7072,0,-1,41,52,11,16.7772,2026-03,2026-03-01,"Retrospective March 2026 snapshot; use revised cost/date only as outcome labels, not predictive features."
1790,"4 lanning of Aligarh Palwal section from km 0.00 to km 46.39 package -1 from khereshwar junction-kurana of NH33D , including khair & jattari bypass in the state of UP on HAM mode",National Highways Authority of India [NHAI],618690,-,Uttar Pradesh,03/2024,03/2025,03/2027,03/2027,1663.38,1685.69,460.89,12.9,148,2026-03-31,https://ipm.mospi.gov.in/Content/PDF/FlashReport_March_2026.pdf,1,1.3412,0,0,24,36,12,27.7080,2026-03,2026-03-01,"Retrospective March 2026 snapshot; use revised cost/date only as outcome labels, not predictive features."
1791,Aligarh-Kanpur Pkg I [Aligarh-Bhadwas],National Highways Authority of India [NHAI],618692,-,Uttar Pradesh,03/2018,02/2019,06/2022,04/2026,1226.64,2069.6,646.5,100.0,148,2026-03-31,https://ipm.mospi.gov.in/Content/PDF/FlashReport_March_2026.pdf,1,68.7211,1,46,96,51,-45,52.7050,2026-03,2026-03-01,"Retrospective March 2026 snapshot; use revised cost/date only as outcome labels, not predictive features."
1792,DL/UP Border - EPE Crossing Pkg-02,National Highways Authority of India [NHAI],618710,N24001830,Uttar Pradesh,09/2020,05/2021,11/2023,04/2026,2002.79,1889.78,1732.8,100.0,148,2026-03-31,https://ipm.mospi.gov.in/Content/PDF/FlashReport_March_2026.pdf,0,-5.6426,1,29,66,38,-28,86.5193,2026-03,2026-03-01,"Retrospective March 2026 snapshot; use revised cost/date only as outcome labels, not predictive features."
1793,6L access Controlled Greenfield Highway from Gogwan Jalalpur Shamli to Ranipur Barsi Saharanpur of Shamli -Ambala section Package-I Design Ch. Form km 00.600 to km 45.500,National Highways Authority of India [NHAI],618722,N24002036,Uttar Pradesh,06/2022,05/2023,05/2025,07/2026,1843.59,1247.55,636.74,58.9,148,2026-03-31,https://ipm.mospi.gov.in/Content/PDF/FlashReport_March_2026.pdf,0,-32.3304,1,14,45,35,-10,34.5380,2026-03,2026-03-01,"Retrospective March 2026 snapshot; use revised cost/date only as outcome labels, not predictive features."
1794,4L Spur of Meerut-Garh-Mukteshwar section connecting NH-119 and NH-58 bypassing Meerut Town of NH 709 A,National Highways Authority of India [NHAI],618761,N24001754,Uttar Pradesh,10/2021,02/2023,02/2025,07/2026,991.89,977.73,815.91,95.22,148,2026-03-31,https://ipm.mospi.gov.in/Content/PDF/FlashReport_March_2026.pdf,0,-1.4276,1,17,53,40,-13,82.2581,2026-03,2026-03-01,"Retrospective March 2026 snapshot; use revised cost/date only as outcome labels, not predictive features."
1795,4L Spur of Panipat - Shamli connecting NH-709AD Panipat Shamli Muzaffarnagar and NH-709A Karnal Meerut bypassing Shamli district UP,National Highways Authority of India [NHAI],618770,N24001729,Uttar Pradesh,10/2021,10/2022,10/2024,03/2025,516.16,273.42,232.93,74.23,148,2026-03-31,https://ipm.mospi.gov.in/Content/PDF/FlashReport_March_2026.pdf,0,-47.0281,1,5,53,36,-17,45.1275,2026-03,2026-03-01,"Retrospective March 2026 snapshot; use revised cost/date only as outcome labels, not predictive features."
1796,4L of Bareilly-Pilibhit-Sitarganj from Km. 0.000 to Km. 32.500 of NH-30 Pkg-1,National Highways Authority of India [NHAI],618782,-,Uttar Pradesh,02/2023,03/2024,03/2026,08/2026,1394.14,1394.14,559.19,55.29,148,2026-03-31,https://ipm.mospi.gov.in/Content/PDF/FlashReport_March_2026.pdf,0,0.0000,1,5,37,37,0,40.1100,2026-03,2026-03-01,"Retrospective March 2026 snapshot; use revised cost/date only as outcome labels, not predictive features."
1797,4L of Sonauli - Gorakhpur,National Highways Authority of India [NHAI],618798,N24002095,Uttar Pradesh,12/2021,03/2023,03/2025,05/2026,2555.5,2275.43,1245.26,84.0,148,2026-03-31,https://ipm.mospi.gov.in/Content/PDF/FlashReport_March_2026.pdf,0,-10.9595,1,14,51,39,-12,48.7286,2026-03,2026-03-01,"Retrospective March 2026 snapshot; use revised cost/date only as outcome labels, not predictive features."
1798,Construction of two lane with paved shoulders bypass to Mungrabadshapur town starting from near Kodahu at Km 47/225 of NH-319D and ending near Nauwadandi at Km 219/720 of NH-31 under NHO in the state of Uttar Pradesh on EPC mode,National Highways Authority of India [NHAI],618843,-,Uttar Pradesh,02/2025,09/2025,03/2027,03/2027,197.6,165.28,27.57,12.39,148,2026-03-31,https://ipm.mospi.gov.in/Content/PDF/FlashReport_March_2026.pdf,0,-16.3563,0,0,13,25,12,13.9524,2026-03,2026-03-01,"Retrospective March 2026 snapshot; use revised cost/date only as outcome labels, not predictive features."
1799,Construction of Underpass beneath airport runway on NH-31 old NH-56 for proposed expansion of runway of Babatpur Airport Varanasi,National Highways Authority of India [NHAI],618848,,Uttar Pradesh,02/2025,09/2025,09/2027,09/2027,649.44,649.44,0.09,6.6,148,2026-03-31,https://ipm.mospi.gov.in/Content/PDF/FlashReport_March_2026.pdf,0,0.0000,0,0,13,31,18,0.0139,2026-03,2026-03-01,"Retrospective March 2026 snapshot; use revised cost/date only as outcome labels, not predictive features."
1800,2L PS of Raebareli - Jagdishpur with 4L Jagdishpur Bypass Spur,National Highways Authority of India [NHAI],618854,N24001306,Uttar Pradesh,02/2021,01/2022,01/2024,06/2025,706.41,752.52,515.53,97.2,149,2026-03-31,https://ipm.mospi.gov.in/Content/PDF/FlashReport_March_2026.pdf,1,6.5274,1,17,61,35,-26,72.9789,2026-03,2026-03-01,"Retrospective March 2026 snapshot; use revised cost/date only as outcome labels, not predictive features."
1801,"Improvement and Up-Gradation of Existing Road to 2/4L PS from Km 40.000 to 88.750, start of Khutar bypass to start of Shahjahanpur bypass of NH 731Pkg-I",National Highways Authority of India [NHAI],618855,N24001727,Uttar Pradesh,03/2022,02/2023,02/2025,04/2026,838.68,838.68,560.48,99.2,149,2026-03-31,https://ipm.mospi.gov.in/Content/PDF/FlashReport_March_2026.pdf,0,0.0000,1,14,48,35,-13,66.8288,2026-03,2026-03-01,"Retrospective March 2026 snapshot; use revised cost/date only as outcome labels, not predictive features."
1802,"Improvement and Up-Gradation of Existing Road to 4L PS from Km 123.650 to 175.080, from Start of Shahabad Bypass to End of Hardoi bypass of NH 731 Pkg-2B",National Highways Authority of India [NHAI],618856,N24002094,Uttar Pradesh,09/2022,11/2023,11/2025,12/2026,1101.79,1212.26,312.89,60.07,149,2026-03-31,https://ipm.mospi.gov.in/Content/PDF/FlashReport_March_2026.pdf,1,10.0264,1,13,42,38,-4,28.3983,2026-03,2026-03-01,"Retrospective March 2026 snapshot; use revised cost/date only as outcome labels, not predictive features."
1803,"Improvement and Up-Gradation of Existing Road to 4L PS from Km 88.750 to 123.650, from Start of Shahjahanpur Bypass to start of Shahabad bypass of NH 731Pkg.-2A",National Highways Authority of India [NHAI],618858,-,Uttar Pradesh,09/2022,01/2024,01/2026,12/2026,955.34,955.34,240.51,62.02,149,2026-03-31,https://ipm.mospi.gov.in/Content/PDF/FlashReport_March_2026.pdf,0,0.0000,1,11,42,40,-2,25.1753,2026-03,2026-03-01,"Retrospective March 2026 snapshot; use revised cost/date only as outcome labels, not predictive features."
1804,"Improvement and Up-Gradation of Existing Road to 4L PS from Km 229.070 to 260.800, End of Hardoi District to Lucknow Ring road of NH 731 Pkg-4",National Highways Authority of India [NHAI],618859,N24001732,Uttar Pradesh,09/2021,10/2022,10/2024,04/2026,575.66,553.61,371.48,99.33,149,2026-03-31,https://ipm.mospi.gov.in/Content/PDF/FlashReport_March_2026.pdf,0,-3.8304,1,18,54,37,-17,64.5311,2026-03,2026-03-01,"Retrospective March 2026 snapshot; use revised cost/date only as outcome labels, not predictive features."
1805,4L from Mathura Bypass Start at Existing Km. 154.20 of NH-44 to Gaju Village at Km 32.982 of NH-530B Pkg-IB,National Highways Authority of India [NHAI],618864,N24001851,Uttar Pradesh,01/2022,03/2023,03/2025,04/2026,1722.11,1820.77,1049.84,99.9,149,2026-03-31,https://ipm.mospi.gov.in/Content/PDF/FlashReport_March_2026.pdf,1,5.7290,1,13,50,38,-12,60.9624,2026-03,2026-03-01,"Retrospective March 2026 snapshot; use revised cost/date only as outcome labels, not predictive features."
1806,4L from Gaju Village at Km. 32.982 to Devinagar Bypass End at Km. 208.000 of NH- 530B Pkg-1C.,National Highways Authority of India [NHAI],618865,N24001730,Uttar Pradesh,12/2021,01/2023,01/2025,,1384.79,1496.44,823.04,99.99,149,2026-03-31,https://ipm.mospi.gov.in/Content/PDF/FlashReport_March_2026.pdf,1,8.0626,,,51,37,-14,59.4343,2026-03,2026-03-01,"Retrospective March 2026 snapshot; use revised cost/date only as outcome labels, not predictive features."
1807,"Four Lane Highway from Chandan Nagar Existing Km. 59.025 of NH 530B/Design Km. 179.5000 to Bareilly BypassStartExisting Km. 59.025 of NH 530B/Design Km. 218.000 Section of NH 530B, in the State of Uttar Pradesh on HAM Mode under NH0",National Highways Authority of India [NHAI],618866,-,Uttar Pradesh,12/2024,11/2025,11/2027,11/2027,2077.0,1112.44,144.68,11.75,149,2026-03-31,https://ipm.mospi.gov.in/Content/PDF/FlashReport_March_2026.pdf,0,-46.4401,0,0,15,35,20,6.9658,2026-03,2026-03-01,"Retrospective March 2026 snapshot; use revised cost/date only as outcome labels, not predictive features."
1808,4L Kasganj-Badaun Section from Km. 123.100 to Km. 179.500 Pkg-III of NH530B,National Highways Authority of India [NHAI],618867,-,Uttar Pradesh,03/2023,05/2025,05/2027,04/2027,2009.11,1936.61,135.52,24.4,149,2026-03-31,https://ipm.mospi.gov.in/Content/PDF/FlashReport_March_2026.pdf,0,-3.6086,0,-1,36,50,14,6.7453,2026-03,2026-03-01,"Retrospective March 2026 snapshot; use revised cost/date only as outcome labels, not predictive features."
1809,4L from Devinagar Bypass End Existing Km. 208.000 of NH 530B/Design Km. 66.000 to Kasganj Bypass End Existing Km.150.100 of NH 530B/ Design Km. 123.100 of NH 530B,National Highways Authority of India [NHAI],618868,-,Uttar Pradesh,03/2023,06/2024,06/2026,06/2026,2289.52,2223.71,405.32,59.63,149,2026-03-31,https://ipm.mospi.gov.in/Content/PDF/FlashReport_March_2026.pdf,0,-2.8744,0,0,36,39,3,17.7033,2026-03,2026-03-01,"Retrospective March 2026 snapshot; use revised cost/date only as outcome labels, not predictive features."
1810,"Construction of 4/6 lane Highway of Southern Bareilly Bypass, starting at Ch. 237000 of NH 530 near Jhumka chauraha, Dhantiya village and ending at Ch. 267000 of NH 30 near Invertis University including Trumpet Interchange",National Highways Authority of India [NHAI],618869,-,Uttar Pradesh,12/2024,12/2025,06/2028,06/2028,1122.02,1869.59,52.15,5.11,149,2026-03-31,https://ipm.mospi.gov.in/Content/PDF/FlashReport_March_2026.pdf,1,66.6272,0,0,15,42,27,4.6479,2026-03,2026-03-01,"Retrospective March 2026 snapshot; use revised cost/date only as outcome labels, not predictive features."
1811,Construction of Four Lane Highway form Ghazipur- Ballia-UP/Bihar State Border Greenfield section of NH-31 Package I [from Hridaipur km 0.000 to Shahapur km 42.500] on EPC Mode in the state of Uttar Pradesh.,National Highways Authority of India [NHAI],618883,N24002086,Uttar Pradesh,10/2022,07/2023,07/2025,04/2026,1706.47,1579.59,799.01,99.11,149,2026-03-31,https://ipm.mospi.gov.in/Content/PDF/FlashReport_March_2026.pdf,0,-7.4352,1,9,41,33,-8,46.8224,2026-03,2026-03-01,"Retrospective March 2026 snapshot; use revised cost/date only as outcome labels, not predictive features."
1812,Construction of Four Lane Highway from Ghazipur- Ballia-UP/Bihar State Border Greenfield section of NH-31 Package II [from Shahapur km 42.500 to Pindari km 78.150] on EPC Mode in the state of Uttar Pradesh.,National Highways Authority of India [NHAI],618884,N24002087,Uttar Pradesh,10/2022,10/2023,10/2025,07/2026,1493.65,1311.44,679.94,94.53,149,2026-03-31,https://ipm.mospi.gov.in/Content/PDF/FlashReport_March_2026.pdf,0,-12.1990,1,9,41,36,-5,45.5220,2026-03,2026-03-01,"Retrospective March 2026 snapshot; use revised cost/date only as outcome labels, not predictive features."
1813,Construction of Four Lane Highway from Ghazipur- Ballia-UP/Bihar State Border Greenfield section of NH-31 Package IV [from Buxur Spur of length km 17.270 on EPC Mode in the state of Uttar Pradesh.,National Highways Authority of India [NHAI],618885,N24002089,Uttar Pradesh,10/2022,06/2023,06/2025,08/2026,617.88,549.02,232.0,83.88,149,2026-03-31,https://ipm.mospi.gov.in/Content/PDF/FlashReport_March_2026.pdf,0,-11.1446,1,14,41,32,-9,37.5477,2026-03,2026-03-01,"Retrospective March 2026 snapshot; use revised cost/date only as outcome labels, not predictive features."
1814,Varanasi Gorakhpur Section Packege IV from km. 149.540 to km. 215.160 Mau- Gorakhpur,National Highways Authority of India [NHAI],618893,-,Uttar Pradesh,04/2015,04/2017,10/2019,04/2026,2966.63,3475.65,862.58,97.35,149,2026-03-31,https://ipm.mospi.gov.in/Content/PDF/FlashReport_March_2026.pdf,1,17.1582,1,78,131,54,-77,29.0761,2026-03,2026-03-01,"Retrospective March 2026 snapshot; use revised cost/date only as outcome labels, not predictive features."
1815,4L Greenfield Western Side spur of Rampur-Rudrapur Section from Km 0.000 to Km 13.700 connecting NH-24 to NH-87 bypassing rampur town,National Highways Authority of India [NHAI],618911,N24002090,Uttar Pradesh,12/2021,05/2023,11/2024,05/2026,646.27,637.83,146.15,63.79,149,2026-03-31,https://ipm.mospi.gov.in/Content/PDF/FlashReport_March_2026.pdf,0,-1.3060,1,18,51,35,-16,22.6144,2026-03,2026-03-01,"Retrospective March 2026 snapshot; use revised cost/date only as outcome labels, not predictive features."
1816,4L Behsuma at Km 39.250 Ex. Km 39240 To Bijnor at Km 78.810 Ex. Km 86590 Design Length 39.560 Km of NH-119 Pkg-II,National Highways Authority of India [NHAI],618923,-,Uttar Pradesh,03/2023,05/2024,05/2026,05/2026,2158.2,2553.12,565.63,60.65,149,2026-03-31,https://ipm.mospi.gov.in/Content/PDF/FlashReport_March_2026.pdf,1,18.2986,0,0,36,38,2,26.2084,2026-03,2026-03-01,"Retrospective March 2026 snapshot; use revised cost/date only as outcome labels, not predictive features."
1817,2L PS of Najibabad Kotdwar section from 112.575 to Km. 138.635 of NH 119,National Highways Authority of India [NHAI],618924,,Uttar Pradesh,10/2021,03/2024,09/2025,06/2026,188.87,99.2,25.55,50.44,149,2026-03-31,https://ipm.mospi.gov.in/Content/PDF/FlashReport_March_2026.pdf,0,-47.4771,1,9,53,47,-6,13.5278,2026-03,2026-03-01,"Retrospective March 2026 snapshot; use revised cost/date only as outcome labels, not predictive features."
1819,734 Pkg-II,National Highways Authority of India [NHAI],618927,-,Uttar Pradesh,10/2022,03/2024,03/2026,12/2026,2006.82,1890.05,832.92,45.16,150,2026-03-31,https://ipm.mospi.gov.in/Content/PDF/FlashReport_March_2026.pdf,0,-5.8187,1,9,41,41,0,41.5045,2026-03,2026-03-01,"Retrospective March 2026 snapshot; use revised cost/date only as outcome labels, not predictive features."
1820,4L of Moradabad western side spur connecting NH-734 & NH-24 from Km. 0.000 to Km. 33.200 Pkg-I,National Highways Authority of India [NHAI],618929,-,Uttar Pradesh,11/2022,09/2023,09/2025,06/2026,1841.92,1843.54,934.13,76.9,150,2026-03-31,https://ipm.mospi.gov.in/Content/PDF/FlashReport_March_2026.pdf,1,0.0880,1,9,40,34,-6,50.7150,2026-03,2026-03-01,"Retrospective March 2026 snapshot; use revised cost/date only as outcome labels, not predictive features."
1821,4L Prayagraj Greenfield By-pass from design Km 50860 near Nibi Kala Uperhar to design Km 64763 on NH-19 near Khodaypur Kasgaon including Interchange loop at NH-19,National Highways Authority of India [NHAI],618959,N24002106,Uttar Pradesh,08/2023,12/2023,03/2025,,1017.99,427.54,406.6,100.0,150,2026-03-31,https://ipm.mospi.gov.in/Content/PDF/FlashReport_March_2026.pdf,0,-58.0016,,,31,19,-12,39.9415,2026-03,2026-03-01,"Retrospective March 2026 snapshot; use revised cost/date only as outcome labels, not predictive features."
1822,4 Lane Inner Ring Road around Allahabad City Pkg-2 Prayagraj Southern Bypass 43.200 - 50.860,National Highways Authority of India [NHAI],618960,N24002105,Uttar Pradesh,08/2023,12/2023,06/2026,06/2026,1377.51,1007.62,349.12,42.26,150,2026-03-31,https://ipm.mospi.gov.in/Content/PDF/FlashReport_March_2026.pdf,0,-26.8521,0,0,31,34,3,25.3443,2026-03,2026-03-01,"Retrospective March 2026 snapshot; use revised cost/date only as outcome labels, not predictive features."
1823,4 Lane Inner Ring Road around Allahabad City Pkg-1 Prayagraj Southern Bypass 34.400 43.200,National Highways Authority of India [NHAI],618961,-,Uttar Pradesh,02/2025,12/2025,12/2027,12/2027,775.94,498.97,0.14,4.44,150,2026-03-31,https://ipm.mospi.gov.in/Content/PDF/FlashReport_March_2026.pdf,0,-35.6948,0,0,13,34,21,0.0180,2026-03,2026-03-01,"Retrospective March 2026 snapshot; use revised cost/date only as outcome labels, not predictive features."
1824,6L access control Greenfield highway of Vill-Khyawari to Vill-Latifpur at Saharanpur Bypass from Km. 82.000 to Km. 119.790 Pkg-4,National Highways Authority of India [NHAI],618968,N24001735,Uttar Pradesh,03/2021,09/2022,09/2024,04/2026,1428.19,1439.35,1193.3,97.5,150,2026-03-31,https://ipm.mospi.gov.in/Content/PDF/FlashReport_March_2026.pdf,1,0.7814,1,19,60,42,-18,83.5533,2026-03,2026-03-01,"Retrospective March 2026 snapshot; use revised cost/date only as outcome labels, not predictive features."
1825,6L access control Greenfield highway of Vill-Lohadda to Vill-Karaunda Mahajan from Km. 27.000 to Km. 56.500 Pkg-2,National Highways Authority of India [NHAI],618970,N24001734,Uttar Pradesh,03/2021,09/2022,09/2024,04/2026,1335.45,1335.38,984.58,92.89,150,2026-03-31,https://ipm.mospi.gov.in/Content/PDF/FlashReport_March_2026.pdf,0,-0.0052,1,19,60,42,-18,73.7265,2026-03,2026-03-01,"Retrospective March 2026 snapshot; use revised cost/date only as outcome labels, not predictive features."
1826,4L of Najibabad Bypass from Km. 105.423 to Km. 118.373 excluding 2.45 Km. of NH- 74 Bypass of NH-119,National Highways Authority of India [NHAI],619162,N24001753,Uttar Pradesh,01/2022,12/2022,06/2024,04/2026,578.02,566.9,438.51,100.0,150,2026-03-31,https://ipm.mospi.gov.in/Content/PDF/FlashReport_March_2026.pdf,0,-1.9238,1,22,50,29,-21,75.8642,2026-03,2026-03-01,"Retrospective March 2026 snapshot; use revised cost/date only as outcome labels, not predictive features."
1827,6L access controlled Greenfield highway of Junction of EPE Vill.-Mavikalan to Vill.- Lohadda from Km. 0.000 to Km. 27.000 Pkg-1,National Highways Authority of India [NHAI],619168,N24001733,Uttar Pradesh,03/2021,09/2022,09/2024,04/2026,1602.48,1497.94,1198.22,99.11,150,2026-03-31,https://ipm.mospi.gov.in/Content/PDF/FlashReport_March_2026.pdf,0,-6.5236,1,19,60,42,-18,74.7729,2026-03,2026-03-01,"Retrospective March 2026 snapshot; use revised cost/date only as outcome labels, not predictive features."
1828,6L access-controlled highway from Ganeshpur tonear Mohand of Ganeshpur Dehradun section from Km.0 to Km.8.3 of NH-72A Package-1,NHAI,619308,-,Uttar Pradesh,11/2020,10/2021,10/2023,04/2026,836.24,835.74,807.97,98.92,150,2026-03-31,https://ipm.mospi.gov.in/Content/PDF/FlashReport_March_2026.pdf,0,-0.0598,1,30,64,35,-29,96.6194,2026-03,2026-03-01,"Retrospective March 2026 snapshot; use revised cost/date only as outcome labels, not predictive features."
1829,Landslide treatment work on NH 58 from Kodiyala Km. 266.130 to Devprayag Km. 296.925 10 location under EPC mode in the State of Uttarakhand on EPC Mode,MoRTH,617888,-,Uttarakhand,01/2023,02/2024,02/2025,06/2026,192.54,192.54,0.0,99.0,150,2026-03-31,https://ipm.mospi.gov.in/Content/PDF/FlashReport_March_2026.pdf,0,0.0000,1,16,38,25,-13,0.0000,2026-03,2026-03-01,"Retrospective March 2026 snapshot; use revised cost/date only as outcome labels, not predictive features."
1830,Treatment of landslide zone from location no. 01 to 28 km 62.860 to 152.750 on NH- 12509 in the State of Uttarakhand under EPC mode in NHO Annual Plan 2022-23,MoRTH,617889,-,Uttarakhand,11/2022,06/2023,06/2024,04/2026,192.22,192.22,0.0,97.0,150,2026-03-31,https://ipm.mospi.gov.in/Content/PDF/FlashReport_March_2026.pdf,0,0.0000,1,22,40,19,-21,0.0000,2026-03,2026-03-01,"Retrospective March 2026 snapshot; use revised cost/date only as outcome labels, not predictive features."
1831,Construction of Champawat Bypass with two lane with paved shoulder configuration starting from existing chainage 121.700 to existing chainage 129.450 Design Length 9.847 of NH-125 in District-Champawat in the state of Uttrakhand on EPC mode.,MoRTH,617890,-,Uttarakhand,02/2025,01/2026,12/2027,,220.89,220.89,0.0,0.3,150,2026-03-31,https://ipm.mospi.gov.in/Content/PDF/FlashReport_March_2026.pdf,0,0.0000,,,13,34,21,0.0000,2026-03,2026-03-01,"Retrospective March 2026 snapshot; use revised cost/date only as outcome labels, not predictive features."
1832,Construction of 2 lane with paved shoulder of Kund Bypass from Design Km 35.130 to Km 47.700 existing Km 33.130 to Km 41.260 of NH-109 in the State of Uttarakhand,MoRTH,617929,N24000781,Uttarakhand,02/2018,05/2018,05/2020,12/2026,247.41,247.41,110.98,73.5,150,2026-03-31,https://ipm.mospi.gov.in/Content/PDF/FlashReport_March_2026.pdf,0,0.0000,1,79,97,27,-70,44.8567,2026-03,2026-03-01,"Retrospective March 2026 snapshot; use revised cost/date only as outcome labels, not predictive features."
1833,Construction of Rudraprayag tunnel of length 900.30 MTR including approaches and one major bridge on river Alaknanda connecting NH-107/old-109 to NH-07old-58 on EPC mode in the state of Uttarakhand.,MoRTH,617967,-,Uttarakhand,02/2021,01/2023,07/2025,03/2026,251.88,251.88,0.0,99.0,150,2026-03-31,https://ipm.mospi.gov.in/Content/PDF/FlashReport_March_2026.pdf,0,0.0000,1,8,61,53,-8,0.0000,2026-03,2026-03-01,"Retrospective March 2026 snapshot; use revised cost/date only as outcome labels, not predictive features."
1834,Construction & Widening Including Augustmuni Bypass Ch-16.545 to Ch - 19.890 to 2L/PS from Km 16.545-Km 33.130 & 45.980 -57.975 Augustmuni to Kund & Guptkashi to Sitapur on NH 109 in UK,MoRTH,617968,N24000779,Uttarakhand,03/2017,02/2018,02/2020,03/2024,418.89,418.89,422.72,95.0,150,2026-03-31,https://ipm.mospi.gov.in/Content/PDF/FlashReport_March_2026.pdf,0,0.0000,1,49,108,35,-73,100.9143,2026-03,2026-03-01,"Retrospective March 2026 snapshot; use revised cost/date only as outcome labels, not predictive features."
1835,Reconstruction of existing 2 L/IL to 2L with paved shoulder from existing km 52.200 to 92.880 of NH-,MoRTH,617970,N24000775,Uttarakhand,10/2016,06/2017,06/2019,10/2023,282.08,282.08,166.13,100.0,150,2026-03-31,https://ipm.mospi.gov.in/Content/PDF/FlashReport_March_2026.pdf,0,0.0000,1,52,113,32,-81,58.8946,2026-03,2026-03-01,"Retrospective March 2026 snapshot; use revised cost/date only as outcome labels, not predictive features."
1836,Rehabilitation and upgradation of 2 lane with paved shoulder from existing km. 195.175 to km. 220.000 Design Chainage km71.300 to Km. 95.947 Excluding existing chainage Km 200.300 to Km 202.400 Design chainage Km 76.400 to Km 78.400 on Dharasu to Yamunotri Road of NH- 134 Old NH-94,MoRTH,,,Uttarakhand,05/2025,10/2025,04/2028,,344.73,344.73,0.0,17.78,150,2026-03-31,https://ipm.mospi.gov.in/Content/PDF/FlashReport_March_2026.pdf,0,0.0000,,,10,35,25,0.0000,2026-03,2026-03-01,"Retrospective March 2026 snapshot; use revised cost/date only as outcome labels, not predictive features."
1837,122.00 Dharasu Bend to km 147.230 Silkyara Bend of NH-94 in the state of Uttarakhand,MoRTH,617975,N24000820,Uttarakhand,03/2017,11/2017,11/2019,07/2024,237.79,237.79,79.56,100.0,151,2026-03-31,https://ipm.mospi.gov.in/Content/PDF/FlashReport_March_2026.pdf,0,0.0000,1,56,108,32,-76,33.4581,2026-03,2026-03-01,"Retrospective March 2026 snapshot; use revised cost/date only as outcome labels, not predictive features."
1838,Widening to 2 Lane from Existing Chainage Km 74.700 Km 100.660 Design Chainage Km 53.365 to Km 78.785 on NH- 507 in the State of Uttarakhand.,MoRTH,618039,-,Uttarakhand,01/2024,10/2025,04/2028,,346.82,346.82,0.0,21.64,151,2026-03-31,https://ipm.mospi.gov.in/Content/PDF/FlashReport_March_2026.pdf,0,0.0000,,,26,51,25,0.0000,2026-03,2026-03-01,"Retrospective March 2026 snapshot; use revised cost/date only as outcome labels, not predictive features."
1839,Rehabilitation and Upgradation to Two lanes with Paved Shoulders configuration and Strengthening from Km 175.00 to Km 196.00 Gumkhal to Satpuli of NH-119 New NH- 534 in the State of Uttarakhand under NHO Annual Plan 2021-22 under EPC mode,MoRTH,618040,-,Uttarakhand,03/2022,01/2025,01/2027,,452.81,452.81,0.0,42.0,151,2026-03-31,https://ipm.mospi.gov.in/Content/PDF/FlashReport_March_2026.pdf,0,0.0000,,,48,58,10,0.0000,2026-03,2026-03-01,"Retrospective March 2026 snapshot; use revised cost/date only as outcome labels, not predictive features."
1840,Rehabilitation and upgrading to two lanes with paved shoulders and Strengthening of Kotdwar-Pauri-Srinagar road section from Km 232.00 to 274.470 on NH-119 New 534 Paidul to Srinagar in the State of Uttarakhand on EPC Mode under NHO Annual Plan 2021-22.,MoRTH,618041,-,Uttarakhand,02/2022,12/2025,12/2027,,299.31,299.31,0.0,2.0,151,2026-03-31,https://ipm.mospi.gov.in/Content/PDF/FlashReport_March_2026.pdf,0,0.0000,,,49,70,21,0.0000,2026-03,2026-03-01,"Retrospective March 2026 snapshot; use revised cost/date only as outcome labels, not predictive features."
1841,Rehabilitation and up-gradation to 2-lane configuration of Bageshwar to Kangarchina road from km 129.600 to Km 161.600 Existing Chainage 136.00 to Km 169.00 of NH- 309Ain the State of Uttarakhand Package-IV under NHO Annual Plan 2021-22,MoRTH,618119,-,Uttarakhand,03/2022,08/2024,02/2027,,472.23,472.23,0.0,52.0,151,2026-03-31,https://ipm.mospi.gov.in/Content/PDF/FlashReport_March_2026.pdf,0,0.0000,,,48,59,11,0.0000,2026-03,2026-03-01,"Retrospective March 2026 snapshot; use revised cost/date only as outcome labels, not predictive features."
1842,Widening to 2-lane with Hard Shoulder configuration of Mana Ch. 0.00 to Mana Pass Ch. 50.987 road on NH-07 under Bharatmala Pariyojna in the state of Uttarakhand under Annual Plan 2022-23 length 50.987,MoRTH,618207,-,Uttarakhand,10/2022,10/2023,10/2027,10/2028,573.96,573.96,0.0,20.78,151,2026-03-31,https://ipm.mospi.gov.in/Content/PDF/FlashReport_March_2026.pdf,0,0.0000,1,12,41,60,19,0.0000,2026-03,2026-03-01,"Retrospective March 2026 snapshot; use revised cost/date only as outcome labels, not predictive features."
1843,Construction and upgradation of existing road to 2-lane with paved shoulder from existing chainage Km 509.725 to Km 528.000 design chainage Km 490.550 to Km 507.850 of NH-58 new NH-07 Benakuli bend to Mana Village in EPC mode under Chardham Programme in the State of Uttarakhand.,MoRTH,618208,-,Uttarakhand,02/2019,11/2019,10/2021,,180.1,180.1,0.0,95.0,151,2026-03-31,https://ipm.mospi.gov.in/Content/PDF/FlashReport_March_2026.pdf,0,0.0000,,,85,32,-53,0.0000,2026-03,2026-03-01,"Retrospective March 2026 snapshot; use revised cost/date only as outcome labels, not predictive features."
1844,Construction & up gradation of existing road to 2-Lane with paved shoulder from existing chainage km 468000 to km 489350 Design Chainage km 465150 to km 471500 of NH-07 Old NH-58 including Joshimath bypass on EPC mode in the state of Uttarakhand Length 6.35 km,MoRTH,618209,-,Uttarakhand,03/2022,09/2022,09/2025,08/2027,258.85,258.85,0.0,35.6,151,2026-03-31,https://ipm.mospi.gov.in/Content/PDF/FlashReport_March_2026.pdf,0,0.0000,1,23,48,42,-6,0.0000,2026-03,2026-03-01,"Retrospective March 2026 snapshot; use revised cost/date only as outcome labels, not predictive features."
1845,Rehabilitation and upgradation of Askot-Lipulekh on EPC Basis for Phase-I Existing Km 72.00 to 107.620 Design Chainage Km 21330 to Km 56935 under Project Hirak of BRO in the state of Uttarakhand under Bharatmala Pariyojna Phase-I on EPC Mode Length-35.605 Km CA No EPC/MORT&H/HRK/01/2021-22,MoRTH,618210,-,Uttarakhand,09/2020,12/2021,12/2023,06/2026,603.92,603.92,0.0,81.17,151,2026-03-31,https://ipm.mospi.gov.in/Content/PDF/FlashReport_March_2026.pdf,0,0.0000,1,30,66,39,-27,0.0000,2026-03,2026-03-01,"Retrospective March 2026 snapshot; use revised cost/date only as outcome labels, not predictive features."
1846,Improvement/construction of 2-lane with paved shoulder of Askote Llipulekh road from Tawaghat village to Budhi village design km. 56935 to km 95748 and from end of Tunnel portal to Kali Mandir design km 113828 to km. 133078 [total design length 58.063 km] under project Hirak of BRO in the state of Uttarakhand under Bharatmala Pariyojna on EPC Mode,MoRTH,618211,-,Uttarakhand,05/2022,11/2024,11/2026,11/2026,649.6,649.6,0.0,29.72,151,2026-03-31,https://ipm.mospi.gov.in/Content/PDF/FlashReport_March_2026.pdf,0,0.0000,0,0,46,54,8,0.0000,2026-03,2026-03-01,"Retrospective March 2026 snapshot; use revised cost/date only as outcome labels, not predictive features."
1847,"STABILIZATION OF LAND SLIDE AND SLOPE PROTECTION AT KM 11.00 TO KM 11.08, 29,730 KM TO 30,060 KM, 30,400 KM TO 31,060 KM, 34,750 KM TO 35,300 KM, 38,950 KM TO 39,030 KM & 39,460 KM TO 39,540 KM TWO LOC CLUBBED, KM 40,400 TO KM 40,650, KM 43,500 KM 43,680, 52,460 RISHIKESH - DHARASU ROAD NH-94 ON EPC MODE IN THE STATE OF UTTARAKHAND. NOSE OF LAND SLIDE - 12 NOS",MoRTH,618212,-,Uttarakhand,01/2024,10/2025,04/2027,,197.26,197.26,0.0,15.06,151,2026-03-31,https://ipm.mospi.gov.in/Content/PDF/FlashReport_March_2026.pdf,0,0.0000,,,26,39,13,0.0000,2026-03,2026-03-01,"Retrospective March 2026 snapshot; use revised cost/date only as outcome labels, not predictive features."
1848,Rehabilitation and Upgradation of road Rishikesh Dharasu Old NH-94 with 2-lane with paved shoulder from km 76.000 to km 110.000 Design Chainage from km 74.733 to km 107.347 32.614 km including construction of Kamand re-alignment from existing Chainage Km 105.200 to Km 108.600 design chainage Km 103.436 to Km 105.949 - total length 2513 mtrs and land slide treatment work between design chainage Km 73.800 to Km 74.00 200m on EPC mode under improvement to NH connectivity to Chardham in,MoRTH,618213,-,Uttarakhand,03/2018,01/2019,01/2021,01/2026,273.76,273.76,0.0,96.46,151,2026-03-31,https://ipm.mospi.gov.in/Content/PDF/FlashReport_March_2026.pdf,0,0.0000,1,60,96,34,-62,0.0000,2026-03,2026-03-01,"Retrospective March 2026 snapshot; use revised cost/date only as outcome labels, not predictive features."
1849,Rehabilitation and upgradation to 2 lane / 2 lane with paved shoulder configuration for design chainage km 107.347 to km 129.208 & km 133.878 to km 138.570 existing chainage km 110.000 to km 133.020 & km 137.330 to km 142.028 and land slide treatment at existing km 138.500 Design chainage km 134.970 of NH -94 on EPC mode under improvement to NH connectivity to Chardham in the state of Uttarakhand.,MoRTH,618214,-,Uttarakhand,03/2018,01/2019,07/2021,06/2024,346.5,346.5,0.0,100.0,151,2026-03-31,https://ipm.mospi.gov.in/Content/PDF/FlashReport_March_2026.pdf,0,0.0000,1,35,96,40,-56,0.0000,2026-03,2026-03-01,"Retrospective March 2026 snapshot; use revised cost/date only as outcome labels, not predictive features."
1850,Rehabilitation & upgradation of existing road to 2-lane with hard shoulder from Joshimath km 0.00 to Saraithota km 29.725 road on NH-107B under Bharatmala Pariyojna on EPC mode in the state of Uttarakhand,MoRTH,,,Uttarakhand,10/2022,,05/2025,03/2027,338.38,338.38,0.0,78.2,151,2026-03-31,https://ipm.mospi.gov.in/Content/PDF/FlashReport_March_2026.pdf,0,0.0000,1,22,41,31,-10,0.0000,2026-03,2026-03-01,"Retrospective March 2026 snapshot; use revised cost/date only as outcome labels, not predictive features."
1851,Malari Ch. 60.550 km road on NH- 107B under in the state of Uttarakhand.,MoRTH,618219,-,Uttarakhand,10/2022,05/2024,05/2026,12/2026,292.76,292.76,0.0,72.5,152,2026-03-31,https://ipm.mospi.gov.in/Content/PDF/FlashReport_March_2026.pdf,0,0.0000,1,7,41,43,2,0.0000,2026-03,2026-03-01,"Retrospective March 2026 snapshot; use revised cost/date only as outcome labels, not predictive features."
1852,"Construction, Operation & Maintenance of 2-L Bi-directional Silkyara Bend- Barkot Tunnel with escape passage including approaches Tunnel-4.531 & Approach road- 0.328 on Dharasu-Yamunotri section b/w Chainage 25.400km and 51.00km falling along NH-134 Old NH-94 on EPC mode",NHIDCL,618390,N24000855,Uttarakhand,03/2018,07/2018,07/2022,03/2027,1383.78,1383.78,688.93,70.5,152,2026-03-31,https://ipm.mospi.gov.in/Content/PDF/FlashReport_March_2026.pdf,0,0.0000,1,56,96,52,-44,49.7861,2026-03,2026-03-01,"Retrospective March 2026 snapshot; use revised cost/date only as outcome labels, not predictive features."
1853,"Construction for Mitigation Measures of 5 Nos. Landslides, 05 No. Sinking Zones and 01 No. Bridge from Ch. 450.00 to Ch. 468.00 18 Km. Length on NH-07 Package-III",NHIDCL,618391,N24002164,Uttarakhand,12/2023,06/2024,12/2025,12/2026,250.33,250.33,0.0,81.23,152,2026-03-31,https://ipm.mospi.gov.in/Content/PDF/FlashReport_March_2026.pdf,0,0.0000,1,12,27,24,-3,0.0000,2026-03,2026-03-01,"Retrospective March 2026 snapshot; use revised cost/date only as outcome labels, not predictive features."
1854,"Construction for Mitigation Measures of 5 Nos. Landslides, 5 Nos. Sinking Zones in between Ch. 433.00 to 450.00 BANERPANI VILLAGE on NH-07 on EPC mode in the state of Uttarakhand Package-2",NHIDCL,618392,N24002206,Uttarakhand,12/2023,12/2024,06/2026,06/2026,259.64,259.64,0.0,52.51,152,2026-03-31,https://ipm.mospi.gov.in/Content/PDF/FlashReport_March_2026.pdf,0,0.0000,0,0,27,30,3,0.0000,2026-03,2026-03-01,"Retrospective March 2026 snapshot; use revised cost/date only as outcome labels, not predictive features."
1855,"Construction for Mitigation Measures of 10 Nos. Landslides, 01 No. Sinking Zones and 1 No. of Minor Bridge in between at Ch. Km 368.00 to Km 433.00 on NH-07 on EPC Mode in Uttarakhand Package-1",NHIDCL,618393,N24002163,Uttarakhand,12/2023,06/2024,12/2025,,216.68,216.68,107.69,96.0,152,2026-03-31,https://ipm.mospi.gov.in/Content/PDF/FlashReport_March_2026.pdf,0,0.0000,,,27,24,-3,49.7000,2026-03,2026-03-01,"Retrospective March 2026 snapshot; use revised cost/date only as outcome labels, not predictive features."
1856,4L of Haridwar Nagina section Design Ch. LME from km 13.829 to km 17.110 & km 26.077 to km 27.508 and Design Ch. RME from km 13.839 to km 17.120 & km 26.078 to km 27.509 of EUP mitigation measures on NH74,National Highways Authority of India [NHAI],618875,-,Uttarakhand,11/2021,08/2022,02/2024,06/2026,183.92,142.11,96.31,70.42,152,2026-03-31,https://ipm.mospi.gov.in/Content/PDF/FlashReport_March_2026.pdf,0,-22.7327,1,28,52,27,-25,52.3652,2026-03,2026-03-01,"Retrospective March 2026 snapshot; use revised cost/date only as outcome labels, not predictive features."
1857,Construction of 4-lane connectivity to Banbasa ICP at India Nepal border from NH-09 old NH-125 Sitarganj-Tanakpur at Km 40.00 near Jagbuda bridge under Bharatmala Priyojana of NH-109D on EPC mode in the State of Uttarakhand,National Highways Authority of India [NHAI],619142,-,Uttarakhand,06/2022,03/2023,09/2024,04/2027,216.97,237.01,152.33,75.24,152,2026-03-31,https://ipm.mospi.gov.in/Content/PDF/FlashReport_March_2026.pdf,1,9.2363,1,31,45,27,-18,70.2079,2026-03,2026-03-01,"Retrospective March 2026 snapshot; use revised cost/date only as outcome labels, not predictive features."
1858,Upgradation and 4L of Haridwar Bypass from Km 0.000 Km 188.100 of NH-58 to Km. 15.100 Km 5.100 of NH 74 PKg-1,National Highways Authority of India [NHAI],619155,N24001526,Uttarakhand,11/2021,10/2022,10/2024,10/2026,1602.89,1423.89,585.02,75.59,152,2026-03-31,https://ipm.mospi.gov.in/Content/PDF/FlashReport_March_2026.pdf,0,-11.1673,1,24,52,35,-17,36.4978,2026-03,2026-03-01,"Retrospective March 2026 snapshot; use revised cost/date only as outcome labels, not predictive features."
1859,4L Medinipur to Ballupur from Km. 458.65 to Km. 487.65 of NH-07Pkg-2,NHAI,619292,-,Uttarakhand,03/2022,02/2023,02/2025,04/2026,1092.9,1072.5,712.04,93.9,152,2026-03-31,https://ipm.mospi.gov.in/Content/PDF/FlashReport_March_2026.pdf,0,-1.8666,1,14,48,35,-13,65.1514,2026-03,2026-03-01,"Retrospective March 2026 snapshot; use revised cost/date only as outcome labels, not predictive features."
1860,Construction of 4 Lane Access Controlled Bypass for Dehradun on NH307 from Design Chainage km 0050 Jhajra on NH-07 to Design Chainage km 12220 Asharori on EPC Mode in the State of Uttarakhand under NHO,NHAI,619293,-,Uttarakhand,12/2023,04/2025,04/2027,04/2027,715.97,337.11,115.32,43.28,152,2026-03-31,https://ipm.mospi.gov.in/Content/PDF/FlashReport_March_2026.pdf,0,-52.9156,0,0,27,40,13,16.1068,2026-03,2026-03-01,"Retrospective March 2026 snapshot; use revised cost/date only as outcome labels, not predictive features."
1861,Road Safety Improvement of existing four lane section of Dehradun-Lal Tappar-Nepali Farm Section of NH-7 and Nepali Farm-Motichur NH-34 on EPC Mode in Uttarakhand under NHO.,NHAI,619294,-,Uttarakhand,05/2025,02/2026,08/2028,08/2028,720.67,388.19,0.0,0.0,152,2026-03-31,https://ipm.mospi.gov.in/Content/PDF/FlashReport_March_2026.pdf,0,-46.1348,0,0,10,39,29,0.0000,2026-03,2026-03-01,"Retrospective March 2026 snapshot; use revised cost/date only as outcome labels, not predictive features."
1862,Four/Six laning of Bhaniyawala-Jollygrant-Rishikesh spur section of NH-07 from Km. 0.000 to Km 19.780,NHAI,619295,-,Uttarakhand,02/2023,12/2025,11/2027,11/2027,742.43,664.92,0.3,0.0,152,2026-03-31,https://ipm.mospi.gov.in/Content/PDF/FlashReport_March_2026.pdf,0,-10.4400,0,0,37,57,20,0.0404,2026-03,2026-03-01,"Retrospective March 2026 snapshot; use revised cost/date only as outcome labels, not predictive features."
1863,NH-60 NH-14 over River Kangshabati from Km. 117.770 to Km 119.250 and additional major Bridge with 4- lane configuration of length 0.900 km on NH-60 NH- 14 over River Shilabati from Km. 173.220 to Km 174.120 in the district of Paschim Medinipur of West Bengal under Annual Plan for FY 2023-24 on EPC mode. Job No 014-W8-2023-24/527 .,MoRTH,617893,,West Bengal,11/2023,11/2025,05/2028,05/2028,304.83,304.83,0.0,0.0,152,2026-03-31,https://ipm.mospi.gov.in/Content/PDF/FlashReport_March_2026.pdf,0,0.0000,0,0,28,54,26,0.0000,2026-03,2026-03-01,"Retrospective March 2026 snapshot; use revised cost/date only as outcome labels, not predictive features."
1864,"(-) Construction or 4 lane Raniganj Bypass of length 5.261 km on NH-60 new NH-14 from km 273.00 of NH to km 478.18 of NH-2 New NH 16 in paschim Bardhaman, West Bengal in EPC Mode- reg. Job No. 014-WB-2022-23/514",MoRTH,617894,-,West Bengal,03/2023,03/2024,03/2026,12/2026,410.83,410.83,157.03,62.92,152,2026-03-31,https://ipm.mospi.gov.in/Content/PDF/FlashReport_March_2026.pdf,0,0.0000,1,9,36,36,0,38.2226,2026-03,2026-03-01,"Retrospective March 2026 snapshot; use revised cost/date only as outcome labels, not predictive features."
1865,Construction of ROB and its approaches in lieu of LC No. 10/B/T at Km 307.050 of NH-60.,MoRTH,617931,-,West Bengal,03/2016,08/2023,08/2025,03/2027,155.87,138.57,0.0,15.63,152,2026-03-31,https://ipm.mospi.gov.in/Content/PDF/FlashReport_March_2026.pdf,0,-11.0990,1,19,120,113,-7,0.0000,2026-03,2026-03-01,"Retrospective March 2026 snapshot; use revised cost/date only as outcome labels, not predictive features."
1866,Construction of new road at the missing link portion of NH-81 along approved alignment between Harishchandrapur and Eastern approach of Kalindri Bridge from Km 46.550 to Km 59.697 in the district of Malda. Job No-081-WB-2015-16/400,MoRTH,617960,N24000874,West Bengal,08/2016,11/2016,11/2018,06/2026,271.17,291.2,209.23,84.47,152,2026-03-31,https://ipm.mospi.gov.in/Content/PDF/FlashReport_March_2026.pdf,1,7.3865,1,91,115,27,-88,77.1582,2026-03,2026-03-01,"Retrospective March 2026 snapshot; use revised cost/date only as outcome labels, not predictive features."
1867,km 569.258 to km 581.030 end of AH-02 project on NH- 31 near Shivmandir to Sevoke Army Cantonment in districts of Darjeeling and Jalpaiguri in the state of West Bengal on EPC Mode Job No. 010/WB/2021-22/490,MoRTH,618227,N24001850,West Bengal,03/2022,03/2023,09/2025,03/2027,995.04,1059.2,456.48,69.32,153,2026-03-31,https://ipm.mospi.gov.in/Content/PDF/FlashReport_March_2026.pdf,1,6.4480,1,18,48,42,-6,45.8755,2026-03,2026-03-01,"Retrospective March 2026 snapshot; use revised cost/date only as outcome labels, not predictive features."
1868,Construction & upgradation of existing road to 2-lane with paved shoulder including geometric improvement of Kafer- Lava More section from km 40.00 to km 61.100 of NH717-A on EPC under SARDP-NE A in state of West Bengal Pkg-VA,NHIDCL,618427,N24001261,West Bengal,06/2020,10/2020,04/2023,05/2026,311.02,273.78,6.11,95.49,153,2026-03-31,https://ipm.mospi.gov.in/Content/PDF/FlashReport_March_2026.pdf,0,-11.9735,1,37,69,34,-35,1.9645,2026-03,2026-03-01,"Retrospective March 2026 snapshot; use revised cost/date only as outcome labels, not predictive features."
1869,Construction & upgradation of existing road to 2-lane with paved shoulder including geometric improvement of sect. from Pedong bypass to Reshi Border km 79.700 to km 96.254 of NH-717A under SARDP-NE-A on EPC as part of Alternate connectivity to Gangtok Lava More-Reshi Border Pkg-VB,NHIDCL,618429,N24001262,West Bengal,06/2020,10/2020,04/2022,05/2026,345.38,395.59,395.8,94.12,153,2026-03-31,https://ipm.mospi.gov.in/Content/PDF/FlashReport_March_2026.pdf,1,14.5376,1,49,69,22,-47,114.5984,2026-03,2026-03-01,"Retrospective March 2026 snapshot; use revised cost/date only as outcome labels, not predictive features."
1870,Construction of alternative highway to Gangtok in Sikkim via Bagrakot -Chuikhim- Nimbong -Kafer-Bakhim-Algarah-Rhenock in the State of West Bengal and from Rhenok-Rorathang-Pakyong along with spur from Aritar-Rolep-Menla in the State of Sikkim from Km 0.00 to Km 13.00 of Bagrakot -Kafer section of NH 717A on EPC Mode under Phase-A of SARDP-NE in the State of West Bengal PKG- IVA,NHIDCL,618430,N24001251,West Bengal,03/2018,10/2019,04/2022,04/2026,402.94,402.94,0.0,98.54,153,2026-03-31,https://ipm.mospi.gov.in/Content/PDF/FlashReport_March_2026.pdf,0,0.0000,1,48,96,49,-47,0.0000,2026-03,2026-03-01,"Retrospective March 2026 snapshot; use revised cost/date only as outcome labels, not predictive features."
1871,Construction of alternative highway to Gangtok in Sikkim via Bagrakot -Chuikhim- Nimbong -Kafer-Bakhim-Algarah-Rhenock in the State of West Bengal and from Rhenok-Rorathang-Pakyong along with spur from Aritar-Rolep-Menla in the State of Sikkim from Km 13.00 to Km 25.60 of Bagrakot -Kafer section of NH 717A on EPC Mode under Phase-A of SARDP-NE in the State of West Bengal PKG- IVB,NHIDCL,618431,,West Bengal,03/2018,10/2020,04/2023,05/2026,295.97,295.97,0.39,96.81,153,2026-03-31,https://ipm.mospi.gov.in/Content/PDF/FlashReport_March_2026.pdf,0,0.0000,1,37,96,61,-35,0.1318,2026-03,2026-03-01,"Retrospective March 2026 snapshot; use revised cost/date only as outcome labels, not predictive features."
1872,(N24001252) Binnaguri Bypass-Descoped portion of Ghoshpukur-Dhupguri Section of NH-31Dpkg-1,National Highways Authority of India [NHAI],618572,-,West Bengal,03/2025,11/2025,11/2027,11/2027,309.99,306.02,0.15,1.07,153,2026-03-31,https://ipm.mospi.gov.in/Content/PDF/FlashReport_March_2026.pdf,0,-1.2807,0,0,12,32,20,0.0484,2026-03,2026-03-01,"Retrospective March 2026 snapshot; use revised cost/date only as outcome labels, not predictive features."
1873,Balance Works of 4L of NH-31D from Km. 113.200 to Km. 154.854 Package-II A Ghoshpukur-Salsalabari Section,National Highways Authority of India [NHAI],618574,-,West Bengal,11/2023,12/2024,06/2027,06/2027,1818.46,962.31,443.7,55.19,153,2026-03-31,https://ipm.mospi.gov.in/Content/PDF/FlashReport_March_2026.pdf,0,-47.0810,0,0,28,43,15,24.3998,2026-03,2026-03-01,"Retrospective March 2026 snapshot; use revised cost/date only as outcome labels, not predictive features."
1874,6L Elevated Kona Expressway from Km. 0.145 to Km. 7.337 of NH-117,National Highways Authority of India [NHAI],618808,-,West Bengal,03/2023,06/2024,12/2026,12/2027,1212.56,1203.11,283.87,36.78,153,2026-03-31,https://ipm.mospi.gov.in/Content/PDF/FlashReport_March_2026.pdf,0,-0.7793,1,12,36,45,9,23.4108,2026-03,2026-03-01,"Retrospective March 2026 snapshot; use revised cost/date only as outcome labels, not predictive features."
1875,4 laning of Barasat - Barajaguli Section of NH-12 from Km. 31.000 to Km. 48.679 in the district of North 24 - Parganas,National Highways Authority of India [NHAI],618823,-,West Bengal,02/2024,08/2024,02/2026,12/2026,352.01,346.39,54.34,35.13,153,2026-03-31,https://ipm.mospi.gov.in/Content/PDF/FlashReport_March_2026.pdf,0,-1.5965,1,10,25,24,-1,15.4371,2026-03,2026-03-01,"Retrospective March 2026 snapshot; use revised cost/date only as outcome labels, not predictive features."
1876,"Development to 4-laning of the de-scoped stretches from Km 115.342 to Km 191.700 of NH-34 in Nadia District 3.962 & Murshidabad District 5.538 pertaining to Krishnagar to Berhampore section of NH-34 New NH-12 , in the state of West Bengal under NHO.",National Highways Authority of India [NHAI],618824,-,West Bengal,03/2024,07/2024,01/2026,07/2026,201.1,197.74,47.32,47.5,153,2026-03-31,https://ipm.mospi.gov.in/Content/PDF/FlashReport_March_2026.pdf,0,-1.6708,1,6,24,22,-2,23.5306,2026-03,2026-03-01,"Retrospective March 2026 snapshot; use revised cost/date only as outcome labels, not predictive features."
1877,Bridge over Ganga River at d/s of Farraka Barrage including Approaches connecting Farakka-Raiganj,National Highways Authority of India [NHAI],618825,N24001750,West Bengal,08/2018,12/2018,12/2021,04/2026,622.04,646.1,339.47,96.17,153,2026-03-31,https://ipm.mospi.gov.in/Content/PDF/FlashReport_March_2026.pdf,1,3.8679,1,52,91,40,-51,54.5737,2026-03,2026-03-01,"Retrospective March 2026 snapshot; use revised cost/date only as outcome labels, not predictive features."
1878,4L of Purulia Bypass section from Km 84.030 to Km 94.345 of NH-32,National Highways Authority of India [NHAI],618910,N24001749,West Bengal,01/2021,02/2022,08/2023,04/2026,557.55,562.57,463.78,94.12,153,2026-03-31,https://ipm.mospi.gov.in/Content/PDF/FlashReport_March_2026.pdf,1,0.9004,1,32,62,31,-31,83.1818,2026-03,2026-03-01,"Retrospective March 2026 snapshot; use revised cost/date only as outcome labels, not predictive features."
1879,"60 new NH-14 from design chainage 0.00 existing km 316.135 on NH-60 to design chainage 5.676 existing km 320.980 on NH-60 in the district of Birbhum, West Bengal under Annual Plan 2022-23 in EPC Mode- reg. Job. No. 014-WB-2022- 23/518 .",MoRTH,619004,-,West Bengal,03/2023,12/2025,12/2027,12/2027,560.79,560.79,0.0,2.5,153,2026-03-31,https://ipm.mospi.gov.in/Content/PDF/FlashReport_March_2026.pdf,0,0.0000,0,0,36,57,21,0.0000,2026-03,2026-03-01,"Retrospective March 2026 snapshot; use revised cost/date only as outcome labels, not predictive features."
1880,"Slope protection and landslide mitigation at 4 vulnerable locations km 1.950 to Km 2.100, km 11.100 to 11.450, km 22.435 to km 22.485 and km 22.610 to km 22.680 within Sevoke-Rangpo section of NH-10 old NH-31A in Darjeeling & Kalimpong district in the State of West Bengal on EPC mode",NHIDCL,619187,-,West Bengal,02/2024,06/2025,06/2027,06/2027,152.27,152.27,0.0,22.33,153,2026-03-31,https://ipm.mospi.gov.in/Content/PDF/FlashReport_March_2026.pdf,0,0.0000,0,0,25,40,15,0.0000,2026-03,2026-03-01,"Retrospective March 2026 snapshot; use revised cost/date only as outcome labels, not predictive features."
1881,Telecommunication SETTING UP OF PHYSICAL INFRASTRUCTURE FOR THE NATIONAL INSTITUTE OF COMMUNICATION FINANCE [NICF] AT GHITORNI,National Communication Academy - Finance [Erstwhile NICF],709859,N28000115,Delhi,10/2014,04/2018,02/2020,06/2026,248.2,248.2,236.91,98.0,153,2026-03-31,https://ipm.mospi.gov.in/Content/PDF/FlashReport_March_2026.pdf,0,0.0000,1,76,137,64,-73,95.4512,2026-03,2026-03-01,"Retrospective March 2026 snapshot; use revised cost/date only as outcome labels, not predictive features."
1883,,Department of Telecommunications [DoT],617413,-,"Bihar, Chhattisgarh, Jharkhand, Pradesh, Maharashtra, Odisha, Telangana, Uttar Pradesh, West Bengal)",04/2022,05/2024,05/2025,03/2026,1884.6,1884.6,376.8,97.22,154,2026-03-31,https://ipm.mospi.gov.in/Content/PDF/FlashReport_March_2026.pdf,0,0.0000,1,10,47,37,-10,19.9936,2026-03,2026-03-01,"Retrospective March 2026 snapshot; use revised cost/date only as outcome labels, not predictive features."
1884,Mobile connectivity in Left Wing Extremism [LWE] affected areas-Phase2,Department of Telecommunications [DoT],701599,-,"Multi-States Pradesh, Bihar, Chhattisgarh, Jharkhand, Pradesh, Maharashtra, Odisha, Telangana, Uttar Pradesh, West",05/2018,09/2021,03/2023,03/2026,1577.57,1577.57,701.66,87.2,154,2026-03-31,https://ipm.mospi.gov.in/Content/PDF/FlashReport_March_2026.pdf,0,0.0000,1,36,94,58,-36,44.4773,2026-03,2026-03-01,"Retrospective March 2026 snapshot; use revised cost/date only as outcome labels, not predictive features."
1885,"Provision of 4G based mobile services in 7,287 uncovered villages of 44 Aspirational District across 5 states of Andhra Pradesh, Chhattisgarh, Jharkhand, Maharashtra & (Andhra Odisha",Department of Telecommunications [DoT],701602,-,"Bengal) Multi-States Pradesh, Chhattisgarh, Jharkhand, Maharashtra, Odisha)",11/2021,05/2022,11/2023,05/2026,3685.0,3685.0,1451.43,83.0,154,2026-03-31,https://ipm.mospi.gov.in/Content/PDF/FlashReport_March_2026.pdf,0,0.0000,1,30,52,24,-28,39.3875,2026-03,2026-03-01,"Retrospective March 2026 snapshot; use revised cost/date only as outcome labels, not predictive features."
1886,Provision of 4G Mobile Services in Uncovered Villages of Arunachal Pradesh and 2 Districts of Assam,Department of Telecommunications,701597,-,"Multi-States (Arunachal Pradesh, Assam)",12/2020,10/2021,04/2023,03/2026,1255.49,1255.49,332.43,99.37,154,2026-03-31,https://ipm.mospi.gov.in/Content/PDF/FlashReport_March_2026.pdf,0,0.0000,1,35,63,28,-35,26.4781,2026-03,2026-03-01,"Retrospective March 2026 snapshot; use revised cost/date only as outcome labels, not predictive features."
1887,"502 Aspirational District Scheme in Four states - Bihar, Madhya Pradesh, Rajastha and Uttar Pradesh",Department of Telecommunications [DoT],704495,-,"Multi-States (Bihar, Madhya Pradesh, Rajasthan, Uttar Pradesh)",12/2019,03/2021,03/2022,06/2026,421.65,228.94,152.96,99.0,154,2026-03-31,https://ipm.mospi.gov.in/Content/PDF/FlashReport_March_2026.pdf,0,-45.7038,1,51,75,27,-48,36.2765,2026-03,2026-03-01,"Retrospective March 2026 snapshot; use revised cost/date only as outcome labels, not predictive features."
1888,Saturation 4G mobile coverage of Uncovered Villages through USOF,Department of Telecommunications [DoT],400013,-,PAN India,07/2022,07/2022,06/2024,03/2026,26316.0,30620.0,9791.8,83.7,154,2026-03-31,https://ipm.mospi.gov.in/Content/PDF/FlashReport_March_2026.pdf,1,16.3551,1,21,44,23,-21,37.2085,2026-03,2026-03-01,"Retrospective March 2026 snapshot; use revised cost/date only as outcome labels, not predictive features."
1889,4G Services by BSNL,Department of Telecommunications [DoT],701593,-,PAN India,11/2020,11/2020,03/2024,03/2026,28466.0,19592.0,8471.19,98.05,154,2026-03-31,https://ipm.mospi.gov.in/Content/PDF/FlashReport_March_2026.pdf,0,-31.1740,1,24,64,40,-24,29.7590,2026-03,2026-03-01,"Retrospective March 2026 snapshot; use revised cost/date only as outcome labels, not predictive features."
1890,BharatNet,Department of Telecommunications [DoT],706775,-,PAN India,07/2017,10/2011,08/2023,03/2027,61109.0,46431.54,,81.5,154,2026-03-31,https://ipm.mospi.gov.in/Content/PDF/FlashReport_March_2026.pdf,0,-24.0185,1,43,104,73,-31,,2026-03,2026-03-01,"Retrospective March 2026 snapshot; use revised cost/date only as outcome labels, not predictive features."
1891,MPLS-IP BASED ACCESS AND AGGREGATION NETWORK [MAAN] IN BSNL ALONG WITH TEST AND MEASURING EQUIPMENT,BSNL,709856,N26000116,PAN India,05/2023,05/2023,08/2024,06/2026,645.13,645.13,377.59,92.1,154,2026-03-31,https://ipm.mospi.gov.in/Content/PDF/FlashReport_March_2026.pdf,0,0.0000,1,22,34,15,-19,58.5293,2026-03,2026-03-01,"Retrospective March 2026 snapshot; use revised cost/date only as outcome labels, not predictive features."
1892,"Planning, Engineering, Supply, Installation, Testing, Commissioning, Integration & Annual Maintenance of 4G mobile network at 1 Lakh sites on PAN India basis including Mumbai & Delhi LSA on turnkey basis under Phase IX.2 Project.",BSNL,709857,N26000117,PAN India,05/2023,06/2023,06/2025,09/2026,24544.55,24544.5,8472.04,98.05,154,2026-03-31,https://ipm.mospi.gov.in/Content/PDF/FlashReport_March_2026.pdf,0,-0.0002,1,15,34,25,-9,34.5170,2026-03,2026-03-01,"Retrospective March 2026 snapshot; use revised cost/date only as outcome labels, not predictive features."
1893,Waste & Water Interception and Diversion and STP works in Bhagalpur under Hybrid annuity based PPP mode-Namami Gange Programme,National Mission for Clean Ganga,616600,N30000027,Bihar,10/2017,03/2022,02/2025,12/2026,413.29,413.29,126.67,97.0,154,2026-03-31,https://ipm.mospi.gov.in/Content/PDF/FlashReport_March_2026.pdf,0,0.0000,1,22,101,88,-13,30.6492,2026-03,2026-03-01,"Retrospective March 2026 snapshot; use revised cost/date only as outcome labels, not predictive features."
1894,Sewage Treatment Plant 100MLD and Sewerage Network 288 km in Digha-Patna under Hybrid annuity based PPP mode-Namami Gange Programme,National Mission for Clean Ganga,616611,N30000051,Bihar,08/2017,07/2019,12/2025,09/2026,824.0,824.0,396.71,57.0,154,2026-03-31,https://ipm.mospi.gov.in/Content/PDF/FlashReport_March_2026.pdf,0,0.0000,1,9,103,100,-3,48.1444,2026-03,2026-03-01,"Retrospective March 2026 snapshot; use revised cost/date only as outcome labels, not predictive features."
1895,Sewage Treatment Plant 50MLD and Sewerage Network 150 km in Kankarbagh- Patna under Hybrid annuity based PPP mode-Namami Gange Programme,National Mission for Clean Ganga,616612,N30000050,Bihar,08/2017,07/2019,12/2025,,578.89,578.89,171.79,54.0,154,2026-03-31,https://ipm.mospi.gov.in/Content/PDF/FlashReport_March_2026.pdf,0,0.0000,,,103,100,-3,29.6758,2026-03,2026-03-01,"Retrospective March 2026 snapshot; use revised cost/date only as outcome labels, not predictive features."
1896,"Sewer Network, SPS and STP at Begusarai",National Mission for Clean Ganga,616615,N30000026,Bihar,03/2010,03/2018,04/2025,12/2025,230.06,230.06,261.82,97.0,154,2026-03-31,https://ipm.mospi.gov.in/Content/PDF/FlashReport_March_2026.pdf,0,0.0000,1,8,192,181,-11,113.8051,2026-03,2026-03-01,"Retrospective March 2026 snapshot; use revised cost/date only as outcome labels, not predictive features."
1897,"Sewer Networks, SPS and STP at Hajipur",National Mission for Clean Ganga,616616,N30000035,Bihar,03/2010,03/2018,06/2025,12/2025,305.19,305.19,346.46,95.0,154,2026-03-31,https://ipm.mospi.gov.in/Content/PDF/FlashReport_March_2026.pdf,0,0.0000,1,6,192,183,-9,113.5227,2026-03,2026-03-01,"Retrospective March 2026 snapshot; use revised cost/date only as outcome labels, not predictive features."
1898,Interception & Diversion with Rehabilitation of sewerage scheme at Agra under Hybrid annuity based PPP model-Namami Gange Programme,National Mission for Clean Ganga,616594,-,Uttar Pradesh,05/2020,04/2023,04/2025,12/2026,842.25,842.25,208.64,79.0,154,2026-03-31,https://ipm.mospi.gov.in/Content/PDF/FlashReport_March_2026.pdf,0,0.0000,1,20,70,59,-11,24.7717,2026-03,2026-03-01,"Retrospective March 2026 snapshot; use revised cost/date only as outcome labels, not predictive features."
1900,Interception & Diversion with STP,National Mission for Clean Ganga,616604,N30000042,West Bengal,05/2018,12/2021,03/2025,08/2026,154.73,154.73,96.17,93.0,155,2026-03-31,https://ipm.mospi.gov.in/Content/PDF/FlashReport_March_2026.pdf,0,0.0000,1,17,94,82,-12,62.1534,2026-03,2026-03-01,"Retrospective March 2026 snapshot; use revised cost/date only as outcome labels, not predictive features."
1901,Water Resources Sardar Gouthu Latchanna Thotapalli Barrage Project,Water Resources-AP,400100,-,Andhra Pradesh,04/2005,01/2006,12/2019,06/2026,353.05,1023.24,872.65,95.88,155,2026-03-31,https://ipm.mospi.gov.in/Content/PDF/FlashReport_March_2026.pdf,1,189.8286,1,78,251,176,-75,247.1746,2026-03,2026-03-01,"Retrospective March 2026 snapshot; use revised cost/date only as outcome labels, not predictive features."
1902,Gundlakamma project,Water Resources-AP,400101,-,Andhra Pradesh,04/2005,04/2005,12/2019,03/2027,397.41,697.39,619.46,98.3,155,2026-03-31,https://ipm.mospi.gov.in/Content/PDF/FlashReport_March_2026.pdf,1,75.4838,1,87,251,176,-75,155.8743,2026-03,2026-03-01,"Retrospective March 2026 snapshot; use revised cost/date only as outcome labels, not predictive features."
1903,Polavaram Irrigation Project,Water Resources-AP,701415,N30000002,Andhra Pradesh,01/2009,11/2009,04/2022,03/2026,10151.04,26640.44,,85.9,155,2026-03-31,https://ipm.mospi.gov.in/Content/PDF/FlashReport_March_2026.pdf,1,162.4405,1,47,206,159,-47,,2026-03,2026-03-01,"Retrospective March 2026 snapshot; use revised cost/date only as outcome labels, not predictive features."
1904,Borolia Irrigation Project,"Department of Water Resources, River Development & GR",701370,-,Assam,04/1996,12/1996,12/2022,03/2026,256.16,256.16,44.7,55.44,155,2026-03-31,https://ipm.mospi.gov.in/Content/PDF/FlashReport_March_2026.pdf,0,0.0000,1,39,359,320,-39,17.4500,2026-03,2026-03-01,"Retrospective March 2026 snapshot; use revised cost/date only as outcome labels, not predictive features."
1905,Punpun Barrage Project,Water Resources-BR,400104,-,Bihar,04/2007,04/2007,12/2019,03/2026,571.07,658.12,447.68,44.5,155,2026-03-31,https://ipm.mospi.gov.in/Content/PDF/FlashReport_March_2026.pdf,1,15.2433,1,75,227,152,-75,78.3932,2026-03,2026-03-01,"Retrospective March 2026 snapshot; use revised cost/date only as outcome labels, not predictive features."
1906,Kelo Irrigation Project,Water Resources-CT,400111,-,Chhattisgarh,04/2008,04/2008,12/2019,06/2026,459.97,727.04,618.85,72.0,155,2026-03-31,https://ipm.mospi.gov.in/Content/PDF/FlashReport_March_2026.pdf,1,58.0625,1,78,215,140,-75,134.5414,2026-03,2026-03-01,"Retrospective March 2026 snapshot; use revised cost/date only as outcome labels, not predictive features."
1907,Kudali Irrigation Project,"Department of Water Resources, River Development & GR",701399,-,Chhattisgarh,04/2009,12/2009,12/2025,03/2026,382.29,382.29,249.06,86.31,155,2026-03-31,https://ipm.mospi.gov.in/Content/PDF/FlashReport_March_2026.pdf,0,0.0000,1,3,203,200,-3,65.1495,2026-03,2026-03-01,"Retrospective March 2026 snapshot; use revised cost/date only as outcome labels, not predictive features."
1908,Sardar Sarovar CADWM Project,"Narmada and Water Resources, Water Supply and Kalpsar Department-GJ",400097,-,Gujarat,04/2017,04/2017,12/2019,03/2026,5021.76,6670.31,4956.98,90.3,155,2026-03-31,https://ipm.mospi.gov.in/Content/PDF/FlashReport_March_2026.pdf,1,32.8281,1,75,107,32,-75,98.7100,2026-03,2026-03-01,"Retrospective March 2026 snapshot; use revised cost/date only as outcome labels, not predictive features."
1909,Sardar Sarovar Project,"Narmada and Water Resources, Water Supply and Kalpsar Department-GJ",701372,-,Gujarat,04/1996,04/1996,12/2019,03/2026,20718.17,31860.86,,93.7,155,2026-03-31,https://ipm.mospi.gov.in/Content/PDF/FlashReport_March_2026.pdf,1,53.7822,1,75,359,284,-75,,2026-03,2026-03-01,"Retrospective March 2026 snapshot; use revised cost/date only as outcome labels, not predictive features."
1910,"Subernarekha Multipurpose Project, Jharkhand",Department of Water Resources-JH,701376,-,Jharkhand,04/2011,01/2012,12/2019,03/2026,3807.77,9579.58,5999.8,70.0,155,2026-03-31,https://ipm.mospi.gov.in/Content/PDF/FlashReport_March_2026.pdf,1,151.5798,1,75,179,104,-75,157.5673,2026-03,2026-03-01,"Retrospective March 2026 snapshot; use revised cost/date only as outcome labels, not predictive features."
1911,Upper Tunga Irrigation Project,Water Resources-KA,701377,-,Karnataka,04/2014,04/2014,12/2019,03/2026,770.16,1606.07,1515.6,99.32,155,2026-03-31,https://ipm.mospi.gov.in/Content/PDF/FlashReport_March_2026.pdf,1,108.5372,1,75,143,68,-75,196.7903,2026-03,2026-03-01,"Retrospective March 2026 snapshot; use revised cost/date only as outcome labels, not predictive features."
1912,Omkareshwar CADWM Project,Water resource-mp,400096,-,Madhya Pradesh,04/2017,04/2017,12/2019,06/2027,648.09,648.09,208.06,49.78,155,2026-03-31,https://ipm.mospi.gov.in/Content/PDF/FlashReport_March_2026.pdf,0,0.0000,1,90,107,32,-75,32.1036,2026-03,2026-03-01,"Retrospective March 2026 snapshot; use revised cost/date only as outcome labels, not predictive features."
1913,Bargi Diversion Project Phase - IV [km. 154 to km 197],Water Resources-MP,400115,-,Madhya Pradesh,04/2008,01/2009,12/2019,03/2026,751.03,893.35,814.02,75.0,155,2026-03-31,https://ipm.mospi.gov.in/Content/PDF/FlashReport_March_2026.pdf,1,18.9500,1,75,215,140,-75,108.3871,2026-03,2026-03-01,"Retrospective March 2026 snapshot; use revised cost/date only as outcome labels, not predictive features."
1914,Bargi Diversion Project Phase - III [km. 104 to km 154],Water Resources-MP,400116,-,Madhya Pradesh,04/2007,04/2007,12/2019,12/2026,1229.15,1399.7,2155.66,81.08,155,2026-03-31,https://ipm.mospi.gov.in/Content/PDF/FlashReport_March_2026.pdf,1,13.8754,1,84,227,152,-75,175.3781,2026-03,2026-03-01,"Retrospective March 2026 snapshot; use revised cost/date only as outcome labels, not predictive features."
1915,Gosikhurd CADWM Project,Department of water resources-MH - II,400095,-,Maharashtra,04/2017,04/2017,12/2019,06/2026,743.73,743.73,458.42,53.93,155,2026-03-31,https://ipm.mospi.gov.in/Content/PDF/FlashReport_March_2026.pdf,0,0.0000,1,78,107,32,-75,61.6380,2026-03,2026-03-01,"Retrospective March 2026 snapshot; use revised cost/date only as outcome labels, not predictive features."
1916,Urmodi Irrigation Project,Department of water resources-MH - II,400105,-,Maharashtra,04/2017,04/2018,06/2022,12/2026,580.79,895.81,713.46,76.22,155,2026-03-31,https://ipm.mospi.gov.in/Content/PDF/FlashReport_March_2026.pdf,1,54.2399,1,54,107,62,-45,122.8430,2026-03,2026-03-01,"Retrospective March 2026 snapshot; use revised cost/date only as outcome labels, not predictive features."
1917,Sulwade-Jamphal-Kanoli Lift Irrigation Scheme,Department of water resources-MH - II,400107,-,Maharashtra,04/2017,02/2019,06/2023,06/2027,2407.67,2407.67,2778.84,80.54,155,2026-03-31,https://ipm.mospi.gov.in/Content/PDF/FlashReport_March_2026.pdf,0,0.0000,1,48,107,74,-33,115.4161,2026-03,2026-03-01,"Retrospective March 2026 snapshot; use revised cost/date only as outcome labels, not predictive features."
1918,Purna Barrage-2 [Ner Dhamana] Medium Irrigation Project,Department of water resources-MH - II,400109,-,Maharashtra,04/2017,04/2018,06/2020,06/2026,848.07,888.43,690.49,69.63,155,2026-03-31,https://ipm.mospi.gov.in/Content/PDF/FlashReport_March_2026.pdf,1,4.7590,1,72,107,38,-69,81.4190,2026-03,2026-03-01,"Retrospective March 2026 snapshot; use revised cost/date only as outcome labels, not predictive features."
1919,Jigaon Irrigation Project,Department of water resources-MH - II,400112,-,Maharashtra,04/2017,04/2018,06/2028,,7222.95,7222.95,9587.99,91.0,155,2026-03-31,https://ipm.mospi.gov.in/Content/PDF/FlashReport_March_2026.pdf,0,0.0000,,,107,134,27,132.7434,2026-03,2026-03-01,"Retrospective March 2026 snapshot; use revised cost/date only as outcome labels, not predictive features."
1920,Bodwad Parisar Sinchan Yojna,Department of Water Resources-MH,617422,-,Maharashtra,05/2002,01/2017,07/2027,,1923.81,1923.81,1874.37,49.2,155,2026-03-31,https://ipm.mospi.gov.in/Content/PDF/FlashReport_March_2026.pdf,0,0.0000,,,286,302,16,97.4301,2026-03,2026-03-01,"Retrospective March 2026 snapshot; use revised cost/date only as outcome labels, not predictive features."
1921,Waghur Project,Department of water resources-MH - II,701383,-,Maharashtra,04/1996,04/1996,12/2019,03/2026,1058.99,1758.51,1634.21,89.57,155,2026-03-31,https://ipm.mospi.gov.in/Content/PDF/FlashReport_March_2026.pdf,1,66.0554,1,75,359,284,-75,154.3178,2026-03,2026-03-01,"Retrospective March 2026 snapshot; use revised cost/date only as outcome labels, not predictive features."
1922,Gosikhurd Project,Department of water resources-MH - II,701386,-,Maharashtra,04/2008,04/2008,12/2019,06/2028,7196.47,14302.56,,72.65,156,2026-03-31,https://ipm.mospi.gov.in/Content/PDF/FlashReport_March_2026.pdf,1,98.7441,1,102,215,140,-75,,2026-03,2026-03-01,"Retrospective March 2026 snapshot; use revised cost/date only as outcome labels, not predictive features."
1923,Aruna Medium Irrigation Project,Department of water resources-MH - II,701391,-,Maharashtra,04/2009,01/2010,12/2019,12/2025,210.45,1472.14,1734.71,97.96,156,2026-03-31,https://ipm.mospi.gov.in/Content/PDF/FlashReport_March_2026.pdf,1,599.5201,1,72,203,128,-75,824.2861,2026-03,2026-03-01,"Retrospective March 2026 snapshot; use revised cost/date only as outcome labels, not predictive features."
1924,Lower Pedhi Project,Department of water resources-MH - II,701396,-,Maharashtra,04/2008,04/2008,12/2019,06/2026,255.97,1480.7,1516.11,65.0,156,2026-03-31,https://ipm.mospi.gov.in/Content/PDF/FlashReport_March_2026.pdf,1,478.4662,1,78,215,140,-75,592.2999,2026-03,2026-03-01,"Retrospective March 2026 snapshot; use revised cost/date only as outcome labels, not predictive features."
1925,Nardave Medium Irrigation Project,Department of water resources-MH - II,701398,-,Maharashtra,04/2009,04/2009,12/2019,06/2026,211.46,781.85,626.06,72.59,156,2026-03-31,https://ipm.mospi.gov.in/Content/PDF/FlashReport_March_2026.pdf,1,269.7390,1,78,203,128,-75,296.0654,2026-03,2026-03-01,"Retrospective March 2026 snapshot; use revised cost/date only as outcome labels, not predictive features."
1926,Thoubal Multipurpose Project,Water Resources Department-MN,701400,-,Manipur,04/1997,04/1997,12/2019,03/2026,1449.44,1822.24,1837.91,98.9,156,2026-03-31,https://ipm.mospi.gov.in/Content/PDF/FlashReport_March_2026.pdf,1,25.7203,1,75,347,272,-75,126.8014,2026-03,2026-03-01,"Retrospective March 2026 snapshot; use revised cost/date only as outcome labels, not predictive features."
1927,North Koel Reservoir Project,"Department of Water Resources, River Development & GR",701412,-,Multi-States Jharkhand),08/2017,01/2021,03/2021,03/2026,1622.27,2430.76,172.97,38.0,156,2026-03-31,https://ipm.mospi.gov.in/Content/PDF/FlashReport_March_2026.pdf,1,49.8370,1,60,103,43,-60,10.6622,2026-03,2026-03-01,"Retrospective March 2026 snapshot; use revised cost/date only as outcome labels, not predictive features."
1928,Ken-Betwa Linking Development Project,"Department of Water Resources, River Development,",701530,-,"Multi-States Pradesh, Uttar Pradesh)",NA,03/2022,03/2029,,21030.0,21030.0,8530.86,0.0,156,2026-03-31,https://ipm.mospi.gov.in/Content/PDF/FlashReport_March_2026.pdf,0,0.0000,,,,,36,40.5652,2026-03,2026-03-01,"Retrospective March 2026 snapshot; use revised cost/date only as outcome labels, not predictive features."
1929,Integrated Anandpur Barrage Project,Water Resources-OR,603945,-,Odisha,04/1997,01/1998,12/2019,06/2026,567.03,2990.05,2776.23,62.85,156,2026-03-31,https://ipm.mospi.gov.in/Content/PDF/FlashReport_March_2026.pdf,1,427.3178,1,78,347,272,-75,489.6090,2026-03,2026-03-01,"Retrospective March 2026 snapshot; use revised cost/date only as outcome labels, not predictive features."
1930,"Subernarekha Project, Odisha","Department of Water Resources, River Development & GR",701402,-,Odisha,NA,01/1998,12/2019,03/2026,3055.88,7023.19,8060.82,95.5,156,2026-03-31,https://ipm.mospi.gov.in/Content/PDF/FlashReport_March_2026.pdf,1,129.8255,1,75,,,-75,263.7806,2026-03,2026-03-01,"Retrospective March 2026 snapshot; use revised cost/date only as outcome labels, not predictive features."
1931,Kanupur Irrigation Project,Irrigation and CAD-TG,701404,-,Odisha,04/2003,01/2004,12/2019,06/2026,989.43,2301.28,2804.16,79.5,156,2026-03-31,https://ipm.mospi.gov.in/Content/PDF/FlashReport_March_2026.pdf,1,132.5864,1,78,275,200,-75,283.4117,2026-03,2026-03-01,"Retrospective March 2026 snapshot; use revised cost/date only as outcome labels, not predictive features."
1932,Relining of Rajasthan feeder and Sirhind Feeder canal,Department of Water Resources-PB,701410,-,Punjab,02/2016,04/2018,06/2021,06/2026,1441.26,2462.16,2201.29,85.0,156,2026-03-31,https://ipm.mospi.gov.in/Content/PDF/FlashReport_March_2026.pdf,1,70.8339,1,60,121,64,-57,152.7337,2026-03,2026-03-01,"Retrospective March 2026 snapshot; use revised cost/date only as outcome labels, not predictive features."
1933,Shahpur Kandi Dam Project,Department of Water Resources-PB,701411,-,Punjab,02/2010,04/2018,06/2022,06/2026,2285.81,2715.7,2201.94,88.0,156,2026-03-31,https://ipm.mospi.gov.in/Content/PDF/FlashReport_March_2026.pdf,1,18.8069,1,48,193,148,-45,96.3308,2026-03,2026-03-01,"Retrospective March 2026 snapshot; use revised cost/date only as outcome labels, not predictive features."
1934,Sri Ram Sagar Project Stage - II,Irrigation and CAD-TG,400102,-,Telangana,NA,04/2005,12/2019,12/2025,736.13,949.87,971.47,97.0,156,2026-03-31,https://ipm.mospi.gov.in/Content/PDF/FlashReport_March_2026.pdf,1,29.0356,1,72,,,-75,131.9699,2026-03,2026-03-01,"Retrospective March 2026 snapshot; use revised cost/date only as outcome labels, not predictive features."
1935,Indiramma Flood Flow Canal Project,Irrigation and CAD-TG,400103,-,Telangana,NA,01/2006,12/2019,12/2026,1331.3,5940.09,4491.08,92.0,156,2026-03-31,https://ipm.mospi.gov.in/Content/PDF/FlashReport_March_2026.pdf,1,346.1872,1,84,,,-75,337.3455,2026-03,2026-03-01,"Retrospective March 2026 snapshot; use revised cost/date only as outcome labels, not predictive features."
1936,J. Chokka Rao Devadula Lift Irrigation Scheme,Irrigation and CAD-TG,701405,-,Telangana,04/2006,04/2006,12/2019,12/2025,8200.71,14730.0,4784.54,87.7,156,2026-03-31,https://ipm.mospi.gov.in/Content/PDF/FlashReport_March_2026.pdf,1,79.6186,1,72,239,164,-75,58.3430,2026-03,2026-03-01,"Retrospective March 2026 snapshot; use revised cost/date only as outcome labels, not predictive features."
1937,Rajiv Bhima Lift Irrigation Scheme,Irrigation and CAD-TG,701406,-,Telangana,04/2007,01/2008,12/2019,03/2026,1402.0,2509.66,1839.76,100.0,156,2026-03-31,https://ipm.mospi.gov.in/Content/PDF/FlashReport_March_2026.pdf,1,79.0057,1,75,227,152,-75,131.2240,2026-03,2026-03-01,"Retrospective March 2026 snapshot; use revised cost/date only as outcome labels, not predictive features."
1938,Saryu Nahar CADWM Project,Irrigation & Water Resources-UP,400093,-,Uttar Pradesh,04/2017,04/2017,12/2019,03/2026,1672.7,1672.7,22.24,1.76,156,2026-03-31,https://ipm.mospi.gov.in/Content/PDF/FlashReport_March_2026.pdf,0,0.0000,1,75,107,32,-75,1.3296,2026-03,2026-03-01,"Retrospective March 2026 snapshot; use revised cost/date only as outcome labels, not predictive features."
1939,Morna [Gureghar] Irrigation Project,"Department of Water Resources, River Development & GR",701395,-,Uttar Pradesh,04/2007,12/2007,12/2025,,219.9,219.9,115.2,31.5,156,2026-03-31,https://ipm.mospi.gov.in/Content/PDF/FlashReport_March_2026.pdf,0,0.0000,,,227,224,-3,52.3874,2026-03,2026-03-01,"Retrospective March 2026 snapshot; use revised cost/date only as outcome labels, not predictive features."
1940,Madhya Ganga canal Phase-II,Irrigation & Water Resources-UP,701408,-,Uttar Pradesh,04/2008,04/2008,12/2019,12/2025,1060.67,4417.21,4575.74,82.39,156,2026-03-31,https://ipm.mospi.gov.in/Content/PDF/FlashReport_March_2026.pdf,1,316.4547,1,72,215,140,-75,431.4009,2026-03,2026-03-01,"Retrospective March 2026 snapshot; use revised cost/date only as outcome labels, not predictive features."
1941,Jamrani Dam Multipurpose Project,Irrigation-UK,613787,-,Uttarakhand,10/2023,11/2023,06/2029,,2584.1,2584.1,1267.4,24.77,156,2026-03-31,https://ipm.mospi.gov.in/Content/PDF/FlashReport_March_2026.pdf,0,0.0000,,,29,68,39,49.0461,2026-03,2026-03-01,"Retrospective March 2026 snapshot; use revised cost/date only as outcome labels, not predictive features."
